🦥 Unsloth: Will patch your computer to enable 2x faster free finetuning.
Unsloth: Your Flash Attention 2 installation seems to be broken. Using Xformers instead. No performance changes will be seen.
🦥 Unsloth Zoo will now patch everything to make training faster!
Loading data...
Total examples: 883  |  training set: 706

************************************************************
  Trial 0  |  r=8, alpha=16, lr=9.02e-05
************************************************************

============================================================
  Fold=1/5  |  rank=8, alpha=16, dropout=0.0, lr=9.02e-05
  Train: 564, Val: 142
============================================================

==((====))==  Unsloth 2026.3.18: Fast Qwen3_5_MoE patching. Transformers: 5.3.0.
   \\   /|    NVIDIA RTX 6000 Ada Generation. Num GPUs = 2. Max memory: 47.374 GB. Platform: Linux.
O^O/ \_/ \    Torch: 2.11.0+cu130. CUDA: 8.9. CUDA Toolkit: 13.0. Triton: 3.6.0
\        /    Bfloat16 = TRUE. FA [Xformers = 0.0.35. FA2 = False]
 "-____-"     Free license: http://github.com/unslothai/unsloth
Unsloth: Fast downloading is enabled - ignore downloading bars which are red colored!
Unsloth: Detected MoE model with num_experts = 256 and target_modules = ['q_proj', 'k_proj', 'v_proj', 'o_proj', 'gate_proj', 'up_proj', 'down_proj']. Enabling LoRA on MoE parameters: ['mlp.experts.gate_up_proj', 'mlp.experts.down_proj']
Unsloth: Making `model.base_model.model.model.language_model` require gradients
{'loss': '17.58', 'grad_norm': '0.9243', 'learning_rate': '3.608e-05', 'epoch': '0.07092'}
{'loss': '16.79', 'grad_norm': '0.8166', 'learning_rate': '8.118e-05', 'epoch': '0.1418'}
{'loss': '15.08', 'grad_norm': '0.7991', 'learning_rate': '8.915e-05', 'epoch': '0.2128'}
{'loss': '13.25', 'grad_norm': '0.9128', 'learning_rate': '8.784e-05', 'epoch': '0.2837'}
{'loss': '11.24', 'grad_norm': '1.042', 'learning_rate': '8.654e-05', 'epoch': '0.3546'}
{'loss': '8.742', 'grad_norm': '1.192', 'learning_rate': '8.523e-05', 'epoch': '0.4255'}
{'loss': '6.232', 'grad_norm': '1.518', 'learning_rate': '8.392e-05', 'epoch': '0.4965'}
{'loss': '3.761', 'grad_norm': '1.425', 'learning_rate': '8.262e-05', 'epoch': '0.5674'}
{'loss': '2.004', 'grad_norm': '0.8954', 'learning_rate': '8.131e-05', 'epoch': '0.6383'}
{'loss': '1.053', 'grad_norm': '0.4472', 'learning_rate': '8e-05', 'epoch': '0.7092'}
{'eval_loss': '0.1079', 'eval_runtime': '22.96', 'eval_samples_per_second': '6.185', 'eval_steps_per_second': '1.568', 'epoch': '0.7092'}
{'loss': '0.7605', 'grad_norm': '0.3126', 'learning_rate': '7.869e-05', 'epoch': '0.7801'}
{'loss': '0.7268', 'grad_norm': '0.2232', 'learning_rate': '7.739e-05', 'epoch': '0.8511'}
{'loss': '0.6984', 'grad_norm': '0.2016', 'learning_rate': '7.608e-05', 'epoch': '0.922'}
{'loss': '0.6066', 'grad_norm': '0.1522', 'learning_rate': '7.477e-05', 'epoch': '0.9929'}
{'loss': '0.5778', 'grad_norm': '0.161', 'learning_rate': '7.347e-05', 'epoch': '1.057'}
{'loss': '0.6214', 'grad_norm': '0.1577', 'learning_rate': '7.216e-05', 'epoch': '1.128'}
{'loss': '0.6563', 'grad_norm': '0.1396', 'learning_rate': '7.085e-05', 'epoch': '1.199'}
{'loss': '0.6515', 'grad_norm': '0.1133', 'learning_rate': '6.954e-05', 'epoch': '1.27'}
{'loss': '0.5631', 'grad_norm': '0.114', 'learning_rate': '6.824e-05', 'epoch': '1.34'}
{'loss': '0.6082', 'grad_norm': '0.1184', 'learning_rate': '6.693e-05', 'epoch': '1.411'}
{'eval_loss': '0.07862', 'eval_runtime': '24.05', 'eval_samples_per_second': '5.905', 'eval_steps_per_second': '1.497', 'epoch': '1.411'}
{'loss': '0.6096', 'grad_norm': '0.1127', 'learning_rate': '6.562e-05', 'epoch': '1.482'}
{'loss': '0.615', 'grad_norm': '0.1078', 'learning_rate': '6.431e-05', 'epoch': '1.553'}
{'loss': '0.6091', 'grad_norm': '0.1315', 'learning_rate': '6.301e-05', 'epoch': '1.624'}
{'loss': '0.5632', 'grad_norm': '0.1059', 'learning_rate': '6.17e-05', 'epoch': '1.695'}
{'loss': '0.5899', 'grad_norm': '0.1157', 'learning_rate': '6.039e-05', 'epoch': '1.766'}
{'loss': '0.6086', 'grad_norm': '0.1181', 'learning_rate': '5.909e-05', 'epoch': '1.837'}
{'loss': '0.5245', 'grad_norm': '0.1041', 'learning_rate': '5.778e-05', 'epoch': '1.908'}
{'loss': '0.5761', 'grad_norm': '0.1234', 'learning_rate': '5.647e-05', 'epoch': '1.979'}
{'loss': '0.4967', 'grad_norm': '0.09789', 'learning_rate': '5.516e-05', 'epoch': '2.043'}
{'loss': '0.5528', 'grad_norm': '0.1048', 'learning_rate': '5.386e-05', 'epoch': '2.113'}
{'eval_loss': '0.07515', 'eval_runtime': '22.9', 'eval_samples_per_second': '6.202', 'eval_steps_per_second': '1.572', 'epoch': '2.113'}
{'loss': '0.5589', 'grad_norm': '0.0955', 'learning_rate': '5.255e-05', 'epoch': '2.184'}
{'loss': '0.5529', 'grad_norm': '0.09847', 'learning_rate': '5.124e-05', 'epoch': '2.255'}
{'loss': '0.5606', 'grad_norm': '0.1119', 'learning_rate': '4.994e-05', 'epoch': '2.326'}
{'loss': '0.5172', 'grad_norm': '0.1213', 'learning_rate': '4.863e-05', 'epoch': '2.397'}
{'loss': '0.5528', 'grad_norm': '0.1133', 'learning_rate': '4.732e-05', 'epoch': '2.468'}
{'loss': '0.5903', 'grad_norm': '0.1222', 'learning_rate': '4.601e-05', 'epoch': '2.539'}
{'loss': '0.5483', 'grad_norm': '0.1307', 'learning_rate': '4.471e-05', 'epoch': '2.61'}
{'loss': '0.5607', 'grad_norm': '0.0965', 'learning_rate': '4.34e-05', 'epoch': '2.681'}
{'loss': '0.5892', 'grad_norm': '0.1159', 'learning_rate': '4.209e-05', 'epoch': '2.752'}
{'loss': '0.5463', 'grad_norm': '0.1074', 'learning_rate': '4.078e-05', 'epoch': '2.823'}
{'eval_loss': '0.07401', 'eval_runtime': '23.83', 'eval_samples_per_second': '5.959', 'eval_steps_per_second': '1.511', 'epoch': '2.823'}
{'loss': '0.5768', 'grad_norm': '0.1107', 'learning_rate': '3.948e-05', 'epoch': '2.894'}
{'loss': '0.6074', 'grad_norm': '0.116', 'learning_rate': '3.817e-05', 'epoch': '2.965'}
{'loss': '0.4731', 'grad_norm': '0.09537', 'learning_rate': '3.686e-05', 'epoch': '3.028'}
{'loss': '0.5685', 'grad_norm': '0.1076', 'learning_rate': '3.556e-05', 'epoch': '3.099'}
{'loss': '0.5603', 'grad_norm': '0.1075', 'learning_rate': '3.425e-05', 'epoch': '3.17'}
{'loss': '0.5702', 'grad_norm': '0.1118', 'learning_rate': '3.294e-05', 'epoch': '3.241'}
{'loss': '0.5022', 'grad_norm': '0.09426', 'learning_rate': '3.163e-05', 'epoch': '3.312'}
{'loss': '0.4952', 'grad_norm': '0.1175', 'learning_rate': '3.033e-05', 'epoch': '3.383'}
{'loss': '0.5787', 'grad_norm': '0.09722', 'learning_rate': '2.902e-05', 'epoch': '3.454'}
{'loss': '0.5412', 'grad_norm': '0.1021', 'learning_rate': '2.771e-05', 'epoch': '3.525'}
{'eval_loss': '0.07357', 'eval_runtime': '23.98', 'eval_samples_per_second': '5.922', 'eval_steps_per_second': '1.501', 'epoch': '3.525'}
{'loss': '0.552', 'grad_norm': '0.1013', 'learning_rate': '2.641e-05', 'epoch': '3.596'}
{'loss': '0.6016', 'grad_norm': '0.1134', 'learning_rate': '2.51e-05', 'epoch': '3.667'}
{'loss': '0.5838', 'grad_norm': '0.1147', 'learning_rate': '2.379e-05', 'epoch': '3.738'}
{'loss': '0.512', 'grad_norm': '0.1035', 'learning_rate': '2.248e-05', 'epoch': '3.809'}
{'loss': '0.5886', 'grad_norm': '0.0977', 'learning_rate': '2.118e-05', 'epoch': '3.879'}
{'loss': '0.498', 'grad_norm': '0.09061', 'learning_rate': '1.987e-05', 'epoch': '3.95'}
{'loss': '0.4877', 'grad_norm': '0.08731', 'learning_rate': '1.856e-05', 'epoch': '4.014'}
{'loss': '0.5687', 'grad_norm': '0.1162', 'learning_rate': '1.726e-05', 'epoch': '4.085'}
{'loss': '0.5683', 'grad_norm': '0.1062', 'learning_rate': '1.595e-05', 'epoch': '4.156'}
{'loss': '0.5249', 'grad_norm': '0.1067', 'learning_rate': '1.464e-05', 'epoch': '4.227'}
{'eval_loss': '0.07323', 'eval_runtime': '23.9', 'eval_samples_per_second': '5.941', 'eval_steps_per_second': '1.506', 'epoch': '4.227'}
{'loss': '0.5825', 'grad_norm': '0.1102', 'learning_rate': '1.333e-05', 'epoch': '4.298'}
{'loss': '0.5333', 'grad_norm': '0.0951', 'learning_rate': '1.203e-05', 'epoch': '4.369'}
{'loss': '0.5265', 'grad_norm': '0.1072', 'learning_rate': '1.072e-05', 'epoch': '4.44'}
{'loss': '0.5435', 'grad_norm': '0.09659', 'learning_rate': '9.412e-06', 'epoch': '4.511'}
{'loss': '0.5146', 'grad_norm': '0.09983', 'learning_rate': '8.105e-06', 'epoch': '4.582'}
{'loss': '0.5008', 'grad_norm': '0.1011', 'learning_rate': '6.797e-06', 'epoch': '4.652'}
{'loss': '0.5492', 'grad_norm': '0.09539', 'learning_rate': '5.49e-06', 'epoch': '4.723'}
{'loss': '0.542', 'grad_norm': '0.09568', 'learning_rate': '4.183e-06', 'epoch': '4.794'}
{'loss': '0.5396', 'grad_norm': '0.09945', 'learning_rate': '2.876e-06', 'epoch': '4.865'}
{'loss': '0.4993', 'grad_norm': '0.1135', 'learning_rate': '1.569e-06', 'epoch': '4.936'}
{'eval_loss': '0.07319', 'eval_runtime': '23.55', 'eval_samples_per_second': '6.03', 'eval_steps_per_second': '1.529', 'epoch': '4.936'}
{'loss': '0.558', 'grad_norm': '0.06824', 'learning_rate': '2.614e-07', 'epoch': '5'}
{'train_runtime': '4404', 'train_samples_per_second': '0.64', 'train_steps_per_second': '0.081', 'train_loss': '1.836', 'epoch': '5'}

  Val F1: 0.9560  |  stopped at epoch: 5.00

============================================================
  Fold=2/5  |  rank=8, alpha=16, dropout=0.0, lr=9.02e-05
  Train: 565, Val: 141
============================================================

==((====))==  Unsloth 2026.3.18: Fast Qwen3_5_MoE patching. Transformers: 5.3.0.
   \\   /|    NVIDIA RTX 6000 Ada Generation. Num GPUs = 2. Max memory: 47.374 GB. Platform: Linux.
O^O/ \_/ \    Torch: 2.11.0+cu130. CUDA: 8.9. CUDA Toolkit: 13.0. Triton: 3.6.0
\        /    Bfloat16 = TRUE. FA [Xformers = 0.0.35. FA2 = False]
 "-____-"     Free license: http://github.com/unslothai/unsloth
Unsloth: Fast downloading is enabled - ignore downloading bars which are red colored!
Unsloth: Detected MoE model with num_experts = 256 and target_modules = ['q_proj', 'k_proj', 'v_proj', 'o_proj', 'gate_proj', 'up_proj', 'down_proj']. Enabling LoRA on MoE parameters: ['mlp.experts.gate_up_proj', 'mlp.experts.down_proj']
Unsloth: Making `model.base_model.model.model.language_model` require gradients
{'loss': '17.56', 'grad_norm': '0.9272', 'learning_rate': '3.608e-05', 'epoch': '0.0708'}
{'loss': '16.85', 'grad_norm': '0.8458', 'learning_rate': '8.118e-05', 'epoch': '0.1416'}
{'loss': '15.15', 'grad_norm': '0.8009', 'learning_rate': '8.915e-05', 'epoch': '0.2124'}
{'loss': '13.34', 'grad_norm': '0.9176', 'learning_rate': '8.784e-05', 'epoch': '0.2832'}
{'loss': '11.34', 'grad_norm': '1.038', 'learning_rate': '8.654e-05', 'epoch': '0.354'}
{'loss': '8.924', 'grad_norm': '1.178', 'learning_rate': '8.523e-05', 'epoch': '0.4248'}
{'loss': '6.384', 'grad_norm': '1.683', 'learning_rate': '8.392e-05', 'epoch': '0.4956'}
{'loss': '3.925', 'grad_norm': '1.435', 'learning_rate': '8.262e-05', 'epoch': '0.5664'}
{'loss': '2.084', 'grad_norm': '1.044', 'learning_rate': '8.131e-05', 'epoch': '0.6372'}
{'loss': '1.116', 'grad_norm': '0.461', 'learning_rate': '8e-05', 'epoch': '0.708'}
{'eval_loss': '0.1079', 'eval_runtime': '23.02', 'eval_samples_per_second': '6.124', 'eval_steps_per_second': '1.564', 'epoch': '0.708'}
{'loss': '0.8219', 'grad_norm': '0.4002', 'learning_rate': '7.869e-05', 'epoch': '0.7788'}
{'loss': '0.7114', 'grad_norm': '0.1864', 'learning_rate': '7.739e-05', 'epoch': '0.8496'}
{'loss': '0.7134', 'grad_norm': '0.177', 'learning_rate': '7.608e-05', 'epoch': '0.9204'}
{'loss': '0.6987', 'grad_norm': '0.134', 'learning_rate': '7.477e-05', 'epoch': '0.9912'}
{'loss': '0.6159', 'grad_norm': '0.1435', 'learning_rate': '7.347e-05', 'epoch': '1.057'}
{'loss': '0.6458', 'grad_norm': '0.149', 'learning_rate': '7.216e-05', 'epoch': '1.127'}
{'loss': '0.6395', 'grad_norm': '0.1314', 'learning_rate': '7.085e-05', 'epoch': '1.198'}
{'loss': '0.5693', 'grad_norm': '0.1297', 'learning_rate': '6.954e-05', 'epoch': '1.269'}
{'loss': '0.5817', 'grad_norm': '0.1518', 'learning_rate': '6.824e-05', 'epoch': '1.34'}
{'loss': '0.5771', 'grad_norm': '0.1117', 'learning_rate': '6.693e-05', 'epoch': '1.411'}
{'eval_loss': '0.0765', 'eval_runtime': '23.74', 'eval_samples_per_second': '5.94', 'eval_steps_per_second': '1.517', 'epoch': '1.411'}
{'loss': '0.5515', 'grad_norm': '0.1032', 'learning_rate': '6.562e-05', 'epoch': '1.481'}
{'loss': '0.6145', 'grad_norm': '0.1239', 'learning_rate': '6.431e-05', 'epoch': '1.552'}
{'loss': '0.6579', 'grad_norm': '0.1321', 'learning_rate': '6.301e-05', 'epoch': '1.623'}
{'loss': '0.6467', 'grad_norm': '0.1324', 'learning_rate': '6.17e-05', 'epoch': '1.694'}
{'loss': '0.5738', 'grad_norm': '0.1191', 'learning_rate': '6.039e-05', 'epoch': '1.765'}
{'loss': '0.6344', 'grad_norm': '0.1209', 'learning_rate': '5.909e-05', 'epoch': '1.835'}
{'loss': '0.5988', 'grad_norm': '0.108', 'learning_rate': '5.778e-05', 'epoch': '1.906'}
{'loss': '0.598', 'grad_norm': '0.1201', 'learning_rate': '5.647e-05', 'epoch': '1.977'}
{'loss': '0.4819', 'grad_norm': '0.1005', 'learning_rate': '5.516e-05', 'epoch': '2.042'}
{'loss': '0.5881', 'grad_norm': '0.1328', 'learning_rate': '5.386e-05', 'epoch': '2.113'}
{'eval_loss': '0.07247', 'eval_runtime': '23.55', 'eval_samples_per_second': '5.987', 'eval_steps_per_second': '1.529', 'epoch': '2.113'}
{'loss': '0.5485', 'grad_norm': '0.116', 'learning_rate': '5.255e-05', 'epoch': '2.184'}
{'loss': '0.4917', 'grad_norm': '0.08467', 'learning_rate': '5.124e-05', 'epoch': '2.255'}
{'loss': '0.5688', 'grad_norm': '0.101', 'learning_rate': '4.994e-05', 'epoch': '2.326'}
{'loss': '0.5685', 'grad_norm': '0.1118', 'learning_rate': '4.863e-05', 'epoch': '2.396'}
{'loss': '0.6508', 'grad_norm': '0.1193', 'learning_rate': '4.732e-05', 'epoch': '2.467'}
{'loss': '0.5661', 'grad_norm': '0.1195', 'learning_rate': '4.601e-05', 'epoch': '2.538'}
{'loss': '0.5777', 'grad_norm': '0.1086', 'learning_rate': '4.471e-05', 'epoch': '2.609'}
{'loss': '0.5567', 'grad_norm': '0.09797', 'learning_rate': '4.34e-05', 'epoch': '2.68'}
{'loss': '0.6131', 'grad_norm': '0.1245', 'learning_rate': '4.209e-05', 'epoch': '2.75'}
{'loss': '0.5291', 'grad_norm': '0.1034', 'learning_rate': '4.078e-05', 'epoch': '2.821'}
{'eval_loss': '0.0713', 'eval_runtime': '23.34', 'eval_samples_per_second': '6.041', 'eval_steps_per_second': '1.542', 'epoch': '2.821'}
{'loss': '0.598', 'grad_norm': '0.1223', 'learning_rate': '3.948e-05', 'epoch': '2.892'}
{'loss': '0.5195', 'grad_norm': '0.09935', 'learning_rate': '3.817e-05', 'epoch': '2.963'}
{'loss': '0.5382', 'grad_norm': '0.1175', 'learning_rate': '3.686e-05', 'epoch': '3.028'}
{'loss': '0.5406', 'grad_norm': '0.1083', 'learning_rate': '3.556e-05', 'epoch': '3.099'}
{'loss': '0.5834', 'grad_norm': '0.1397', 'learning_rate': '3.425e-05', 'epoch': '3.17'}
{'loss': '0.5929', 'grad_norm': '0.09531', 'learning_rate': '3.294e-05', 'epoch': '3.241'}
{'loss': '0.5196', 'grad_norm': '0.09028', 'learning_rate': '3.163e-05', 'epoch': '3.312'}
{'loss': '0.5798', 'grad_norm': '0.1092', 'learning_rate': '3.033e-05', 'epoch': '3.382'}
{'loss': '0.5479', 'grad_norm': '0.1062', 'learning_rate': '2.902e-05', 'epoch': '3.453'}
{'loss': '0.5469', 'grad_norm': '0.09876', 'learning_rate': '2.771e-05', 'epoch': '3.524'}
{'eval_loss': '0.0708', 'eval_runtime': '23.23', 'eval_samples_per_second': '6.07', 'eval_steps_per_second': '1.55', 'epoch': '3.524'}
{'loss': '0.5606', 'grad_norm': '0.1183', 'learning_rate': '2.641e-05', 'epoch': '3.595'}
{'loss': '0.5527', 'grad_norm': '0.09523', 'learning_rate': '2.51e-05', 'epoch': '3.665'}
{'loss': '0.5499', 'grad_norm': '0.1073', 'learning_rate': '2.379e-05', 'epoch': '3.736'}
{'loss': '0.5248', 'grad_norm': '0.09799', 'learning_rate': '2.248e-05', 'epoch': '3.807'}
{'loss': '0.5757', 'grad_norm': '0.1035', 'learning_rate': '2.118e-05', 'epoch': '3.878'}
{'loss': '0.502', 'grad_norm': '0.1064', 'learning_rate': '1.987e-05', 'epoch': '3.949'}
{'loss': '0.557', 'grad_norm': '0.1407', 'learning_rate': '1.856e-05', 'epoch': '4.014'}
{'loss': '0.5647', 'grad_norm': '0.1071', 'learning_rate': '1.726e-05', 'epoch': '4.085'}
{'loss': '0.5824', 'grad_norm': '0.0895', 'learning_rate': '1.595e-05', 'epoch': '4.156'}
{'loss': '0.5911', 'grad_norm': '0.1021', 'learning_rate': '1.464e-05', 'epoch': '4.227'}
{'eval_loss': '0.07059', 'eval_runtime': '22.47', 'eval_samples_per_second': '6.274', 'eval_steps_per_second': '1.602', 'epoch': '4.227'}
{'loss': '0.5402', 'grad_norm': '0.09731', 'learning_rate': '1.333e-05', 'epoch': '4.297'}
{'loss': '0.4866', 'grad_norm': '0.1064', 'learning_rate': '1.203e-05', 'epoch': '4.368'}
{'loss': '0.5801', 'grad_norm': '0.1122', 'learning_rate': '1.072e-05', 'epoch': '4.439'}
{'loss': '0.5323', 'grad_norm': '0.1072', 'learning_rate': '9.412e-06', 'epoch': '4.51'}
{'loss': '0.5737', 'grad_norm': '0.09218', 'learning_rate': '8.105e-06', 'epoch': '4.581'}
{'loss': '0.532', 'grad_norm': '0.09318', 'learning_rate': '6.797e-06', 'epoch': '4.651'}
{'loss': '0.5514', 'grad_norm': '0.1006', 'learning_rate': '5.49e-06', 'epoch': '4.722'}
{'loss': '0.5409', 'grad_norm': '0.09744', 'learning_rate': '4.183e-06', 'epoch': '4.793'}
{'loss': '0.5041', 'grad_norm': '0.103', 'learning_rate': '2.876e-06', 'epoch': '4.864'}
{'loss': '0.5243', 'grad_norm': '0.09714', 'learning_rate': '1.569e-06', 'epoch': '4.935'}
{'eval_loss': '0.07048', 'eval_runtime': '23.07', 'eval_samples_per_second': '6.112', 'eval_steps_per_second': '1.561', 'epoch': '4.935'}
{'loss': '0.4936', 'grad_norm': '0.07703', 'learning_rate': '2.614e-07', 'epoch': '5'}
{'train_runtime': '4412', 'train_samples_per_second': '0.64', 'train_steps_per_second': '0.08', 'train_loss': '1.857', 'epoch': '5'}

  Val F1: 0.9576  |  stopped at epoch: 5.00

============================================================
  Fold=3/5  |  rank=8, alpha=16, dropout=0.0, lr=9.02e-05
  Train: 565, Val: 141
============================================================

==((====))==  Unsloth 2026.3.18: Fast Qwen3_5_MoE patching. Transformers: 5.3.0.
   \\   /|    NVIDIA RTX 6000 Ada Generation. Num GPUs = 2. Max memory: 47.374 GB. Platform: Linux.
O^O/ \_/ \    Torch: 2.11.0+cu130. CUDA: 8.9. CUDA Toolkit: 13.0. Triton: 3.6.0
\        /    Bfloat16 = TRUE. FA [Xformers = 0.0.35. FA2 = False]
 "-____-"     Free license: http://github.com/unslothai/unsloth
Unsloth: Fast downloading is enabled - ignore downloading bars which are red colored!
Unsloth: Detected MoE model with num_experts = 256 and target_modules = ['q_proj', 'k_proj', 'v_proj', 'o_proj', 'gate_proj', 'up_proj', 'down_proj']. Enabling LoRA on MoE parameters: ['mlp.experts.gate_up_proj', 'mlp.experts.down_proj']
Unsloth: Making `model.base_model.model.model.language_model` require gradients
{'loss': '17.56', 'grad_norm': '0.9144', 'learning_rate': '3.608e-05', 'epoch': '0.0708'}
{'loss': '16.79', 'grad_norm': '0.8187', 'learning_rate': '8.118e-05', 'epoch': '0.1416'}
{'loss': '15.1', 'grad_norm': '0.7979', 'learning_rate': '8.915e-05', 'epoch': '0.2124'}
{'loss': '13.27', 'grad_norm': '0.9148', 'learning_rate': '8.784e-05', 'epoch': '0.2832'}
{'loss': '11.25', 'grad_norm': '1.039', 'learning_rate': '8.654e-05', 'epoch': '0.354'}
{'loss': '8.757', 'grad_norm': '1.191', 'learning_rate': '8.523e-05', 'epoch': '0.4248'}
{'loss': '6.2', 'grad_norm': '1.557', 'learning_rate': '8.392e-05', 'epoch': '0.4956'}
{'loss': '3.805', 'grad_norm': '1.411', 'learning_rate': '8.262e-05', 'epoch': '0.5664'}
{'loss': '1.989', 'grad_norm': '0.8454', 'learning_rate': '8.131e-05', 'epoch': '0.6372'}
{'loss': '1.005', 'grad_norm': '0.4876', 'learning_rate': '8e-05', 'epoch': '0.708'}
{'eval_loss': '0.1066', 'eval_runtime': '23.19', 'eval_samples_per_second': '6.079', 'eval_steps_per_second': '1.552', 'epoch': '0.708'}
{'loss': '0.7925', 'grad_norm': '0.2398', 'learning_rate': '7.869e-05', 'epoch': '0.7788'}
{'loss': '0.7685', 'grad_norm': '0.1918', 'learning_rate': '7.739e-05', 'epoch': '0.8496'}
{'loss': '0.6725', 'grad_norm': '0.176', 'learning_rate': '7.608e-05', 'epoch': '0.9204'}
{'loss': '0.6246', 'grad_norm': '0.1518', 'learning_rate': '7.477e-05', 'epoch': '0.9912'}
{'loss': '0.5632', 'grad_norm': '0.1392', 'learning_rate': '7.347e-05', 'epoch': '1.057'}
{'loss': '0.6248', 'grad_norm': '0.1487', 'learning_rate': '7.216e-05', 'epoch': '1.127'}
{'loss': '0.6224', 'grad_norm': '0.136', 'learning_rate': '7.085e-05', 'epoch': '1.198'}
{'loss': '0.5935', 'grad_norm': '0.1484', 'learning_rate': '6.954e-05', 'epoch': '1.269'}
{'loss': '0.6286', 'grad_norm': '0.1189', 'learning_rate': '6.824e-05', 'epoch': '1.34'}
{'loss': '0.5911', 'grad_norm': '0.1127', 'learning_rate': '6.693e-05', 'epoch': '1.411'}
{'eval_loss': '0.0775', 'eval_runtime': '22.98', 'eval_samples_per_second': '6.136', 'eval_steps_per_second': '1.567', 'epoch': '1.411'}
{'loss': '0.5692', 'grad_norm': '0.09564', 'learning_rate': '6.562e-05', 'epoch': '1.481'}
{'loss': '0.6428', 'grad_norm': '0.1164', 'learning_rate': '6.431e-05', 'epoch': '1.552'}
{'loss': '0.6237', 'grad_norm': '0.1089', 'learning_rate': '6.301e-05', 'epoch': '1.623'}
{'loss': '0.5776', 'grad_norm': '0.1176', 'learning_rate': '6.17e-05', 'epoch': '1.694'}
{'loss': '0.5819', 'grad_norm': '0.1126', 'learning_rate': '6.039e-05', 'epoch': '1.765'}
{'loss': '0.5424', 'grad_norm': '0.1184', 'learning_rate': '5.909e-05', 'epoch': '1.835'}
{'loss': '0.6346', 'grad_norm': '0.1177', 'learning_rate': '5.778e-05', 'epoch': '1.906'}
{'loss': '0.6', 'grad_norm': '0.1478', 'learning_rate': '5.647e-05', 'epoch': '1.977'}
{'loss': '0.5798', 'grad_norm': '0.1086', 'learning_rate': '5.516e-05', 'epoch': '2.042'}
{'loss': '0.4982', 'grad_norm': '0.1132', 'learning_rate': '5.386e-05', 'epoch': '2.113'}
{'eval_loss': '0.0737', 'eval_runtime': '23.16', 'eval_samples_per_second': '6.089', 'eval_steps_per_second': '1.555', 'epoch': '2.113'}
{'loss': '0.5697', 'grad_norm': '0.09795', 'learning_rate': '5.255e-05', 'epoch': '2.184'}
{'loss': '0.6147', 'grad_norm': '0.1049', 'learning_rate': '5.124e-05', 'epoch': '2.255'}
{'loss': '0.5954', 'grad_norm': '0.1123', 'learning_rate': '4.994e-05', 'epoch': '2.326'}
{'loss': '0.5809', 'grad_norm': '0.1064', 'learning_rate': '4.863e-05', 'epoch': '2.396'}
{'loss': '0.5546', 'grad_norm': '0.09662', 'learning_rate': '4.732e-05', 'epoch': '2.467'}
{'loss': '0.5829', 'grad_norm': '0.1006', 'learning_rate': '4.601e-05', 'epoch': '2.538'}
{'loss': '0.5857', 'grad_norm': '0.1108', 'learning_rate': '4.471e-05', 'epoch': '2.609'}
{'loss': '0.4942', 'grad_norm': '0.09085', 'learning_rate': '4.34e-05', 'epoch': '2.68'}
{'loss': '0.5424', 'grad_norm': '0.09727', 'learning_rate': '4.209e-05', 'epoch': '2.75'}
{'loss': '0.5376', 'grad_norm': '0.108', 'learning_rate': '4.078e-05', 'epoch': '2.821'}
{'eval_loss': '0.07239', 'eval_runtime': '23.39', 'eval_samples_per_second': '6.028', 'eval_steps_per_second': '1.539', 'epoch': '2.821'}
{'loss': '0.5509', 'grad_norm': '0.108', 'learning_rate': '3.948e-05', 'epoch': '2.892'}
{'loss': '0.5763', 'grad_norm': '0.1118', 'learning_rate': '3.817e-05', 'epoch': '2.963'}
{'loss': '0.555', 'grad_norm': '0.09985', 'learning_rate': '3.686e-05', 'epoch': '3.028'}
{'loss': '0.5412', 'grad_norm': '0.09571', 'learning_rate': '3.556e-05', 'epoch': '3.099'}
{'loss': '0.5559', 'grad_norm': '0.0965', 'learning_rate': '3.425e-05', 'epoch': '3.17'}
{'loss': '0.6076', 'grad_norm': '0.09249', 'learning_rate': '3.294e-05', 'epoch': '3.241'}
{'loss': '0.5562', 'grad_norm': '0.09708', 'learning_rate': '3.163e-05', 'epoch': '3.312'}
{'loss': '0.5928', 'grad_norm': '0.1046', 'learning_rate': '3.033e-05', 'epoch': '3.382'}
{'loss': '0.5365', 'grad_norm': '0.08997', 'learning_rate': '2.902e-05', 'epoch': '3.453'}
{'loss': '0.5445', 'grad_norm': '0.1305', 'learning_rate': '2.771e-05', 'epoch': '3.524'}
{'eval_loss': '0.0719', 'eval_runtime': '23.17', 'eval_samples_per_second': '6.085', 'eval_steps_per_second': '1.554', 'epoch': '3.524'}
{'loss': '0.525', 'grad_norm': '0.08532', 'learning_rate': '2.641e-05', 'epoch': '3.595'}
{'loss': '0.4993', 'grad_norm': '0.1028', 'learning_rate': '2.51e-05', 'epoch': '3.665'}
{'loss': '0.5689', 'grad_norm': '0.1029', 'learning_rate': '2.379e-05', 'epoch': '3.736'}
{'loss': '0.5074', 'grad_norm': '0.1086', 'learning_rate': '2.248e-05', 'epoch': '3.807'}
{'loss': '0.5606', 'grad_norm': '0.1196', 'learning_rate': '2.118e-05', 'epoch': '3.878'}
{'loss': '0.5598', 'grad_norm': '0.1068', 'learning_rate': '1.987e-05', 'epoch': '3.949'}
{'loss': '0.5537', 'grad_norm': '0.1215', 'learning_rate': '1.856e-05', 'epoch': '4.014'}
{'loss': '0.548', 'grad_norm': '0.1004', 'learning_rate': '1.726e-05', 'epoch': '4.085'}
{'loss': '0.5272', 'grad_norm': '0.1003', 'learning_rate': '1.595e-05', 'epoch': '4.156'}
{'loss': '0.5326', 'grad_norm': '0.1008', 'learning_rate': '1.464e-05', 'epoch': '4.227'}
{'eval_loss': '0.07143', 'eval_runtime': '23.22', 'eval_samples_per_second': '6.072', 'eval_steps_per_second': '1.55', 'epoch': '4.227'}
{'loss': '0.5805', 'grad_norm': '0.1277', 'learning_rate': '1.333e-05', 'epoch': '4.297'}
{'loss': '0.5628', 'grad_norm': '0.08916', 'learning_rate': '1.203e-05', 'epoch': '4.368'}
{'loss': '0.5417', 'grad_norm': '0.1101', 'learning_rate': '1.072e-05', 'epoch': '4.439'}
{'loss': '0.5531', 'grad_norm': '0.1083', 'learning_rate': '9.412e-06', 'epoch': '4.51'}
{'loss': '0.5378', 'grad_norm': '0.09758', 'learning_rate': '8.105e-06', 'epoch': '4.581'}
{'loss': '0.5271', 'grad_norm': '0.09381', 'learning_rate': '6.797e-06', 'epoch': '4.651'}
{'loss': '0.4759', 'grad_norm': '0.09307', 'learning_rate': '5.49e-06', 'epoch': '4.722'}
{'loss': '0.5674', 'grad_norm': '0.09255', 'learning_rate': '4.183e-06', 'epoch': '4.793'}
{'loss': '0.5566', 'grad_norm': '0.1048', 'learning_rate': '2.876e-06', 'epoch': '4.864'}
{'loss': '0.518', 'grad_norm': '0.1013', 'learning_rate': '1.569e-06', 'epoch': '4.935'}
{'eval_loss': '0.07132', 'eval_runtime': '23.5', 'eval_samples_per_second': '6.001', 'eval_steps_per_second': '1.532', 'epoch': '4.935'}
{'loss': '0.5424', 'grad_norm': '0.08951', 'learning_rate': '2.614e-07', 'epoch': '5'}
{'train_runtime': '4375', 'train_samples_per_second': '0.646', 'train_steps_per_second': '0.081', 'train_loss': '1.841', 'epoch': '5'}

  Val F1: 0.9693  |  stopped at epoch: 5.00

============================================================
  Fold=4/5  |  rank=8, alpha=16, dropout=0.0, lr=9.02e-05
  Train: 565, Val: 141
============================================================

==((====))==  Unsloth 2026.3.18: Fast Qwen3_5_MoE patching. Transformers: 5.3.0.
   \\   /|    NVIDIA RTX 6000 Ada Generation. Num GPUs = 2. Max memory: 47.374 GB. Platform: Linux.
O^O/ \_/ \    Torch: 2.11.0+cu130. CUDA: 8.9. CUDA Toolkit: 13.0. Triton: 3.6.0
\        /    Bfloat16 = TRUE. FA [Xformers = 0.0.35. FA2 = False]
 "-____-"     Free license: http://github.com/unslothai/unsloth
Unsloth: Fast downloading is enabled - ignore downloading bars which are red colored!
Unsloth: Detected MoE model with num_experts = 256 and target_modules = ['q_proj', 'k_proj', 'v_proj', 'o_proj', 'gate_proj', 'up_proj', 'down_proj']. Enabling LoRA on MoE parameters: ['mlp.experts.gate_up_proj', 'mlp.experts.down_proj']
Unsloth: Making `model.base_model.model.model.language_model` require gradients
{'loss': '17.63', 'grad_norm': '0.9171', 'learning_rate': '3.608e-05', 'epoch': '0.0708'}
{'loss': '16.85', 'grad_norm': '0.8203', 'learning_rate': '8.118e-05', 'epoch': '0.1416'}
{'loss': '15.08', 'grad_norm': '0.7974', 'learning_rate': '8.915e-05', 'epoch': '0.2124'}
{'loss': '13.25', 'grad_norm': '0.9189', 'learning_rate': '8.784e-05', 'epoch': '0.2832'}
{'loss': '11.25', 'grad_norm': '1.039', 'learning_rate': '8.654e-05', 'epoch': '0.354'}
{'loss': '8.746', 'grad_norm': '1.195', 'learning_rate': '8.523e-05', 'epoch': '0.4248'}
{'loss': '6.268', 'grad_norm': '1.555', 'learning_rate': '8.392e-05', 'epoch': '0.4956'}
{'loss': '3.867', 'grad_norm': '1.4', 'learning_rate': '8.262e-05', 'epoch': '0.5664'}
{'loss': '2.083', 'grad_norm': '0.9593', 'learning_rate': '8.131e-05', 'epoch': '0.6372'}
{'loss': '1.041', 'grad_norm': '0.4439', 'learning_rate': '8e-05', 'epoch': '0.708'}
{'eval_loss': '0.106', 'eval_runtime': '23.27', 'eval_samples_per_second': '6.059', 'eval_steps_per_second': '1.547', 'epoch': '0.708'}
{'loss': '0.7687', 'grad_norm': '0.2423', 'learning_rate': '7.869e-05', 'epoch': '0.7788'}
{'loss': '0.7503', 'grad_norm': '0.2153', 'learning_rate': '7.739e-05', 'epoch': '0.8496'}
{'loss': '0.7177', 'grad_norm': '0.1717', 'learning_rate': '7.608e-05', 'epoch': '0.9204'}
{'loss': '0.6752', 'grad_norm': '0.2154', 'learning_rate': '7.477e-05', 'epoch': '0.9912'}
{'loss': '0.5572', 'grad_norm': '0.1323', 'learning_rate': '7.347e-05', 'epoch': '1.057'}
{'loss': '0.6488', 'grad_norm': '0.1342', 'learning_rate': '7.216e-05', 'epoch': '1.127'}
{'loss': '0.623', 'grad_norm': '0.1291', 'learning_rate': '7.085e-05', 'epoch': '1.198'}
{'loss': '0.6207', 'grad_norm': '0.1433', 'learning_rate': '6.954e-05', 'epoch': '1.269'}
{'loss': '0.5591', 'grad_norm': '0.1147', 'learning_rate': '6.824e-05', 'epoch': '1.34'}
{'loss': '0.6097', 'grad_norm': '0.1226', 'learning_rate': '6.693e-05', 'epoch': '1.411'}
{'eval_loss': '0.07562', 'eval_runtime': '23.56', 'eval_samples_per_second': '5.984', 'eval_steps_per_second': '1.528', 'epoch': '1.411'}
{'loss': '0.5702', 'grad_norm': '0.1363', 'learning_rate': '6.562e-05', 'epoch': '1.481'}
{'loss': '0.5757', 'grad_norm': '0.1056', 'learning_rate': '6.431e-05', 'epoch': '1.552'}
{'loss': '0.6588', 'grad_norm': '0.1242', 'learning_rate': '6.301e-05', 'epoch': '1.623'}
{'loss': '0.6504', 'grad_norm': '0.1219', 'learning_rate': '6.17e-05', 'epoch': '1.694'}
{'loss': '0.5951', 'grad_norm': '0.1018', 'learning_rate': '6.039e-05', 'epoch': '1.765'}
{'loss': '0.5805', 'grad_norm': '0.1151', 'learning_rate': '5.909e-05', 'epoch': '1.835'}
{'loss': '0.6222', 'grad_norm': '0.1086', 'learning_rate': '5.778e-05', 'epoch': '1.906'}
{'loss': '0.5809', 'grad_norm': '0.1263', 'learning_rate': '5.647e-05', 'epoch': '1.977'}
{'loss': '0.5483', 'grad_norm': '0.108', 'learning_rate': '5.516e-05', 'epoch': '2.042'}
{'loss': '0.5788', 'grad_norm': '0.1076', 'learning_rate': '5.386e-05', 'epoch': '2.113'}
{'eval_loss': '0.07202', 'eval_runtime': '23.38', 'eval_samples_per_second': '6.03', 'eval_steps_per_second': '1.54', 'epoch': '2.113'}
{'loss': '0.5906', 'grad_norm': '0.1465', 'learning_rate': '5.255e-05', 'epoch': '2.184'}
{'loss': '0.5571', 'grad_norm': '0.1195', 'learning_rate': '5.124e-05', 'epoch': '2.255'}
{'loss': '0.5581', 'grad_norm': '0.09911', 'learning_rate': '4.994e-05', 'epoch': '2.326'}
{'loss': '0.5315', 'grad_norm': '0.09422', 'learning_rate': '4.863e-05', 'epoch': '2.396'}
{'loss': '0.5758', 'grad_norm': '0.102', 'learning_rate': '4.732e-05', 'epoch': '2.467'}
{'loss': '0.5501', 'grad_norm': '0.09617', 'learning_rate': '4.601e-05', 'epoch': '2.538'}
{'loss': '0.6281', 'grad_norm': '0.1267', 'learning_rate': '4.471e-05', 'epoch': '2.609'}
{'loss': '0.5609', 'grad_norm': '0.09631', 'learning_rate': '4.34e-05', 'epoch': '2.68'}
{'loss': '0.5586', 'grad_norm': '0.08942', 'learning_rate': '4.209e-05', 'epoch': '2.75'}
{'loss': '0.5567', 'grad_norm': '0.0955', 'learning_rate': '4.078e-05', 'epoch': '2.821'}
{'eval_loss': '0.07081', 'eval_runtime': '23.2', 'eval_samples_per_second': '6.078', 'eval_steps_per_second': '1.552', 'epoch': '2.821'}
{'loss': '0.533', 'grad_norm': '0.09858', 'learning_rate': '3.948e-05', 'epoch': '2.892'}
{'loss': '0.5498', 'grad_norm': '0.09898', 'learning_rate': '3.817e-05', 'epoch': '2.963'}
{'loss': '0.493', 'grad_norm': '0.1024', 'learning_rate': '3.686e-05', 'epoch': '3.028'}
{'loss': '0.5984', 'grad_norm': '0.09828', 'learning_rate': '3.556e-05', 'epoch': '3.099'}
{'loss': '0.5202', 'grad_norm': '0.1064', 'learning_rate': '3.425e-05', 'epoch': '3.17'}
{'loss': '0.558', 'grad_norm': '0.09647', 'learning_rate': '3.294e-05', 'epoch': '3.241'}
{'loss': '0.5485', 'grad_norm': '0.1002', 'learning_rate': '3.163e-05', 'epoch': '3.312'}
{'loss': '0.6096', 'grad_norm': '0.1071', 'learning_rate': '3.033e-05', 'epoch': '3.382'}
{'loss': '0.5562', 'grad_norm': '0.09732', 'learning_rate': '2.902e-05', 'epoch': '3.453'}
{'loss': '0.5439', 'grad_norm': '0.1026', 'learning_rate': '2.771e-05', 'epoch': '3.524'}
{'eval_loss': '0.07039', 'eval_runtime': '23.54', 'eval_samples_per_second': '5.99', 'eval_steps_per_second': '1.529', 'epoch': '3.524'}
{'loss': '0.5774', 'grad_norm': '0.0979', 'learning_rate': '2.641e-05', 'epoch': '3.595'}
{'loss': '0.5589', 'grad_norm': '0.126', 'learning_rate': '2.51e-05', 'epoch': '3.665'}
{'loss': '0.4851', 'grad_norm': '0.09712', 'learning_rate': '2.379e-05', 'epoch': '3.736'}
{'loss': '0.5334', 'grad_norm': '0.1209', 'learning_rate': '2.248e-05', 'epoch': '3.807'}
{'loss': '0.5508', 'grad_norm': '0.1068', 'learning_rate': '2.118e-05', 'epoch': '3.878'}
{'loss': '0.5891', 'grad_norm': '0.093', 'learning_rate': '1.987e-05', 'epoch': '3.949'}
{'loss': '0.5399', 'grad_norm': '0.117', 'learning_rate': '1.856e-05', 'epoch': '4.014'}
{'loss': '0.5327', 'grad_norm': '0.09253', 'learning_rate': '1.726e-05', 'epoch': '4.085'}
{'loss': '0.5616', 'grad_norm': '0.11', 'learning_rate': '1.595e-05', 'epoch': '4.156'}
{'loss': '0.5489', 'grad_norm': '0.09781', 'learning_rate': '1.464e-05', 'epoch': '4.227'}
{'eval_loss': '0.07011', 'eval_runtime': '23.98', 'eval_samples_per_second': '5.879', 'eval_steps_per_second': '1.501', 'epoch': '4.227'}
{'loss': '0.5359', 'grad_norm': '0.09063', 'learning_rate': '1.333e-05', 'epoch': '4.297'}
{'loss': '0.5275', 'grad_norm': '0.09548', 'learning_rate': '1.203e-05', 'epoch': '4.368'}
{'loss': '0.5205', 'grad_norm': '0.1308', 'learning_rate': '1.072e-05', 'epoch': '4.439'}
{'loss': '0.587', 'grad_norm': '0.1051', 'learning_rate': '9.412e-06', 'epoch': '4.51'}
{'loss': '0.5605', 'grad_norm': '0.1155', 'learning_rate': '8.105e-06', 'epoch': '4.581'}
{'loss': '0.5186', 'grad_norm': '0.09777', 'learning_rate': '6.797e-06', 'epoch': '4.651'}
{'loss': '0.5817', 'grad_norm': '0.09769', 'learning_rate': '5.49e-06', 'epoch': '4.722'}
{'loss': '0.5461', 'grad_norm': '0.09565', 'learning_rate': '4.183e-06', 'epoch': '4.793'}
{'loss': '0.5781', 'grad_norm': '0.1171', 'learning_rate': '2.876e-06', 'epoch': '4.864'}
{'loss': '0.5394', 'grad_norm': '0.1006', 'learning_rate': '1.569e-06', 'epoch': '4.935'}
{'eval_loss': '0.07001', 'eval_runtime': '22.75', 'eval_samples_per_second': '6.197', 'eval_steps_per_second': '1.582', 'epoch': '4.935'}
{'loss': '0.5067', 'grad_norm': '0.07192', 'learning_rate': '2.614e-07', 'epoch': '5'}
{'train_runtime': '4331', 'train_samples_per_second': '0.652', 'train_steps_per_second': '0.082', 'train_loss': '1.848', 'epoch': '5'}

  Val F1: 0.9591  |  stopped at epoch: 5.00

============================================================
  Fold=5/5  |  rank=8, alpha=16, dropout=0.0, lr=9.02e-05
  Train: 565, Val: 141
============================================================

==((====))==  Unsloth 2026.3.18: Fast Qwen3_5_MoE patching. Transformers: 5.3.0.
   \\   /|    NVIDIA RTX 6000 Ada Generation. Num GPUs = 2. Max memory: 47.374 GB. Platform: Linux.
O^O/ \_/ \    Torch: 2.11.0+cu130. CUDA: 8.9. CUDA Toolkit: 13.0. Triton: 3.6.0
\        /    Bfloat16 = TRUE. FA [Xformers = 0.0.35. FA2 = False]
 "-____-"     Free license: http://github.com/unslothai/unsloth
Unsloth: Fast downloading is enabled - ignore downloading bars which are red colored!
Unsloth: Detected MoE model with num_experts = 256 and target_modules = ['q_proj', 'k_proj', 'v_proj', 'o_proj', 'gate_proj', 'up_proj', 'down_proj']. Enabling LoRA on MoE parameters: ['mlp.experts.gate_up_proj', 'mlp.experts.down_proj']
Unsloth: Making `model.base_model.model.model.language_model` require gradients
{'loss': '17.55', 'grad_norm': '0.9185', 'learning_rate': '3.608e-05', 'epoch': '0.0708'}
{'loss': '16.83', 'grad_norm': '0.822', 'learning_rate': '8.118e-05', 'epoch': '0.1416'}
{'loss': '15.07', 'grad_norm': '0.7992', 'learning_rate': '8.915e-05', 'epoch': '0.2124'}
{'loss': '13.33', 'grad_norm': '0.9198', 'learning_rate': '8.784e-05', 'epoch': '0.2832'}
{'loss': '11.26', 'grad_norm': '1.036', 'learning_rate': '8.654e-05', 'epoch': '0.354'}
{'loss': '8.822', 'grad_norm': '1.195', 'learning_rate': '8.523e-05', 'epoch': '0.4248'}
{'loss': '6.286', 'grad_norm': '1.576', 'learning_rate': '8.392e-05', 'epoch': '0.4956'}
{'loss': '3.874', 'grad_norm': '1.399', 'learning_rate': '8.262e-05', 'epoch': '0.5664'}
{'loss': '1.999', 'grad_norm': '0.921', 'learning_rate': '8.131e-05', 'epoch': '0.6372'}
{'loss': '1.07', 'grad_norm': '0.4156', 'learning_rate': '8e-05', 'epoch': '0.708'}
{'eval_loss': '0.1031', 'eval_runtime': '23.32', 'eval_samples_per_second': '6.046', 'eval_steps_per_second': '1.544', 'epoch': '0.708'}
{'loss': '0.7579', 'grad_norm': '0.2959', 'learning_rate': '7.869e-05', 'epoch': '0.7788'}
{'loss': '0.761', 'grad_norm': '0.2062', 'learning_rate': '7.739e-05', 'epoch': '0.8496'}
{'loss': '0.6603', 'grad_norm': '0.1961', 'learning_rate': '7.608e-05', 'epoch': '0.9204'}
{'loss': '0.6251', 'grad_norm': '0.1429', 'learning_rate': '7.477e-05', 'epoch': '0.9912'}
{'loss': '0.6272', 'grad_norm': '0.1701', 'learning_rate': '7.347e-05', 'epoch': '1.057'}
{'loss': '0.5976', 'grad_norm': '0.1521', 'learning_rate': '7.216e-05', 'epoch': '1.127'}
{'loss': '0.6294', 'grad_norm': '0.1471', 'learning_rate': '7.085e-05', 'epoch': '1.198'}
{'loss': '0.6234', 'grad_norm': '0.1276', 'learning_rate': '6.954e-05', 'epoch': '1.269'}
{'loss': '0.6228', 'grad_norm': '0.1214', 'learning_rate': '6.824e-05', 'epoch': '1.34'}
{'loss': '0.6066', 'grad_norm': '0.1307', 'learning_rate': '6.693e-05', 'epoch': '1.411'}
{'eval_loss': '0.07376', 'eval_runtime': '22.6', 'eval_samples_per_second': '6.238', 'eval_steps_per_second': '1.593', 'epoch': '1.411'}
{'loss': '0.6264', 'grad_norm': '0.1213', 'learning_rate': '6.562e-05', 'epoch': '1.481'}
{'loss': '0.6174', 'grad_norm': '0.1384', 'learning_rate': '6.431e-05', 'epoch': '1.552'}
{'loss': '0.6452', 'grad_norm': '0.126', 'learning_rate': '6.301e-05', 'epoch': '1.623'}
{'loss': '0.5674', 'grad_norm': '0.107', 'learning_rate': '6.17e-05', 'epoch': '1.694'}
{'loss': '0.5671', 'grad_norm': '0.1186', 'learning_rate': '6.039e-05', 'epoch': '1.765'}
{'loss': '0.5463', 'grad_norm': '0.08934', 'learning_rate': '5.909e-05', 'epoch': '1.835'}
{'loss': '0.609', 'grad_norm': '0.1185', 'learning_rate': '5.778e-05', 'epoch': '1.906'}
{'loss': '0.6033', 'grad_norm': '0.1291', 'learning_rate': '5.647e-05', 'epoch': '1.977'}
{'loss': '0.5788', 'grad_norm': '0.1257', 'learning_rate': '5.516e-05', 'epoch': '2.042'}
{'loss': '0.5382', 'grad_norm': '0.1001', 'learning_rate': '5.386e-05', 'epoch': '2.113'}
{'eval_loss': '0.06985', 'eval_runtime': '22.77', 'eval_samples_per_second': '6.193', 'eval_steps_per_second': '1.581', 'epoch': '2.113'}
{'loss': '0.592', 'grad_norm': '0.134', 'learning_rate': '5.255e-05', 'epoch': '2.184'}
{'loss': '0.552', 'grad_norm': '0.08973', 'learning_rate': '5.124e-05', 'epoch': '2.255'}
{'loss': '0.6168', 'grad_norm': '0.09525', 'learning_rate': '4.994e-05', 'epoch': '2.326'}
{'loss': '0.6032', 'grad_norm': '0.1066', 'learning_rate': '4.863e-05', 'epoch': '2.396'}
{'loss': '0.575', 'grad_norm': '0.1086', 'learning_rate': '4.732e-05', 'epoch': '2.467'}
{'loss': '0.5929', 'grad_norm': '0.09948', 'learning_rate': '4.601e-05', 'epoch': '2.538'}
{'loss': '0.6034', 'grad_norm': '0.09543', 'learning_rate': '4.471e-05', 'epoch': '2.609'}
{'loss': '0.5461', 'grad_norm': '0.1206', 'learning_rate': '4.34e-05', 'epoch': '2.68'}
{'loss': '0.5344', 'grad_norm': '0.1123', 'learning_rate': '4.209e-05', 'epoch': '2.75'}
{'loss': '0.5722', 'grad_norm': '0.1102', 'learning_rate': '4.078e-05', 'epoch': '2.821'}
{'eval_loss': '0.0691', 'eval_runtime': '23.53', 'eval_samples_per_second': '5.993', 'eval_steps_per_second': '1.53', 'epoch': '2.821'}
{'loss': '0.5151', 'grad_norm': '0.1205', 'learning_rate': '3.948e-05', 'epoch': '2.892'}
{'loss': '0.6073', 'grad_norm': '0.1151', 'learning_rate': '3.817e-05', 'epoch': '2.963'}
{'loss': '0.5259', 'grad_norm': '0.1146', 'learning_rate': '3.686e-05', 'epoch': '3.028'}
{'loss': '0.5974', 'grad_norm': '0.09986', 'learning_rate': '3.556e-05', 'epoch': '3.099'}
{'loss': '0.5282', 'grad_norm': '0.09732', 'learning_rate': '3.425e-05', 'epoch': '3.17'}
{'loss': '0.5648', 'grad_norm': '0.1043', 'learning_rate': '3.294e-05', 'epoch': '3.241'}
{'loss': '0.5539', 'grad_norm': '0.09638', 'learning_rate': '3.163e-05', 'epoch': '3.312'}
{'loss': '0.548', 'grad_norm': '0.105', 'learning_rate': '3.033e-05', 'epoch': '3.382'}
{'loss': '0.5762', 'grad_norm': '0.1017', 'learning_rate': '2.902e-05', 'epoch': '3.453'}
{'loss': '0.5538', 'grad_norm': '0.1165', 'learning_rate': '2.771e-05', 'epoch': '3.524'}
{'eval_loss': '0.06839', 'eval_runtime': '23.45', 'eval_samples_per_second': '6.012', 'eval_steps_per_second': '1.535', 'epoch': '3.524'}
{'loss': '0.5381', 'grad_norm': '0.09008', 'learning_rate': '2.641e-05', 'epoch': '3.595'}
{'loss': '0.5233', 'grad_norm': '0.09254', 'learning_rate': '2.51e-05', 'epoch': '3.665'}
{'loss': '0.5539', 'grad_norm': '0.09974', 'learning_rate': '2.379e-05', 'epoch': '3.736'}
{'loss': '0.5793', 'grad_norm': '0.1016', 'learning_rate': '2.248e-05', 'epoch': '3.807'}
{'loss': '0.5755', 'grad_norm': '0.09891', 'learning_rate': '2.118e-05', 'epoch': '3.878'}
{'loss': '0.5701', 'grad_norm': '0.1014', 'learning_rate': '1.987e-05', 'epoch': '3.949'}
{'loss': '0.5104', 'grad_norm': '0.09762', 'learning_rate': '1.856e-05', 'epoch': '4.014'}
{'loss': '0.5587', 'grad_norm': '0.1096', 'learning_rate': '1.726e-05', 'epoch': '4.085'}
{'loss': '0.5763', 'grad_norm': '0.09447', 'learning_rate': '1.595e-05', 'epoch': '4.156'}
{'loss': '0.6217', 'grad_norm': '0.1116', 'learning_rate': '1.464e-05', 'epoch': '4.227'}
{'eval_loss': '0.06803', 'eval_runtime': '22.77', 'eval_samples_per_second': '6.193', 'eval_steps_per_second': '1.581', 'epoch': '4.227'}
{'loss': '0.522', 'grad_norm': '0.09435', 'learning_rate': '1.333e-05', 'epoch': '4.297'}
{'loss': '0.5687', 'grad_norm': '0.08638', 'learning_rate': '1.203e-05', 'epoch': '4.368'}
{'loss': '0.5856', 'grad_norm': '0.09432', 'learning_rate': '1.072e-05', 'epoch': '4.439'}
{'loss': '0.4804', 'grad_norm': '0.0974', 'learning_rate': '9.412e-06', 'epoch': '4.51'}
{'loss': '0.5777', 'grad_norm': '0.1119', 'learning_rate': '8.105e-06', 'epoch': '4.581'}
{'loss': '0.5222', 'grad_norm': '0.1121', 'learning_rate': '6.797e-06', 'epoch': '4.651'}
{'loss': '0.5369', 'grad_norm': '0.1203', 'learning_rate': '5.49e-06', 'epoch': '4.722'}
{'loss': '0.5694', 'grad_norm': '0.1158', 'learning_rate': '4.183e-06', 'epoch': '4.793'}
{'loss': '0.5372', 'grad_norm': '0.1009', 'learning_rate': '2.876e-06', 'epoch': '4.864'}
{'loss': '0.4887', 'grad_norm': '0.09761', 'learning_rate': '1.569e-06', 'epoch': '4.935'}
{'eval_loss': '0.06806', 'eval_runtime': '23.18', 'eval_samples_per_second': '6.084', 'eval_steps_per_second': '1.553', 'epoch': '4.935'}
{'loss': '0.5732', 'grad_norm': '0.08119', 'learning_rate': '2.614e-07', 'epoch': '5'}
{'train_runtime': '4252', 'train_samples_per_second': '0.664', 'train_steps_per_second': '0.083', 'train_loss': '1.851', 'epoch': '5'}

  Val F1: 0.9682  |  stopped at epoch: 5.00

  Trial 0 done  |  mean_val_f1=0.9620  |  folds: ['0.9560', '0.9576', '0.9693', '0.9591', '0.9682']

************************************************************
  Trial 1  |  r=8, alpha=16, lr=7.36e-05
************************************************************

============================================================
  Fold=1/5  |  rank=8, alpha=16, dropout=0.0, lr=7.36e-05
  Train: 564, Val: 142
============================================================

==((====))==  Unsloth 2026.3.18: Fast Qwen3_5_MoE patching. Transformers: 5.3.0.
   \\   /|    NVIDIA RTX 6000 Ada Generation. Num GPUs = 2. Max memory: 47.374 GB. Platform: Linux.
O^O/ \_/ \    Torch: 2.11.0+cu130. CUDA: 8.9. CUDA Toolkit: 13.0. Triton: 3.6.0
\        /    Bfloat16 = TRUE. FA [Xformers = 0.0.35. FA2 = False]
 "-____-"     Free license: http://github.com/unslothai/unsloth
Unsloth: Fast downloading is enabled - ignore downloading bars which are red colored!
Unsloth: Detected MoE model with num_experts = 256 and target_modules = ['q_proj', 'k_proj', 'v_proj', 'o_proj', 'gate_proj', 'up_proj', 'down_proj']. Enabling LoRA on MoE parameters: ['mlp.experts.gate_up_proj', 'mlp.experts.down_proj']
Unsloth: Making `model.base_model.model.model.language_model` require gradients
{'loss': '17.61', 'grad_norm': '0.9441', 'learning_rate': '2.943e-05', 'epoch': '0.07092'}
{'loss': '16.96', 'grad_norm': '0.8344', 'learning_rate': '6.621e-05', 'epoch': '0.1418'}
{'loss': '15.54', 'grad_norm': '0.7954', 'learning_rate': '7.272e-05', 'epoch': '0.2128'}
{'loss': '13.97', 'grad_norm': '0.8485', 'learning_rate': '7.165e-05', 'epoch': '0.2837'}
{'loss': '12.42', 'grad_norm': '0.9753', 'learning_rate': '7.058e-05', 'epoch': '0.3546'}
{'loss': '10.51', 'grad_norm': '1.072', 'learning_rate': '6.952e-05', 'epoch': '0.4255'}
{'loss': '8.34', 'grad_norm': '1.281', 'learning_rate': '6.845e-05', 'epoch': '0.4965'}
{'loss': '6.121', 'grad_norm': '1.438', 'learning_rate': '6.739e-05', 'epoch': '0.5674'}
{'loss': '4', 'grad_norm': '1.477', 'learning_rate': '6.632e-05', 'epoch': '0.6383'}
{'loss': '2.291', 'grad_norm': '1.042', 'learning_rate': '6.525e-05', 'epoch': '0.7092'}
{'eval_loss': '0.1954', 'eval_runtime': '22.65', 'eval_samples_per_second': '6.269', 'eval_steps_per_second': '1.589', 'epoch': '0.7092'}
{'loss': '1.206', 'grad_norm': '0.5527', 'learning_rate': '6.419e-05', 'epoch': '0.7801'}
{'loss': '0.8592', 'grad_norm': '0.3367', 'learning_rate': '6.312e-05', 'epoch': '0.8511'}
{'loss': '0.766', 'grad_norm': '0.2396', 'learning_rate': '6.205e-05', 'epoch': '0.922'}
{'loss': '0.6572', 'grad_norm': '0.2205', 'learning_rate': '6.099e-05', 'epoch': '0.9929'}
{'loss': '0.6073', 'grad_norm': '0.1944', 'learning_rate': '5.992e-05', 'epoch': '1.057'}
{'loss': '0.6517', 'grad_norm': '0.1789', 'learning_rate': '5.886e-05', 'epoch': '1.128'}
{'loss': '0.6762', 'grad_norm': '0.1487', 'learning_rate': '5.779e-05', 'epoch': '1.199'}
{'loss': '0.671', 'grad_norm': '0.1458', 'learning_rate': '5.672e-05', 'epoch': '1.27'}
{'loss': '0.5763', 'grad_norm': '0.1863', 'learning_rate': '5.566e-05', 'epoch': '1.34'}
{'loss': '0.624', 'grad_norm': '0.1368', 'learning_rate': '5.459e-05', 'epoch': '1.411'}
{'eval_loss': '0.08046', 'eval_runtime': '23.23', 'eval_samples_per_second': '6.114', 'eval_steps_per_second': '1.55', 'epoch': '1.411'}
{'loss': '0.6232', 'grad_norm': '0.1188', 'learning_rate': '5.352e-05', 'epoch': '1.482'}
{'loss': '0.626', 'grad_norm': '0.1203', 'learning_rate': '5.246e-05', 'epoch': '1.553'}
{'loss': '0.6275', 'grad_norm': '0.1459', 'learning_rate': '5.139e-05', 'epoch': '1.624'}
{'loss': '0.5776', 'grad_norm': '0.1148', 'learning_rate': '5.033e-05', 'epoch': '1.695'}
{'loss': '0.6005', 'grad_norm': '0.137', 'learning_rate': '4.926e-05', 'epoch': '1.766'}
{'loss': '0.6235', 'grad_norm': '0.1466', 'learning_rate': '4.819e-05', 'epoch': '1.837'}
{'loss': '0.5368', 'grad_norm': '0.1139', 'learning_rate': '4.713e-05', 'epoch': '1.908'}
{'loss': '0.5917', 'grad_norm': '0.1313', 'learning_rate': '4.606e-05', 'epoch': '1.979'}
{'loss': '0.5118', 'grad_norm': '0.1063', 'learning_rate': '4.499e-05', 'epoch': '2.043'}
{'loss': '0.5678', 'grad_norm': '0.1114', 'learning_rate': '4.393e-05', 'epoch': '2.113'}
{'eval_loss': '0.07667', 'eval_runtime': '23.73', 'eval_samples_per_second': '5.984', 'eval_steps_per_second': '1.517', 'epoch': '2.113'}
{'loss': '0.5764', 'grad_norm': '0.1089', 'learning_rate': '4.286e-05', 'epoch': '2.184'}
{'loss': '0.5662', 'grad_norm': '0.1081', 'learning_rate': '4.18e-05', 'epoch': '2.255'}
{'loss': '0.5733', 'grad_norm': '0.1221', 'learning_rate': '4.073e-05', 'epoch': '2.326'}
{'loss': '0.5267', 'grad_norm': '0.1298', 'learning_rate': '3.966e-05', 'epoch': '2.397'}
{'loss': '0.5637', 'grad_norm': '0.1193', 'learning_rate': '3.86e-05', 'epoch': '2.468'}
{'loss': '0.602', 'grad_norm': '0.1335', 'learning_rate': '3.753e-05', 'epoch': '2.539'}
{'loss': '0.5579', 'grad_norm': '0.133', 'learning_rate': '3.647e-05', 'epoch': '2.61'}
{'loss': '0.5707', 'grad_norm': '0.1031', 'learning_rate': '3.54e-05', 'epoch': '2.681'}
{'loss': '0.5981', 'grad_norm': '0.1241', 'learning_rate': '3.433e-05', 'epoch': '2.752'}
{'loss': '0.5509', 'grad_norm': '0.1129', 'learning_rate': '3.327e-05', 'epoch': '2.823'}
{'eval_loss': '0.07467', 'eval_runtime': '23.17', 'eval_samples_per_second': '6.129', 'eval_steps_per_second': '1.554', 'epoch': '2.823'}
{'loss': '0.5844', 'grad_norm': '0.1241', 'learning_rate': '3.22e-05', 'epoch': '2.894'}
{'loss': '0.6146', 'grad_norm': '0.1313', 'learning_rate': '3.113e-05', 'epoch': '2.965'}
{'loss': '0.4812', 'grad_norm': '0.1049', 'learning_rate': '3.007e-05', 'epoch': '3.028'}
{'loss': '0.5753', 'grad_norm': '0.1139', 'learning_rate': '2.9e-05', 'epoch': '3.099'}
{'loss': '0.567', 'grad_norm': '0.1181', 'learning_rate': '2.794e-05', 'epoch': '3.17'}
{'loss': '0.5775', 'grad_norm': '0.1192', 'learning_rate': '2.687e-05', 'epoch': '3.241'}
{'loss': '0.5072', 'grad_norm': '0.09912', 'learning_rate': '2.58e-05', 'epoch': '3.312'}
{'loss': '0.5026', 'grad_norm': '0.1302', 'learning_rate': '2.474e-05', 'epoch': '3.383'}
{'loss': '0.585', 'grad_norm': '0.1063', 'learning_rate': '2.367e-05', 'epoch': '3.454'}
{'loss': '0.5476', 'grad_norm': '0.1088', 'learning_rate': '2.26e-05', 'epoch': '3.525'}
{'eval_loss': '0.07411', 'eval_runtime': '22.79', 'eval_samples_per_second': '6.231', 'eval_steps_per_second': '1.58', 'epoch': '3.525'}
{'loss': '0.562', 'grad_norm': '0.1083', 'learning_rate': '2.154e-05', 'epoch': '3.596'}
{'loss': '0.6115', 'grad_norm': '0.1234', 'learning_rate': '2.047e-05', 'epoch': '3.667'}
{'loss': '0.5913', 'grad_norm': '0.1287', 'learning_rate': '1.941e-05', 'epoch': '3.738'}
{'loss': '0.5173', 'grad_norm': '0.1103', 'learning_rate': '1.834e-05', 'epoch': '3.809'}
{'loss': '0.5959', 'grad_norm': '0.1064', 'learning_rate': '1.727e-05', 'epoch': '3.879'}
{'loss': '0.5053', 'grad_norm': '0.09738', 'learning_rate': '1.621e-05', 'epoch': '3.95'}
{'loss': '0.4954', 'grad_norm': '0.09238', 'learning_rate': '1.514e-05', 'epoch': '4.014'}
{'loss': '0.5753', 'grad_norm': '0.1205', 'learning_rate': '1.407e-05', 'epoch': '4.085'}
{'loss': '0.5752', 'grad_norm': '0.1077', 'learning_rate': '1.301e-05', 'epoch': '4.156'}
{'loss': '0.5321', 'grad_norm': '0.1116', 'learning_rate': '1.194e-05', 'epoch': '4.227'}
{'eval_loss': '0.07364', 'eval_runtime': '22.76', 'eval_samples_per_second': '6.239', 'eval_steps_per_second': '1.582', 'epoch': '4.227'}
{'loss': '0.5909', 'grad_norm': '0.113', 'learning_rate': '1.088e-05', 'epoch': '4.298'}
{'loss': '0.5418', 'grad_norm': '0.1048', 'learning_rate': '9.809e-06', 'epoch': '4.369'}
{'loss': '0.5339', 'grad_norm': '0.1114', 'learning_rate': '8.743e-06', 'epoch': '4.44'}
{'loss': '0.5516', 'grad_norm': '0.1035', 'learning_rate': '7.677e-06', 'epoch': '4.511'}
{'loss': '0.5212', 'grad_norm': '0.1079', 'learning_rate': '6.611e-06', 'epoch': '4.582'}
{'loss': '0.5102', 'grad_norm': '0.1015', 'learning_rate': '5.544e-06', 'epoch': '4.652'}
{'loss': '0.558', 'grad_norm': '0.1025', 'learning_rate': '4.478e-06', 'epoch': '4.723'}
{'loss': '0.551', 'grad_norm': '0.1023', 'learning_rate': '3.412e-06', 'epoch': '4.794'}
{'loss': '0.5437', 'grad_norm': '0.09895', 'learning_rate': '2.346e-06', 'epoch': '4.865'}
{'loss': '0.5034', 'grad_norm': '0.1236', 'learning_rate': '1.279e-06', 'epoch': '4.936'}
{'eval_loss': '0.07354', 'eval_runtime': '23.3', 'eval_samples_per_second': '6.094', 'eval_steps_per_second': '1.545', 'epoch': '4.936'}
{'loss': '0.5645', 'grad_norm': '0.07251', 'learning_rate': '2.132e-07', 'epoch': '5'}
{'train_runtime': '4285', 'train_samples_per_second': '0.658', 'train_steps_per_second': '0.083', 'train_loss': '2.024', 'epoch': '5'}

  Val F1: 0.9560  |  stopped at epoch: 5.00

============================================================
  Fold=2/5  |  rank=8, alpha=16, dropout=0.0, lr=7.36e-05
  Train: 565, Val: 141
============================================================

==((====))==  Unsloth 2026.3.18: Fast Qwen3_5_MoE patching. Transformers: 5.3.0.
   \\   /|    NVIDIA RTX 6000 Ada Generation. Num GPUs = 2. Max memory: 47.374 GB. Platform: Linux.
O^O/ \_/ \    Torch: 2.11.0+cu130. CUDA: 8.9. CUDA Toolkit: 13.0. Triton: 3.6.0
\        /    Bfloat16 = TRUE. FA [Xformers = 0.0.35. FA2 = False]
 "-____-"     Free license: http://github.com/unslothai/unsloth
Unsloth: Fast downloading is enabled - ignore downloading bars which are red colored!
Unsloth: Detected MoE model with num_experts = 256 and target_modules = ['q_proj', 'k_proj', 'v_proj', 'o_proj', 'gate_proj', 'up_proj', 'down_proj']. Enabling LoRA on MoE parameters: ['mlp.experts.gate_up_proj', 'mlp.experts.down_proj']
Unsloth: Making `model.base_model.model.model.language_model` require gradients
{'loss': '17.57', 'grad_norm': '0.9337', 'learning_rate': '2.943e-05', 'epoch': '0.0708'}
{'loss': '16.99', 'grad_norm': '0.8443', 'learning_rate': '6.621e-05', 'epoch': '0.1416'}
{'loss': '15.55', 'grad_norm': '0.7934', 'learning_rate': '7.272e-05', 'epoch': '0.2124'}
{'loss': '14.02', 'grad_norm': '0.8553', 'learning_rate': '7.165e-05', 'epoch': '0.2832'}
{'loss': '12.45', 'grad_norm': '0.9698', 'learning_rate': '7.058e-05', 'epoch': '0.354'}
{'loss': '10.6', 'grad_norm': '1.071', 'learning_rate': '6.952e-05', 'epoch': '0.4248'}
{'loss': '8.426', 'grad_norm': '1.218', 'learning_rate': '6.845e-05', 'epoch': '0.4956'}
{'loss': '6.252', 'grad_norm': '1.476', 'learning_rate': '6.739e-05', 'epoch': '0.5664'}
{'loss': '4.083', 'grad_norm': '1.434', 'learning_rate': '6.632e-05', 'epoch': '0.6372'}
{'loss': '2.38', 'grad_norm': '1.025', 'learning_rate': '6.525e-05', 'epoch': '0.708'}
{'eval_loss': '0.1971', 'eval_runtime': '23.96', 'eval_samples_per_second': '5.884', 'eval_steps_per_second': '1.502', 'epoch': '0.708'}
{'loss': '1.29', 'grad_norm': '0.5924', 'learning_rate': '6.419e-05', 'epoch': '0.7788'}
{'loss': '0.8504', 'grad_norm': '0.3086', 'learning_rate': '6.312e-05', 'epoch': '0.8496'}
{'loss': '0.7799', 'grad_norm': '0.2687', 'learning_rate': '6.205e-05', 'epoch': '0.9204'}
{'loss': '0.7419', 'grad_norm': '0.1684', 'learning_rate': '6.099e-05', 'epoch': '0.9912'}
{'loss': '0.6471', 'grad_norm': '0.1708', 'learning_rate': '5.992e-05', 'epoch': '1.057'}
{'loss': '0.6727', 'grad_norm': '0.1616', 'learning_rate': '5.886e-05', 'epoch': '1.127'}
{'loss': '0.6643', 'grad_norm': '0.1497', 'learning_rate': '5.779e-05', 'epoch': '1.198'}
{'loss': '0.5889', 'grad_norm': '0.1535', 'learning_rate': '5.672e-05', 'epoch': '1.269'}
{'loss': '0.605', 'grad_norm': '0.1233', 'learning_rate': '5.566e-05', 'epoch': '1.34'}
{'loss': '0.5916', 'grad_norm': '0.1259', 'learning_rate': '5.459e-05', 'epoch': '1.411'}
{'eval_loss': '0.07844', 'eval_runtime': '23.16', 'eval_samples_per_second': '6.089', 'eval_steps_per_second': '1.555', 'epoch': '1.411'}
{'loss': '0.5664', 'grad_norm': '0.113', 'learning_rate': '5.352e-05', 'epoch': '1.481'}
{'loss': '0.6297', 'grad_norm': '0.1235', 'learning_rate': '5.246e-05', 'epoch': '1.552'}
{'loss': '0.6729', 'grad_norm': '0.1393', 'learning_rate': '5.139e-05', 'epoch': '1.623'}
{'loss': '0.6585', 'grad_norm': '0.1376', 'learning_rate': '5.033e-05', 'epoch': '1.694'}
{'loss': '0.5859', 'grad_norm': '0.127', 'learning_rate': '4.926e-05', 'epoch': '1.765'}
{'loss': '0.6486', 'grad_norm': '0.1309', 'learning_rate': '4.819e-05', 'epoch': '1.835'}
{'loss': '0.6124', 'grad_norm': '0.1213', 'learning_rate': '4.713e-05', 'epoch': '1.906'}
{'loss': '0.6106', 'grad_norm': '0.1276', 'learning_rate': '4.606e-05', 'epoch': '1.977'}
{'loss': '0.4953', 'grad_norm': '0.112', 'learning_rate': '4.499e-05', 'epoch': '2.042'}
{'loss': '0.6063', 'grad_norm': '0.1408', 'learning_rate': '4.393e-05', 'epoch': '2.113'}
{'eval_loss': '0.07423', 'eval_runtime': '23.87', 'eval_samples_per_second': '5.907', 'eval_steps_per_second': '1.508', 'epoch': '2.113'}
{'loss': '0.5636', 'grad_norm': '0.1098', 'learning_rate': '4.286e-05', 'epoch': '2.184'}
{'loss': '0.5022', 'grad_norm': '0.09002', 'learning_rate': '4.18e-05', 'epoch': '2.255'}
{'loss': '0.5818', 'grad_norm': '0.1081', 'learning_rate': '4.073e-05', 'epoch': '2.326'}
{'loss': '0.5831', 'grad_norm': '0.1193', 'learning_rate': '3.966e-05', 'epoch': '2.396'}
{'loss': '0.662', 'grad_norm': '0.1351', 'learning_rate': '3.86e-05', 'epoch': '2.467'}
{'loss': '0.5765', 'grad_norm': '0.1259', 'learning_rate': '3.753e-05', 'epoch': '2.538'}
{'loss': '0.5867', 'grad_norm': '0.1203', 'learning_rate': '3.647e-05', 'epoch': '2.609'}
{'loss': '0.5685', 'grad_norm': '0.107', 'learning_rate': '3.54e-05', 'epoch': '2.68'}
{'loss': '0.6212', 'grad_norm': '0.1358', 'learning_rate': '3.433e-05', 'epoch': '2.75'}
{'loss': '0.5398', 'grad_norm': '0.1069', 'learning_rate': '3.327e-05', 'epoch': '2.821'}
{'eval_loss': '0.07214', 'eval_runtime': '22.54', 'eval_samples_per_second': '6.256', 'eval_steps_per_second': '1.597', 'epoch': '2.821'}
{'loss': '0.6059', 'grad_norm': '0.1265', 'learning_rate': '3.22e-05', 'epoch': '2.892'}
{'loss': '0.5275', 'grad_norm': '0.1044', 'learning_rate': '3.113e-05', 'epoch': '2.963'}
{'loss': '0.548', 'grad_norm': '0.1317', 'learning_rate': '3.007e-05', 'epoch': '3.028'}
{'loss': '0.5483', 'grad_norm': '0.1115', 'learning_rate': '2.9e-05', 'epoch': '3.099'}
{'loss': '0.593', 'grad_norm': '0.1382', 'learning_rate': '2.794e-05', 'epoch': '3.17'}
{'loss': '0.6025', 'grad_norm': '0.1051', 'learning_rate': '2.687e-05', 'epoch': '3.241'}
{'loss': '0.5291', 'grad_norm': '0.09075', 'learning_rate': '2.58e-05', 'epoch': '3.312'}
{'loss': '0.5895', 'grad_norm': '0.1313', 'learning_rate': '2.474e-05', 'epoch': '3.382'}
{'loss': '0.555', 'grad_norm': '0.1133', 'learning_rate': '2.367e-05', 'epoch': '3.453'}
{'loss': '0.5521', 'grad_norm': '0.1073', 'learning_rate': '2.26e-05', 'epoch': '3.524'}
{'eval_loss': '0.07141', 'eval_runtime': '23.29', 'eval_samples_per_second': '6.054', 'eval_steps_per_second': '1.546', 'epoch': '3.524'}
{'loss': '0.568', 'grad_norm': '0.1318', 'learning_rate': '2.154e-05', 'epoch': '3.595'}
{'loss': '0.5575', 'grad_norm': '0.1013', 'learning_rate': '2.047e-05', 'epoch': '3.665'}
{'loss': '0.5571', 'grad_norm': '0.1083', 'learning_rate': '1.941e-05', 'epoch': '3.736'}
{'loss': '0.5329', 'grad_norm': '0.1034', 'learning_rate': '1.834e-05', 'epoch': '3.807'}
{'loss': '0.5813', 'grad_norm': '0.1025', 'learning_rate': '1.727e-05', 'epoch': '3.878'}
{'loss': '0.5095', 'grad_norm': '0.109', 'learning_rate': '1.621e-05', 'epoch': '3.949'}
{'loss': '0.5636', 'grad_norm': '0.1516', 'learning_rate': '1.514e-05', 'epoch': '4.014'}
{'loss': '0.5706', 'grad_norm': '0.1117', 'learning_rate': '1.407e-05', 'epoch': '4.085'}
{'loss': '0.5917', 'grad_norm': '0.0978', 'learning_rate': '1.301e-05', 'epoch': '4.156'}
{'loss': '0.5947', 'grad_norm': '0.1091', 'learning_rate': '1.194e-05', 'epoch': '4.227'}
{'eval_loss': '0.07116', 'eval_runtime': '23.04', 'eval_samples_per_second': '6.119', 'eval_steps_per_second': '1.562', 'epoch': '4.227'}
{'loss': '0.5439', 'grad_norm': '0.1058', 'learning_rate': '1.088e-05', 'epoch': '4.297'}
{'loss': '0.4947', 'grad_norm': '0.1143', 'learning_rate': '9.809e-06', 'epoch': '4.368'}
{'loss': '0.5875', 'grad_norm': '0.1262', 'learning_rate': '8.743e-06', 'epoch': '4.439'}
{'loss': '0.5417', 'grad_norm': '0.1086', 'learning_rate': '7.677e-06', 'epoch': '4.51'}
{'loss': '0.582', 'grad_norm': '0.09523', 'learning_rate': '6.611e-06', 'epoch': '4.581'}
{'loss': '0.5356', 'grad_norm': '0.09443', 'learning_rate': '5.544e-06', 'epoch': '4.651'}
{'loss': '0.5622', 'grad_norm': '0.1045', 'learning_rate': '4.478e-06', 'epoch': '4.722'}
{'loss': '0.5482', 'grad_norm': '0.1006', 'learning_rate': '3.412e-06', 'epoch': '4.793'}
{'loss': '0.5086', 'grad_norm': '0.1075', 'learning_rate': '2.346e-06', 'epoch': '4.864'}
{'loss': '0.534', 'grad_norm': '0.1045', 'learning_rate': '1.279e-06', 'epoch': '4.935'}
{'eval_loss': '0.07101', 'eval_runtime': '22.82', 'eval_samples_per_second': '6.18', 'eval_steps_per_second': '1.578', 'epoch': '4.935'}
{'loss': '0.5027', 'grad_norm': '0.0802', 'learning_rate': '2.132e-07', 'epoch': '5'}
{'train_runtime': '4278', 'train_samples_per_second': '0.66', 'train_steps_per_second': '0.083', 'train_loss': '2.04', 'epoch': '5'}

  Val F1: 0.9581  |  stopped at epoch: 5.00

============================================================
  Fold=3/5  |  rank=8, alpha=16, dropout=0.0, lr=7.36e-05
  Train: 565, Val: 141
============================================================

==((====))==  Unsloth 2026.3.18: Fast Qwen3_5_MoE patching. Transformers: 5.3.0.
   \\   /|    NVIDIA RTX 6000 Ada Generation. Num GPUs = 2. Max memory: 47.374 GB. Platform: Linux.
O^O/ \_/ \    Torch: 2.11.0+cu130. CUDA: 8.9. CUDA Toolkit: 13.0. Triton: 3.6.0
\        /    Bfloat16 = TRUE. FA [Xformers = 0.0.35. FA2 = False]
 "-____-"     Free license: http://github.com/unslothai/unsloth
Unsloth: Fast downloading is enabled - ignore downloading bars which are red colored!
Unsloth: Detected MoE model with num_experts = 256 and target_modules = ['q_proj', 'k_proj', 'v_proj', 'o_proj', 'gate_proj', 'up_proj', 'down_proj']. Enabling LoRA on MoE parameters: ['mlp.experts.gate_up_proj', 'mlp.experts.down_proj']
Unsloth: Making `model.base_model.model.model.language_model` require gradients
{'loss': '17.56', 'grad_norm': '0.9333', 'learning_rate': '2.943e-05', 'epoch': '0.0708'}
{'loss': '16.97', 'grad_norm': '0.8381', 'learning_rate': '6.621e-05', 'epoch': '0.1416'}
{'loss': '15.55', 'grad_norm': '0.7982', 'learning_rate': '7.272e-05', 'epoch': '0.2124'}
{'loss': '14', 'grad_norm': '0.8499', 'learning_rate': '7.165e-05', 'epoch': '0.2832'}
{'loss': '12.42', 'grad_norm': '0.9676', 'learning_rate': '7.058e-05', 'epoch': '0.354'}
{'loss': '10.51', 'grad_norm': '1.073', 'learning_rate': '6.952e-05', 'epoch': '0.4248'}
{'loss': '8.292', 'grad_norm': '1.269', 'learning_rate': '6.845e-05', 'epoch': '0.4956'}
{'loss': '6.172', 'grad_norm': '1.426', 'learning_rate': '6.739e-05', 'epoch': '0.5664'}
{'loss': '4.008', 'grad_norm': '1.454', 'learning_rate': '6.632e-05', 'epoch': '0.6372'}
{'loss': '2.276', 'grad_norm': '0.9817', 'learning_rate': '6.525e-05', 'epoch': '0.708'}
{'eval_loss': '0.1939', 'eval_runtime': '23.78', 'eval_samples_per_second': '5.928', 'eval_steps_per_second': '1.514', 'epoch': '0.708'}
{'loss': '1.237', 'grad_norm': '0.5329', 'learning_rate': '6.419e-05', 'epoch': '0.7788'}
{'loss': '0.9075', 'grad_norm': '0.3344', 'learning_rate': '6.312e-05', 'epoch': '0.8496'}
{'loss': '0.7423', 'grad_norm': '0.2281', 'learning_rate': '6.205e-05', 'epoch': '0.9204'}
{'loss': '0.6761', 'grad_norm': '0.1828', 'learning_rate': '6.099e-05', 'epoch': '0.9912'}
{'loss': '0.5931', 'grad_norm': '0.1503', 'learning_rate': '5.992e-05', 'epoch': '1.057'}
{'loss': '0.6568', 'grad_norm': '0.167', 'learning_rate': '5.886e-05', 'epoch': '1.127'}
{'loss': '0.6456', 'grad_norm': '0.1472', 'learning_rate': '5.779e-05', 'epoch': '1.198'}
{'loss': '0.6119', 'grad_norm': '0.1331', 'learning_rate': '5.672e-05', 'epoch': '1.269'}
{'loss': '0.6441', 'grad_norm': '0.1266', 'learning_rate': '5.566e-05', 'epoch': '1.34'}
{'loss': '0.61', 'grad_norm': '0.2167', 'learning_rate': '5.459e-05', 'epoch': '1.411'}
{'eval_loss': '0.07914', 'eval_runtime': '23', 'eval_samples_per_second': '6.13', 'eval_steps_per_second': '1.565', 'epoch': '1.411'}
{'loss': '0.5835', 'grad_norm': '0.1058', 'learning_rate': '5.352e-05', 'epoch': '1.481'}
{'loss': '0.6535', 'grad_norm': '0.1287', 'learning_rate': '5.246e-05', 'epoch': '1.552'}
{'loss': '0.6405', 'grad_norm': '0.1199', 'learning_rate': '5.139e-05', 'epoch': '1.623'}
{'loss': '0.5938', 'grad_norm': '0.1424', 'learning_rate': '5.033e-05', 'epoch': '1.694'}
{'loss': '0.5966', 'grad_norm': '0.1288', 'learning_rate': '4.926e-05', 'epoch': '1.765'}
{'loss': '0.5572', 'grad_norm': '0.1193', 'learning_rate': '4.819e-05', 'epoch': '1.835'}
{'loss': '0.647', 'grad_norm': '0.123', 'learning_rate': '4.713e-05', 'epoch': '1.906'}
{'loss': '0.6141', 'grad_norm': '0.1519', 'learning_rate': '4.606e-05', 'epoch': '1.977'}
{'loss': '0.5943', 'grad_norm': '0.1164', 'learning_rate': '4.499e-05', 'epoch': '2.042'}
{'loss': '0.5138', 'grad_norm': '0.1311', 'learning_rate': '4.393e-05', 'epoch': '2.113'}
{'eval_loss': '0.07519', 'eval_runtime': '23.06', 'eval_samples_per_second': '6.114', 'eval_steps_per_second': '1.561', 'epoch': '2.113'}
{'loss': '0.5841', 'grad_norm': '0.1069', 'learning_rate': '4.286e-05', 'epoch': '2.184'}
{'loss': '0.6309', 'grad_norm': '0.139', 'learning_rate': '4.18e-05', 'epoch': '2.255'}
{'loss': '0.6075', 'grad_norm': '0.1229', 'learning_rate': '4.073e-05', 'epoch': '2.326'}
{'loss': '0.5898', 'grad_norm': '0.1121', 'learning_rate': '3.966e-05', 'epoch': '2.396'}
{'loss': '0.5675', 'grad_norm': '0.1039', 'learning_rate': '3.86e-05', 'epoch': '2.467'}
{'loss': '0.5943', 'grad_norm': '0.1095', 'learning_rate': '3.753e-05', 'epoch': '2.538'}
{'loss': '0.5945', 'grad_norm': '0.114', 'learning_rate': '3.647e-05', 'epoch': '2.609'}
{'loss': '0.5066', 'grad_norm': '0.09975', 'learning_rate': '3.54e-05', 'epoch': '2.68'}
{'loss': '0.551', 'grad_norm': '0.1033', 'learning_rate': '3.433e-05', 'epoch': '2.75'}
{'loss': '0.5435', 'grad_norm': '0.1191', 'learning_rate': '3.327e-05', 'epoch': '2.821'}
{'eval_loss': '0.07308', 'eval_runtime': '23.47', 'eval_samples_per_second': '6.008', 'eval_steps_per_second': '1.534', 'epoch': '2.821'}
{'loss': '0.5604', 'grad_norm': '0.119', 'learning_rate': '3.22e-05', 'epoch': '2.892'}
{'loss': '0.5831', 'grad_norm': '0.1104', 'learning_rate': '3.113e-05', 'epoch': '2.963'}
{'loss': '0.5634', 'grad_norm': '0.1108', 'learning_rate': '3.007e-05', 'epoch': '3.028'}
{'loss': '0.5484', 'grad_norm': '0.1101', 'learning_rate': '2.9e-05', 'epoch': '3.099'}
{'loss': '0.5654', 'grad_norm': '0.1013', 'learning_rate': '2.794e-05', 'epoch': '3.17'}
{'loss': '0.6131', 'grad_norm': '0.1006', 'learning_rate': '2.687e-05', 'epoch': '3.241'}
{'loss': '0.5631', 'grad_norm': '0.1027', 'learning_rate': '2.58e-05', 'epoch': '3.312'}
{'loss': '0.602', 'grad_norm': '0.1077', 'learning_rate': '2.474e-05', 'epoch': '3.382'}
{'loss': '0.5432', 'grad_norm': '0.09563', 'learning_rate': '2.367e-05', 'epoch': '3.453'}
{'loss': '0.5494', 'grad_norm': '0.1344', 'learning_rate': '2.26e-05', 'epoch': '3.524'}
{'eval_loss': '0.0724', 'eval_runtime': '23.22', 'eval_samples_per_second': '6.073', 'eval_steps_per_second': '1.551', 'epoch': '3.524'}
{'loss': '0.5281', 'grad_norm': '0.08967', 'learning_rate': '2.154e-05', 'epoch': '3.595'}
{'loss': '0.5058', 'grad_norm': '0.1024', 'learning_rate': '2.047e-05', 'epoch': '3.665'}
{'loss': '0.578', 'grad_norm': '0.1098', 'learning_rate': '1.941e-05', 'epoch': '3.736'}
{'loss': '0.5119', 'grad_norm': '0.1176', 'learning_rate': '1.834e-05', 'epoch': '3.807'}
{'loss': '0.5679', 'grad_norm': '0.1278', 'learning_rate': '1.727e-05', 'epoch': '3.878'}
{'loss': '0.5676', 'grad_norm': '0.1099', 'learning_rate': '1.621e-05', 'epoch': '3.949'}
{'loss': '0.5586', 'grad_norm': '0.1327', 'learning_rate': '1.514e-05', 'epoch': '4.014'}
{'loss': '0.5577', 'grad_norm': '0.1063', 'learning_rate': '1.407e-05', 'epoch': '4.085'}
{'loss': '0.5336', 'grad_norm': '0.1054', 'learning_rate': '1.301e-05', 'epoch': '4.156'}
{'loss': '0.5399', 'grad_norm': '0.1062', 'learning_rate': '1.194e-05', 'epoch': '4.227'}
{'eval_loss': '0.07195', 'eval_runtime': '23.01', 'eval_samples_per_second': '6.127', 'eval_steps_per_second': '1.564', 'epoch': '4.227'}
{'loss': '0.586', 'grad_norm': '0.1353', 'learning_rate': '1.088e-05', 'epoch': '4.297'}
{'loss': '0.5671', 'grad_norm': '0.1003', 'learning_rate': '9.809e-06', 'epoch': '4.368'}
{'loss': '0.5484', 'grad_norm': '0.1196', 'learning_rate': '8.743e-06', 'epoch': '4.439'}
{'loss': '0.564', 'grad_norm': '0.1192', 'learning_rate': '7.677e-06', 'epoch': '4.51'}
{'loss': '0.5441', 'grad_norm': '0.1009', 'learning_rate': '6.611e-06', 'epoch': '4.581'}
{'loss': '0.5342', 'grad_norm': '0.09682', 'learning_rate': '5.544e-06', 'epoch': '4.651'}
{'loss': '0.4814', 'grad_norm': '0.09458', 'learning_rate': '4.478e-06', 'epoch': '4.722'}
{'loss': '0.5749', 'grad_norm': '0.09548', 'learning_rate': '3.412e-06', 'epoch': '4.793'}
{'loss': '0.5627', 'grad_norm': '0.1119', 'learning_rate': '2.346e-06', 'epoch': '4.864'}
{'loss': '0.5248', 'grad_norm': '0.1084', 'learning_rate': '1.279e-06', 'epoch': '4.935'}
{'eval_loss': '0.07187', 'eval_runtime': '22.87', 'eval_samples_per_second': '6.165', 'eval_steps_per_second': '1.574', 'epoch': '4.935'}
{'loss': '0.5493', 'grad_norm': '0.09207', 'learning_rate': '2.132e-07', 'epoch': '5'}
{'train_runtime': '4275', 'train_samples_per_second': '0.661', 'train_steps_per_second': '0.083', 'train_loss': '2.029', 'epoch': '5'}

  Val F1: 0.9689  |  stopped at epoch: 5.00

============================================================
  Fold=4/5  |  rank=8, alpha=16, dropout=0.0, lr=7.36e-05
  Train: 565, Val: 141
============================================================

==((====))==  Unsloth 2026.3.18: Fast Qwen3_5_MoE patching. Transformers: 5.3.0.
   \\   /|    NVIDIA RTX 6000 Ada Generation. Num GPUs = 2. Max memory: 47.374 GB. Platform: Linux.
O^O/ \_/ \    Torch: 2.11.0+cu130. CUDA: 8.9. CUDA Toolkit: 13.0. Triton: 3.6.0
\        /    Bfloat16 = TRUE. FA [Xformers = 0.0.35. FA2 = False]
 "-____-"     Free license: http://github.com/unslothai/unsloth
Unsloth: Fast downloading is enabled - ignore downloading bars which are red colored!
Unsloth: Detected MoE model with num_experts = 256 and target_modules = ['q_proj', 'k_proj', 'v_proj', 'o_proj', 'gate_proj', 'up_proj', 'down_proj']. Enabling LoRA on MoE parameters: ['mlp.experts.gate_up_proj', 'mlp.experts.down_proj']
Unsloth: Making `model.base_model.model.model.language_model` require gradients
{'loss': '17.64', 'grad_norm': '0.9333', 'learning_rate': '2.943e-05', 'epoch': '0.0708'}
{'loss': '17.03', 'grad_norm': '0.8401', 'learning_rate': '6.621e-05', 'epoch': '0.1416'}
{'loss': '15.55', 'grad_norm': '0.802', 'learning_rate': '7.272e-05', 'epoch': '0.2124'}
{'loss': '13.99', 'grad_norm': '0.8546', 'learning_rate': '7.165e-05', 'epoch': '0.2832'}
{'loss': '12.46', 'grad_norm': '0.9724', 'learning_rate': '7.058e-05', 'epoch': '0.354'}
{'loss': '10.55', 'grad_norm': '1.075', 'learning_rate': '6.952e-05', 'epoch': '0.4248'}
{'loss': '8.389', 'grad_norm': '1.263', 'learning_rate': '6.845e-05', 'epoch': '0.4956'}
{'loss': '6.252', 'grad_norm': '1.45', 'learning_rate': '6.739e-05', 'epoch': '0.5664'}
{'loss': '4.149', 'grad_norm': '1.46', 'learning_rate': '6.632e-05', 'epoch': '0.6372'}
{'loss': '2.319', 'grad_norm': '1.022', 'learning_rate': '6.525e-05', 'epoch': '0.708'}
{'eval_loss': '0.1968', 'eval_runtime': '22.84', 'eval_samples_per_second': '6.175', 'eval_steps_per_second': '1.576', 'epoch': '0.708'}
{'loss': '1.24', 'grad_norm': '0.584', 'learning_rate': '6.419e-05', 'epoch': '0.7788'}
{'loss': '0.8864', 'grad_norm': '0.3244', 'learning_rate': '6.312e-05', 'epoch': '0.8496'}
{'loss': '0.7873', 'grad_norm': '0.2339', 'learning_rate': '6.205e-05', 'epoch': '0.9204'}
{'loss': '0.7243', 'grad_norm': '0.2352', 'learning_rate': '6.099e-05', 'epoch': '0.9912'}
{'loss': '0.5923', 'grad_norm': '0.1775', 'learning_rate': '5.992e-05', 'epoch': '1.057'}
{'loss': '0.6766', 'grad_norm': '0.1438', 'learning_rate': '5.886e-05', 'epoch': '1.127'}
{'loss': '0.6443', 'grad_norm': '0.1446', 'learning_rate': '5.779e-05', 'epoch': '1.198'}
{'loss': '0.6398', 'grad_norm': '0.1362', 'learning_rate': '5.672e-05', 'epoch': '1.269'}
{'loss': '0.5837', 'grad_norm': '0.1437', 'learning_rate': '5.566e-05', 'epoch': '1.34'}
{'loss': '0.6262', 'grad_norm': '0.1327', 'learning_rate': '5.459e-05', 'epoch': '1.411'}
{'eval_loss': '0.07728', 'eval_runtime': '23.3', 'eval_samples_per_second': '6.052', 'eval_steps_per_second': '1.545', 'epoch': '1.411'}
{'loss': '0.5849', 'grad_norm': '0.1561', 'learning_rate': '5.352e-05', 'epoch': '1.481'}
{'loss': '0.5947', 'grad_norm': '0.1126', 'learning_rate': '5.246e-05', 'epoch': '1.552'}
{'loss': '0.6734', 'grad_norm': '0.1514', 'learning_rate': '5.139e-05', 'epoch': '1.623'}
{'loss': '0.6671', 'grad_norm': '0.129', 'learning_rate': '5.033e-05', 'epoch': '1.694'}
{'loss': '0.6069', 'grad_norm': '0.1045', 'learning_rate': '4.926e-05', 'epoch': '1.765'}
{'loss': '0.5943', 'grad_norm': '0.1166', 'learning_rate': '4.819e-05', 'epoch': '1.835'}
{'loss': '0.637', 'grad_norm': '0.1135', 'learning_rate': '4.713e-05', 'epoch': '1.906'}
{'loss': '0.6012', 'grad_norm': '0.1452', 'learning_rate': '4.606e-05', 'epoch': '1.977'}
{'loss': '0.5654', 'grad_norm': '0.1169', 'learning_rate': '4.499e-05', 'epoch': '2.042'}
{'loss': '0.5939', 'grad_norm': '0.1175', 'learning_rate': '4.393e-05', 'epoch': '2.113'}
{'eval_loss': '0.07376', 'eval_runtime': '24.4', 'eval_samples_per_second': '5.778', 'eval_steps_per_second': '1.475', 'epoch': '2.113'}
{'loss': '0.607', 'grad_norm': '0.1502', 'learning_rate': '4.286e-05', 'epoch': '2.184'}
{'loss': '0.5719', 'grad_norm': '0.1258', 'learning_rate': '4.18e-05', 'epoch': '2.255'}
{'loss': '0.5714', 'grad_norm': '0.1086', 'learning_rate': '4.073e-05', 'epoch': '2.326'}
{'loss': '0.5438', 'grad_norm': '0.1014', 'learning_rate': '3.966e-05', 'epoch': '2.396'}
{'loss': '0.5881', 'grad_norm': '0.1092', 'learning_rate': '3.86e-05', 'epoch': '2.467'}
{'loss': '0.5586', 'grad_norm': '0.1059', 'learning_rate': '3.753e-05', 'epoch': '2.538'}
{'loss': '0.6433', 'grad_norm': '0.1314', 'learning_rate': '3.647e-05', 'epoch': '2.609'}
{'loss': '0.5696', 'grad_norm': '0.09935', 'learning_rate': '3.54e-05', 'epoch': '2.68'}
{'loss': '0.5664', 'grad_norm': '0.09985', 'learning_rate': '3.433e-05', 'epoch': '2.75'}
{'loss': '0.5651', 'grad_norm': '0.1066', 'learning_rate': '3.327e-05', 'epoch': '2.821'}
{'eval_loss': '0.07147', 'eval_runtime': '23.52', 'eval_samples_per_second': '5.996', 'eval_steps_per_second': '1.531', 'epoch': '2.821'}
{'loss': '0.5414', 'grad_norm': '0.1084', 'learning_rate': '3.22e-05', 'epoch': '2.892'}
{'loss': '0.5596', 'grad_norm': '0.1115', 'learning_rate': '3.113e-05', 'epoch': '2.963'}
{'loss': '0.5004', 'grad_norm': '0.1101', 'learning_rate': '3.007e-05', 'epoch': '3.028'}
{'loss': '0.6075', 'grad_norm': '0.1019', 'learning_rate': '2.9e-05', 'epoch': '3.099'}
{'loss': '0.5255', 'grad_norm': '0.1143', 'learning_rate': '2.794e-05', 'epoch': '3.17'}
{'loss': '0.5651', 'grad_norm': '0.1011', 'learning_rate': '2.687e-05', 'epoch': '3.241'}
{'loss': '0.5555', 'grad_norm': '0.11', 'learning_rate': '2.58e-05', 'epoch': '3.312'}
{'loss': '0.6201', 'grad_norm': '0.117', 'learning_rate': '2.474e-05', 'epoch': '3.382'}
{'loss': '0.5641', 'grad_norm': '0.108', 'learning_rate': '2.367e-05', 'epoch': '3.453'}
{'loss': '0.5534', 'grad_norm': '0.1097', 'learning_rate': '2.26e-05', 'epoch': '3.524'}
{'eval_loss': '0.07083', 'eval_runtime': '24.79', 'eval_samples_per_second': '5.687', 'eval_steps_per_second': '1.452', 'epoch': '3.524'}
{'loss': '0.5831', 'grad_norm': '0.1048', 'learning_rate': '2.154e-05', 'epoch': '3.595'}
{'loss': '0.5691', 'grad_norm': '0.1278', 'learning_rate': '2.047e-05', 'epoch': '3.665'}
{'loss': '0.4916', 'grad_norm': '0.1085', 'learning_rate': '1.941e-05', 'epoch': '3.736'}
{'loss': '0.5402', 'grad_norm': '0.1206', 'learning_rate': '1.834e-05', 'epoch': '3.807'}
{'loss': '0.5574', 'grad_norm': '0.1089', 'learning_rate': '1.727e-05', 'epoch': '3.878'}
{'loss': '0.5962', 'grad_norm': '0.09799', 'learning_rate': '1.621e-05', 'epoch': '3.949'}
{'loss': '0.5483', 'grad_norm': '0.1213', 'learning_rate': '1.514e-05', 'epoch': '4.014'}
{'loss': '0.5393', 'grad_norm': '0.0993', 'learning_rate': '1.407e-05', 'epoch': '4.085'}
{'loss': '0.5691', 'grad_norm': '0.1131', 'learning_rate': '1.301e-05', 'epoch': '4.156'}
{'loss': '0.5539', 'grad_norm': '0.1', 'learning_rate': '1.194e-05', 'epoch': '4.227'}
{'eval_loss': '0.07046', 'eval_runtime': '23.68', 'eval_samples_per_second': '5.955', 'eval_steps_per_second': '1.52', 'epoch': '4.227'}
{'loss': '0.5428', 'grad_norm': '0.09542', 'learning_rate': '1.088e-05', 'epoch': '4.297'}
{'loss': '0.5328', 'grad_norm': '0.09704', 'learning_rate': '9.809e-06', 'epoch': '4.368'}
{'loss': '0.5269', 'grad_norm': '0.137', 'learning_rate': '8.743e-06', 'epoch': '4.439'}
{'loss': '0.5948', 'grad_norm': '0.1085', 'learning_rate': '7.677e-06', 'epoch': '4.51'}
{'loss': '0.5712', 'grad_norm': '0.1468', 'learning_rate': '6.611e-06', 'epoch': '4.581'}
{'loss': '0.5261', 'grad_norm': '0.09839', 'learning_rate': '5.544e-06', 'epoch': '4.651'}
{'loss': '0.5875', 'grad_norm': '0.1057', 'learning_rate': '4.478e-06', 'epoch': '4.722'}
{'loss': '0.5534', 'grad_norm': '0.1048', 'learning_rate': '3.412e-06', 'epoch': '4.793'}
{'loss': '0.5847', 'grad_norm': '0.1181', 'learning_rate': '2.346e-06', 'epoch': '4.864'}
{'loss': '0.5462', 'grad_norm': '0.1155', 'learning_rate': '1.279e-06', 'epoch': '4.935'}
{'eval_loss': '0.07034', 'eval_runtime': '24.68', 'eval_samples_per_second': '5.714', 'eval_steps_per_second': '1.459', 'epoch': '4.935'}
{'loss': '0.5128', 'grad_norm': '0.07504', 'learning_rate': '2.132e-07', 'epoch': '5'}
{'train_runtime': '4451', 'train_samples_per_second': '0.635', 'train_steps_per_second': '0.08', 'train_loss': '2.04', 'epoch': '5'}

  Val F1: 0.9704  |  stopped at epoch: 5.00

============================================================
  Fold=5/5  |  rank=8, alpha=16, dropout=0.0, lr=7.36e-05
  Train: 565, Val: 141
============================================================

==((====))==  Unsloth 2026.3.18: Fast Qwen3_5_MoE patching. Transformers: 5.3.0.
   \\   /|    NVIDIA RTX 6000 Ada Generation. Num GPUs = 2. Max memory: 47.374 GB. Platform: Linux.
O^O/ \_/ \    Torch: 2.11.0+cu130. CUDA: 8.9. CUDA Toolkit: 13.0. Triton: 3.6.0
\        /    Bfloat16 = TRUE. FA [Xformers = 0.0.35. FA2 = False]
 "-____-"     Free license: http://github.com/unslothai/unsloth
Unsloth: Fast downloading is enabled - ignore downloading bars which are red colored!
Unsloth: Detected MoE model with num_experts = 256 and target_modules = ['q_proj', 'k_proj', 'v_proj', 'o_proj', 'gate_proj', 'up_proj', 'down_proj']. Enabling LoRA on MoE parameters: ['mlp.experts.gate_up_proj', 'mlp.experts.down_proj']
Unsloth: Making `model.base_model.model.model.language_model` require gradients
{'loss': '17.57', 'grad_norm': '0.9447', 'learning_rate': '2.943e-05', 'epoch': '0.0708'}
{'loss': '17.02', 'grad_norm': '0.8409', 'learning_rate': '6.621e-05', 'epoch': '0.1416'}
{'loss': '15.53', 'grad_norm': '0.7943', 'learning_rate': '7.272e-05', 'epoch': '0.2124'}
{'loss': '14.07', 'grad_norm': '0.8571', 'learning_rate': '7.165e-05', 'epoch': '0.2832'}
{'loss': '12.46', 'grad_norm': '0.9662', 'learning_rate': '7.058e-05', 'epoch': '0.354'}
{'loss': '10.63', 'grad_norm': '1.09', 'learning_rate': '6.952e-05', 'epoch': '0.4248'}
{'loss': '8.469', 'grad_norm': '1.235', 'learning_rate': '6.845e-05', 'epoch': '0.4956'}
{'loss': '6.31', 'grad_norm': '1.44', 'learning_rate': '6.739e-05', 'epoch': '0.5664'}
{'loss': '4.032', 'grad_norm': '1.42', 'learning_rate': '6.632e-05', 'epoch': '0.6372'}
{'loss': '2.368', 'grad_norm': '1.026', 'learning_rate': '6.525e-05', 'epoch': '0.708'}
{'eval_loss': '0.1973', 'eval_runtime': '23.57', 'eval_samples_per_second': '5.981', 'eval_steps_per_second': '1.527', 'epoch': '0.708'}
{'loss': '1.237', 'grad_norm': '0.6002', 'learning_rate': '6.419e-05', 'epoch': '0.7788'}
{'loss': '0.9019', 'grad_norm': '0.3108', 'learning_rate': '6.312e-05', 'epoch': '0.8496'}
{'loss': '0.7398', 'grad_norm': '0.4096', 'learning_rate': '6.205e-05', 'epoch': '0.9204'}
{'loss': '0.6713', 'grad_norm': '0.1745', 'learning_rate': '6.099e-05', 'epoch': '0.9912'}
{'loss': '0.6597', 'grad_norm': '0.196', 'learning_rate': '5.992e-05', 'epoch': '1.057'}
{'loss': '0.6238', 'grad_norm': '0.1625', 'learning_rate': '5.886e-05', 'epoch': '1.127'}
{'loss': '0.6546', 'grad_norm': '0.1834', 'learning_rate': '5.779e-05', 'epoch': '1.198'}
{'loss': '0.6421', 'grad_norm': '0.1421', 'learning_rate': '5.672e-05', 'epoch': '1.269'}
{'loss': '0.6431', 'grad_norm': '0.1295', 'learning_rate': '5.566e-05', 'epoch': '1.34'}
{'loss': '0.6235', 'grad_norm': '0.1437', 'learning_rate': '5.459e-05', 'epoch': '1.411'}
{'eval_loss': '0.07561', 'eval_runtime': '25.02', 'eval_samples_per_second': '5.636', 'eval_steps_per_second': '1.439', 'epoch': '1.411'}
{'loss': '0.6434', 'grad_norm': '0.135', 'learning_rate': '5.352e-05', 'epoch': '1.481'}
{'loss': '0.6336', 'grad_norm': '0.1224', 'learning_rate': '5.246e-05', 'epoch': '1.552'}
{'loss': '0.6602', 'grad_norm': '0.1368', 'learning_rate': '5.139e-05', 'epoch': '1.623'}
{'loss': '0.5817', 'grad_norm': '0.1105', 'learning_rate': '5.033e-05', 'epoch': '1.694'}
{'loss': '0.5792', 'grad_norm': '0.1295', 'learning_rate': '4.926e-05', 'epoch': '1.765'}
{'loss': '0.5572', 'grad_norm': '0.09812', 'learning_rate': '4.819e-05', 'epoch': '1.835'}
{'loss': '0.6255', 'grad_norm': '0.1304', 'learning_rate': '4.713e-05', 'epoch': '1.906'}
{'loss': '0.6196', 'grad_norm': '0.1405', 'learning_rate': '4.606e-05', 'epoch': '1.977'}
{'loss': '0.5952', 'grad_norm': '0.1354', 'learning_rate': '4.499e-05', 'epoch': '2.042'}
{'loss': '0.5542', 'grad_norm': '0.1132', 'learning_rate': '4.393e-05', 'epoch': '2.113'}
{'eval_loss': '0.07137', 'eval_runtime': '23.47', 'eval_samples_per_second': '6.008', 'eval_steps_per_second': '1.534', 'epoch': '2.113'}
{'loss': '0.6074', 'grad_norm': '0.1306', 'learning_rate': '4.286e-05', 'epoch': '2.184'}
{'loss': '0.5623', 'grad_norm': '0.09802', 'learning_rate': '4.18e-05', 'epoch': '2.255'}
{'loss': '0.6284', 'grad_norm': '0.09983', 'learning_rate': '4.073e-05', 'epoch': '2.326'}
{'loss': '0.6148', 'grad_norm': '0.1129', 'learning_rate': '3.966e-05', 'epoch': '2.396'}
{'loss': '0.584', 'grad_norm': '0.1189', 'learning_rate': '3.86e-05', 'epoch': '2.467'}
{'loss': '0.6066', 'grad_norm': '0.1089', 'learning_rate': '3.753e-05', 'epoch': '2.538'}
{'loss': '0.6136', 'grad_norm': '0.1053', 'learning_rate': '3.647e-05', 'epoch': '2.609'}
{'loss': '0.5551', 'grad_norm': '0.1246', 'learning_rate': '3.54e-05', 'epoch': '2.68'}
{'loss': '0.5415', 'grad_norm': '0.1177', 'learning_rate': '3.433e-05', 'epoch': '2.75'}
{'loss': '0.5782', 'grad_norm': '0.1113', 'learning_rate': '3.327e-05', 'epoch': '2.821'}
{'eval_loss': '0.0696', 'eval_runtime': '24.16', 'eval_samples_per_second': '5.837', 'eval_steps_per_second': '1.49', 'epoch': '2.821'}
{'loss': '0.5218', 'grad_norm': '0.1401', 'learning_rate': '3.22e-05', 'epoch': '2.892'}
{'loss': '0.6143', 'grad_norm': '0.124', 'learning_rate': '3.113e-05', 'epoch': '2.963'}
{'loss': '0.5331', 'grad_norm': '0.126', 'learning_rate': '3.007e-05', 'epoch': '3.028'}
{'loss': '0.6047', 'grad_norm': '0.1102', 'learning_rate': '2.9e-05', 'epoch': '3.099'}
{'loss': '0.5336', 'grad_norm': '0.1013', 'learning_rate': '2.794e-05', 'epoch': '3.17'}
{'loss': '0.5738', 'grad_norm': '0.1086', 'learning_rate': '2.687e-05', 'epoch': '3.241'}
{'loss': '0.5594', 'grad_norm': '0.116', 'learning_rate': '2.58e-05', 'epoch': '3.312'}
{'loss': '0.5563', 'grad_norm': '0.1173', 'learning_rate': '2.474e-05', 'epoch': '3.382'}
{'loss': '0.583', 'grad_norm': '0.1079', 'learning_rate': '2.367e-05', 'epoch': '3.453'}
{'loss': '0.5575', 'grad_norm': '0.1237', 'learning_rate': '2.26e-05', 'epoch': '3.524'}
{'eval_loss': '0.06888', 'eval_runtime': '22.89', 'eval_samples_per_second': '6.16', 'eval_steps_per_second': '1.573', 'epoch': '3.524'}
{'loss': '0.5453', 'grad_norm': '0.09542', 'learning_rate': '2.154e-05', 'epoch': '3.595'}
{'loss': '0.5299', 'grad_norm': '0.09872', 'learning_rate': '2.047e-05', 'epoch': '3.665'}
{'loss': '0.5602', 'grad_norm': '0.1092', 'learning_rate': '1.941e-05', 'epoch': '3.736'}
{'loss': '0.5848', 'grad_norm': '0.1067', 'learning_rate': '1.834e-05', 'epoch': '3.807'}
{'loss': '0.584', 'grad_norm': '0.1087', 'learning_rate': '1.727e-05', 'epoch': '3.878'}
{'loss': '0.5781', 'grad_norm': '0.1054', 'learning_rate': '1.621e-05', 'epoch': '3.949'}
{'loss': '0.5153', 'grad_norm': '0.1043', 'learning_rate': '1.514e-05', 'epoch': '4.014'}
{'loss': '0.5651', 'grad_norm': '0.1179', 'learning_rate': '1.407e-05', 'epoch': '4.085'}
{'loss': '0.583', 'grad_norm': '0.09794', 'learning_rate': '1.301e-05', 'epoch': '4.156'}
{'loss': '0.6274', 'grad_norm': '0.1181', 'learning_rate': '1.194e-05', 'epoch': '4.227'}
{'eval_loss': '0.06847', 'eval_runtime': '23.59', 'eval_samples_per_second': '5.977', 'eval_steps_per_second': '1.526', 'epoch': '4.227'}
{'loss': '0.5288', 'grad_norm': '0.1087', 'learning_rate': '1.088e-05', 'epoch': '4.297'}
{'loss': '0.5725', 'grad_norm': '0.08889', 'learning_rate': '9.809e-06', 'epoch': '4.368'}
{'loss': '0.5895', 'grad_norm': '0.09947', 'learning_rate': '8.743e-06', 'epoch': '4.439'}
{'loss': '0.4849', 'grad_norm': '0.1033', 'learning_rate': '7.677e-06', 'epoch': '4.51'}
{'loss': '0.5849', 'grad_norm': '0.1175', 'learning_rate': '6.611e-06', 'epoch': '4.581'}
{'loss': '0.5278', 'grad_norm': '0.1193', 'learning_rate': '5.544e-06', 'epoch': '4.651'}
{'loss': '0.5433', 'grad_norm': '0.1221', 'learning_rate': '4.478e-06', 'epoch': '4.722'}
{'loss': '0.5782', 'grad_norm': '0.1254', 'learning_rate': '3.412e-06', 'epoch': '4.793'}
{'loss': '0.543', 'grad_norm': '0.1049', 'learning_rate': '2.346e-06', 'epoch': '4.864'}
{'loss': '0.4969', 'grad_norm': '0.1005', 'learning_rate': '1.279e-06', 'epoch': '4.935'}
{'eval_loss': '0.06827', 'eval_runtime': '23.39', 'eval_samples_per_second': '6.029', 'eval_steps_per_second': '1.539', 'epoch': '4.935'}
{'loss': '0.5797', 'grad_norm': '0.08418', 'learning_rate': '2.132e-07', 'epoch': '5'}
{'train_runtime': '4460', 'train_samples_per_second': '0.633', 'train_steps_per_second': '0.08', 'train_loss': '2.044', 'epoch': '5'}

  Val F1: 0.9682  |  stopped at epoch: 5.00

  Trial 1 done  |  mean_val_f1=0.9643  |  folds: ['0.9560', '0.9581', '0.9689', '0.9704', '0.9682']

************************************************************
  Trial 2  |  r=32, alpha=32, lr=1.11e-04
************************************************************

============================================================
  Fold=1/5  |  rank=32, alpha=32, dropout=0.0, lr=1.11e-04
  Train: 564, Val: 142
============================================================

==((====))==  Unsloth 2026.3.18: Fast Qwen3_5_MoE patching. Transformers: 5.3.0.
   \\   /|    NVIDIA RTX 6000 Ada Generation. Num GPUs = 2. Max memory: 47.374 GB. Platform: Linux.
O^O/ \_/ \    Torch: 2.11.0+cu130. CUDA: 8.9. CUDA Toolkit: 13.0. Triton: 3.6.0
\        /    Bfloat16 = TRUE. FA [Xformers = 0.0.35. FA2 = False]
 "-____-"     Free license: http://github.com/unslothai/unsloth
Unsloth: Fast downloading is enabled - ignore downloading bars which are red colored!
Unsloth: Detected MoE model with num_experts = 256 and target_modules = ['q_proj', 'k_proj', 'v_proj', 'o_proj', 'gate_proj', 'up_proj', 'down_proj']. Enabling LoRA on MoE parameters: ['mlp.experts.gate_up_proj', 'mlp.experts.down_proj']
Unsloth: Making `model.base_model.model.model.language_model` require gradients
{'loss': '17.49', 'grad_norm': '0.9117', 'learning_rate': '4.443e-05', 'epoch': '0.07092'}
{'loss': '15.71', 'grad_norm': '0.7091', 'learning_rate': '9.996e-05', 'epoch': '0.1418'}
{'loss': '12.72', 'grad_norm': '0.7982', 'learning_rate': '0.0001098', 'epoch': '0.2128'}
{'loss': '9.101', 'grad_norm': '0.8837', 'learning_rate': '0.0001082', 'epoch': '0.2837'}
{'loss': '5.309', 'grad_norm': '1.125', 'learning_rate': '0.0001066', 'epoch': '0.3546'}
{'loss': '2.106', 'grad_norm': '0.767', 'learning_rate': '0.0001049', 'epoch': '0.4255'}
{'loss': '0.8663', 'grad_norm': '0.24', 'learning_rate': '0.0001033', 'epoch': '0.4965'}
{'loss': '0.7184', 'grad_norm': '0.1439', 'learning_rate': '0.0001017', 'epoch': '0.5674'}
{'loss': '0.7237', 'grad_norm': '0.1286', 'learning_rate': '0.0001001', 'epoch': '0.6383'}
{'loss': '0.6683', 'grad_norm': '0.126', 'learning_rate': '9.851e-05', 'epoch': '0.7092'}
{'eval_loss': '0.08448', 'eval_runtime': '23.03', 'eval_samples_per_second': '6.166', 'eval_steps_per_second': '1.563', 'epoch': '0.7092'}
{'loss': '0.5991', 'grad_norm': '0.1184', 'learning_rate': '9.69e-05', 'epoch': '0.7801'}
{'loss': '0.6223', 'grad_norm': '0.09948', 'learning_rate': '9.529e-05', 'epoch': '0.8511'}
{'loss': '0.6121', 'grad_norm': '0.1077', 'learning_rate': '9.368e-05', 'epoch': '0.922'}
{'loss': '0.5468', 'grad_norm': '0.08497', 'learning_rate': '9.207e-05', 'epoch': '0.9929'}
{'loss': '0.5315', 'grad_norm': '0.08811', 'learning_rate': '9.046e-05', 'epoch': '1.057'}
{'loss': '0.5651', 'grad_norm': '0.08506', 'learning_rate': '8.885e-05', 'epoch': '1.128'}
{'loss': '0.6102', 'grad_norm': '0.07683', 'learning_rate': '8.724e-05', 'epoch': '1.199'}
{'loss': '0.61', 'grad_norm': '0.07897', 'learning_rate': '8.563e-05', 'epoch': '1.27'}
{'loss': '0.5223', 'grad_norm': '0.06838', 'learning_rate': '8.402e-05', 'epoch': '1.34'}
{'loss': '0.5676', 'grad_norm': '0.07182', 'learning_rate': '8.241e-05', 'epoch': '1.411'}
{'eval_loss': '0.07493', 'eval_runtime': '23.95', 'eval_samples_per_second': '5.928', 'eval_steps_per_second': '1.503', 'epoch': '1.411'}
{'loss': '0.5791', 'grad_norm': '0.07974', 'learning_rate': '8.08e-05', 'epoch': '1.482'}
{'loss': '0.5823', 'grad_norm': '0.07216', 'learning_rate': '7.919e-05', 'epoch': '1.553'}
{'loss': '0.5814', 'grad_norm': '0.08337', 'learning_rate': '7.758e-05', 'epoch': '1.624'}
{'loss': '0.5352', 'grad_norm': '0.06767', 'learning_rate': '7.598e-05', 'epoch': '1.695'}
{'loss': '0.563', 'grad_norm': '0.0856', 'learning_rate': '7.437e-05', 'epoch': '1.766'}
{'loss': '0.588', 'grad_norm': '0.07372', 'learning_rate': '7.276e-05', 'epoch': '1.837'}
{'loss': '0.5036', 'grad_norm': '0.06398', 'learning_rate': '7.115e-05', 'epoch': '1.908'}
{'loss': '0.5561', 'grad_norm': '0.07974', 'learning_rate': '6.954e-05', 'epoch': '1.979'}
{'loss': '0.4827', 'grad_norm': '0.0868', 'learning_rate': '6.793e-05', 'epoch': '2.043'}
{'loss': '0.5332', 'grad_norm': '0.06597', 'learning_rate': '6.632e-05', 'epoch': '2.113'}
{'eval_loss': '0.07381', 'eval_runtime': '23.32', 'eval_samples_per_second': '6.09', 'eval_steps_per_second': '1.544', 'epoch': '2.113'}
{'loss': '0.5456', 'grad_norm': '0.06688', 'learning_rate': '6.471e-05', 'epoch': '2.184'}
{'loss': '0.5407', 'grad_norm': '0.07523', 'learning_rate': '6.31e-05', 'epoch': '2.255'}
{'loss': '0.5421', 'grad_norm': '0.08208', 'learning_rate': '6.149e-05', 'epoch': '2.326'}
{'loss': '0.5013', 'grad_norm': '0.08136', 'learning_rate': '5.988e-05', 'epoch': '2.397'}
{'loss': '0.5341', 'grad_norm': '0.07926', 'learning_rate': '5.827e-05', 'epoch': '2.468'}
{'loss': '0.5721', 'grad_norm': '0.08003', 'learning_rate': '5.666e-05', 'epoch': '2.539'}
{'loss': '0.5312', 'grad_norm': '0.0887', 'learning_rate': '5.505e-05', 'epoch': '2.61'}
{'loss': '0.5434', 'grad_norm': '0.06717', 'learning_rate': '5.344e-05', 'epoch': '2.681'}
{'loss': '0.5737', 'grad_norm': '0.08891', 'learning_rate': '5.183e-05', 'epoch': '2.752'}
{'loss': '0.5384', 'grad_norm': '0.07663', 'learning_rate': '5.022e-05', 'epoch': '2.823'}
{'eval_loss': '0.07308', 'eval_runtime': '23.59', 'eval_samples_per_second': '6.019', 'eval_steps_per_second': '1.526', 'epoch': '2.823'}
{'loss': '0.5675', 'grad_norm': '0.07994', 'learning_rate': '4.861e-05', 'epoch': '2.894'}
{'loss': '0.5898', 'grad_norm': '0.07468', 'learning_rate': '4.7e-05', 'epoch': '2.965'}
{'loss': '0.4597', 'grad_norm': '0.06535', 'learning_rate': '4.539e-05', 'epoch': '3.028'}
{'loss': '0.5491', 'grad_norm': '0.0738', 'learning_rate': '4.378e-05', 'epoch': '3.099'}
{'loss': '0.5458', 'grad_norm': '0.07422', 'learning_rate': '4.217e-05', 'epoch': '3.17'}
{'loss': '0.5534', 'grad_norm': '0.07723', 'learning_rate': '4.056e-05', 'epoch': '3.241'}
{'loss': '0.4855', 'grad_norm': '0.06777', 'learning_rate': '3.895e-05', 'epoch': '3.312'}
{'loss': '0.4787', 'grad_norm': '0.07967', 'learning_rate': '3.734e-05', 'epoch': '3.383'}
{'loss': '0.566', 'grad_norm': '0.07338', 'learning_rate': '3.573e-05', 'epoch': '3.454'}
{'loss': '0.5275', 'grad_norm': '0.07799', 'learning_rate': '3.412e-05', 'epoch': '3.525'}
{'eval_loss': '0.07288', 'eval_runtime': '23.72', 'eval_samples_per_second': '5.986', 'eval_steps_per_second': '1.518', 'epoch': '3.525'}
{'loss': '0.5309', 'grad_norm': '0.0791', 'learning_rate': '3.251e-05', 'epoch': '3.596'}
{'loss': '0.5828', 'grad_norm': '0.07862', 'learning_rate': '3.091e-05', 'epoch': '3.667'}
{'loss': '0.565', 'grad_norm': '0.08044', 'learning_rate': '2.93e-05', 'epoch': '3.738'}
{'loss': '0.4963', 'grad_norm': '0.07209', 'learning_rate': '2.769e-05', 'epoch': '3.809'}
{'loss': '0.5706', 'grad_norm': '0.07026', 'learning_rate': '2.608e-05', 'epoch': '3.879'}
{'loss': '0.4856', 'grad_norm': '0.06474', 'learning_rate': '2.447e-05', 'epoch': '3.95'}
{'loss': '0.4703', 'grad_norm': '0.06302', 'learning_rate': '2.286e-05', 'epoch': '4.014'}
{'loss': '0.5486', 'grad_norm': '0.07986', 'learning_rate': '2.125e-05', 'epoch': '4.085'}
{'loss': '0.5413', 'grad_norm': '0.07135', 'learning_rate': '1.964e-05', 'epoch': '4.156'}
{'loss': '0.506', 'grad_norm': '0.07757', 'learning_rate': '1.803e-05', 'epoch': '4.227'}
{'eval_loss': '0.07268', 'eval_runtime': '24.54', 'eval_samples_per_second': '5.786', 'eval_steps_per_second': '1.467', 'epoch': '4.227'}
{'loss': '0.5638', 'grad_norm': '0.07606', 'learning_rate': '1.642e-05', 'epoch': '4.298'}
{'loss': '0.516', 'grad_norm': '0.06833', 'learning_rate': '1.481e-05', 'epoch': '4.369'}
{'loss': '0.5083', 'grad_norm': '0.07672', 'learning_rate': '1.32e-05', 'epoch': '4.44'}
{'loss': '0.5228', 'grad_norm': '0.07071', 'learning_rate': '1.159e-05', 'epoch': '4.511'}
{'loss': '0.4944', 'grad_norm': '0.07516', 'learning_rate': '9.98e-06', 'epoch': '4.582'}
{'loss': '0.4841', 'grad_norm': '0.06741', 'learning_rate': '8.37e-06', 'epoch': '4.652'}
{'loss': '0.5328', 'grad_norm': '0.06788', 'learning_rate': '6.761e-06', 'epoch': '4.723'}
{'loss': '0.5214', 'grad_norm': '0.07498', 'learning_rate': '5.151e-06', 'epoch': '4.794'}
{'loss': '0.5192', 'grad_norm': '0.07061', 'learning_rate': '3.541e-06', 'epoch': '4.865'}
{'loss': '0.4814', 'grad_norm': '0.07819', 'learning_rate': '1.932e-06', 'epoch': '4.936'}
{'eval_loss': '0.0726', 'eval_runtime': '23.63', 'eval_samples_per_second': '6.008', 'eval_steps_per_second': '1.523', 'epoch': '4.936'}
{'loss': '0.5366', 'grad_norm': '0.05123', 'learning_rate': '3.219e-07', 'epoch': '5'}
{'train_runtime': '4567', 'train_samples_per_second': '0.617', 'train_steps_per_second': '0.078', 'train_loss': '1.386', 'epoch': '5'}

************************************************************
  Trial 3  |  r=8, alpha=8, lr=6.52e-05
************************************************************

============================================================
  Fold=1/5  |  rank=8, alpha=8, dropout=0.0, lr=6.52e-05
  Train: 564, Val: 142
============================================================

==((====))==  Unsloth 2026.3.18: Fast Qwen3_5_MoE patching. Transformers: 5.3.0.
   \\   /|    NVIDIA RTX 6000 Ada Generation. Num GPUs = 2. Max memory: 47.374 GB. Platform: Linux.
O^O/ \_/ \    Torch: 2.11.0+cu130. CUDA: 8.9. CUDA Toolkit: 13.0. Triton: 3.6.0
\        /    Bfloat16 = TRUE. FA [Xformers = 0.0.35. FA2 = False]
 "-____-"     Free license: http://github.com/unslothai/unsloth
Unsloth: Fast downloading is enabled - ignore downloading bars which are red colored!
Unsloth: Detected MoE model with num_experts = 256 and target_modules = ['q_proj', 'k_proj', 'v_proj', 'o_proj', 'gate_proj', 'up_proj', 'down_proj']. Enabling LoRA on MoE parameters: ['mlp.experts.gate_up_proj', 'mlp.experts.down_proj']
Unsloth: Making `model.base_model.model.model.language_model` require gradients
{'loss': '17.6', 'grad_norm': '0.4783', 'learning_rate': '2.61e-05', 'epoch': '0.07092'}
{'loss': '17.36', 'grad_norm': '0.473', 'learning_rate': '5.872e-05', 'epoch': '0.1418'}
{'loss': '16.64', 'grad_norm': '0.5058', 'learning_rate': '6.449e-05', 'epoch': '0.2128'}
{'loss': '15.69', 'grad_norm': '0.4962', 'learning_rate': '6.354e-05', 'epoch': '0.2837'}
{'loss': '14.77', 'grad_norm': '0.5524', 'learning_rate': '6.259e-05', 'epoch': '0.3546'}
{'loss': '13.78', 'grad_norm': '0.5714', 'learning_rate': '6.165e-05', 'epoch': '0.4255'}
{'loss': '12.76', 'grad_norm': '0.6323', 'learning_rate': '6.07e-05', 'epoch': '0.4965'}
{'loss': '11.56', 'grad_norm': '0.684', 'learning_rate': '5.976e-05', 'epoch': '0.5674'}
{'loss': '10.23', 'grad_norm': '0.7564', 'learning_rate': '5.881e-05', 'epoch': '0.6383'}
{'loss': '8.655', 'grad_norm': '0.8407', 'learning_rate': '5.787e-05', 'epoch': '0.7092'}
{'eval_loss': '0.965', 'eval_runtime': '23.22', 'eval_samples_per_second': '6.115', 'eval_steps_per_second': '1.55', 'epoch': '0.7092'}
{'loss': '7.011', 'grad_norm': '0.9331', 'learning_rate': '5.692e-05', 'epoch': '0.7801'}
{'loss': '5.368', 'grad_norm': '0.9925', 'learning_rate': '5.598e-05', 'epoch': '0.8511'}
{'loss': '3.719', 'grad_norm': '0.9496', 'learning_rate': '5.503e-05', 'epoch': '0.922'}
{'loss': '2.36', 'grad_norm': '0.7113', 'learning_rate': '5.408e-05', 'epoch': '0.9929'}
{'loss': '1.427', 'grad_norm': '0.5285', 'learning_rate': '5.314e-05', 'epoch': '1.057'}
{'loss': '1.15', 'grad_norm': '0.3389', 'learning_rate': '5.219e-05', 'epoch': '1.128'}
{'loss': '0.9842', 'grad_norm': '0.2644', 'learning_rate': '5.125e-05', 'epoch': '1.199'}
{'loss': '0.8727', 'grad_norm': '0.1787', 'learning_rate': '5.03e-05', 'epoch': '1.27'}
{'loss': '0.7147', 'grad_norm': '0.1375', 'learning_rate': '4.936e-05', 'epoch': '1.34'}
{'loss': '0.7403', 'grad_norm': '0.153', 'learning_rate': '4.841e-05', 'epoch': '1.411'}
{'eval_loss': '0.09305', 'eval_runtime': '24.09', 'eval_samples_per_second': '5.895', 'eval_steps_per_second': '1.495', 'epoch': '1.411'}
{'loss': '0.7178', 'grad_norm': '0.1175', 'learning_rate': '4.747e-05', 'epoch': '1.482'}
{'loss': '0.7054', 'grad_norm': '0.1295', 'learning_rate': '4.652e-05', 'epoch': '1.553'}
{'loss': '0.709', 'grad_norm': '0.1435', 'learning_rate': '4.557e-05', 'epoch': '1.624'}
{'loss': '0.6446', 'grad_norm': '0.1051', 'learning_rate': '4.463e-05', 'epoch': '1.695'}
{'loss': '0.6598', 'grad_norm': '0.09808', 'learning_rate': '4.368e-05', 'epoch': '1.766'}
{'loss': '0.6761', 'grad_norm': '0.1017', 'learning_rate': '4.274e-05', 'epoch': '1.837'}
{'loss': '0.5919', 'grad_norm': '0.09322', 'learning_rate': '4.179e-05', 'epoch': '1.908'}
{'loss': '0.6391', 'grad_norm': '0.1117', 'learning_rate': '4.085e-05', 'epoch': '1.979'}
{'loss': '0.5536', 'grad_norm': '0.08587', 'learning_rate': '3.99e-05', 'epoch': '2.043'}
{'loss': '0.6134', 'grad_norm': '0.09067', 'learning_rate': '3.896e-05', 'epoch': '2.113'}
{'eval_loss': '0.08186', 'eval_runtime': '24.16', 'eval_samples_per_second': '5.877', 'eval_steps_per_second': '1.49', 'epoch': '2.113'}
{'loss': '0.6187', 'grad_norm': '0.08401', 'learning_rate': '3.801e-05', 'epoch': '2.184'}
{'loss': '0.6113', 'grad_norm': '0.08694', 'learning_rate': '3.706e-05', 'epoch': '2.255'}
{'loss': '0.6237', 'grad_norm': '0.08848', 'learning_rate': '3.612e-05', 'epoch': '2.326'}
{'loss': '0.5661', 'grad_norm': '0.1034', 'learning_rate': '3.517e-05', 'epoch': '2.397'}
{'loss': '0.6117', 'grad_norm': '0.09258', 'learning_rate': '3.423e-05', 'epoch': '2.468'}
{'loss': '0.648', 'grad_norm': '0.1025', 'learning_rate': '3.328e-05', 'epoch': '2.539'}
{'loss': '0.6025', 'grad_norm': '0.0991', 'learning_rate': '3.234e-05', 'epoch': '2.61'}
{'loss': '0.6181', 'grad_norm': '0.08572', 'learning_rate': '3.139e-05', 'epoch': '2.681'}
{'loss': '0.6425', 'grad_norm': '0.09644', 'learning_rate': '3.045e-05', 'epoch': '2.752'}
{'loss': '0.5905', 'grad_norm': '0.08692', 'learning_rate': '2.95e-05', 'epoch': '2.823'}
{'eval_loss': '0.07938', 'eval_runtime': '24.19', 'eval_samples_per_second': '5.869', 'eval_steps_per_second': '1.488', 'epoch': '2.823'}
{'loss': '0.6271', 'grad_norm': '0.09888', 'learning_rate': '2.856e-05', 'epoch': '2.894'}
{'loss': '0.6612', 'grad_norm': '0.1103', 'learning_rate': '2.761e-05', 'epoch': '2.965'}
{'loss': '0.5192', 'grad_norm': '0.07733', 'learning_rate': '2.666e-05', 'epoch': '3.028'}
{'loss': '0.6177', 'grad_norm': '0.08449', 'learning_rate': '2.572e-05', 'epoch': '3.099'}
{'loss': '0.61', 'grad_norm': '0.08532', 'learning_rate': '2.477e-05', 'epoch': '3.17'}
{'loss': '0.6195', 'grad_norm': '0.1012', 'learning_rate': '2.383e-05', 'epoch': '3.241'}
{'loss': '0.5477', 'grad_norm': '0.07867', 'learning_rate': '2.288e-05', 'epoch': '3.312'}
{'loss': '0.5408', 'grad_norm': '0.09354', 'learning_rate': '2.194e-05', 'epoch': '3.383'}
{'loss': '0.6257', 'grad_norm': '0.07364', 'learning_rate': '2.099e-05', 'epoch': '3.454'}
{'loss': '0.5942', 'grad_norm': '0.09165', 'learning_rate': '2.005e-05', 'epoch': '3.525'}
{'eval_loss': '0.0783', 'eval_runtime': '23.54', 'eval_samples_per_second': '6.032', 'eval_steps_per_second': '1.529', 'epoch': '3.525'}
{'loss': '0.6019', 'grad_norm': '0.08608', 'learning_rate': '1.91e-05', 'epoch': '3.596'}
{'loss': '0.6502', 'grad_norm': '0.08913', 'learning_rate': '1.815e-05', 'epoch': '3.667'}
{'loss': '0.6308', 'grad_norm': '0.09693', 'learning_rate': '1.721e-05', 'epoch': '3.738'}
{'loss': '0.5489', 'grad_norm': '0.09158', 'learning_rate': '1.626e-05', 'epoch': '3.809'}
{'loss': '0.6376', 'grad_norm': '0.08157', 'learning_rate': '1.532e-05', 'epoch': '3.879'}
{'loss': '0.5466', 'grad_norm': '0.07438', 'learning_rate': '1.437e-05', 'epoch': '3.95'}
{'loss': '0.5286', 'grad_norm': '0.07151', 'learning_rate': '1.343e-05', 'epoch': '4.014'}
{'loss': '0.6107', 'grad_norm': '0.09523', 'learning_rate': '1.248e-05', 'epoch': '4.085'}
{'loss': '0.6103', 'grad_norm': '0.08506', 'learning_rate': '1.154e-05', 'epoch': '4.156'}
{'loss': '0.5639', 'grad_norm': '0.08457', 'learning_rate': '1.059e-05', 'epoch': '4.227'}
{'eval_loss': '0.0774', 'eval_runtime': '24.01', 'eval_samples_per_second': '5.915', 'eval_steps_per_second': '1.5', 'epoch': '4.227'}
{'loss': '0.6252', 'grad_norm': '0.08524', 'learning_rate': '9.644e-06', 'epoch': '4.298'}
{'loss': '0.5785', 'grad_norm': '0.0758', 'learning_rate': '8.699e-06', 'epoch': '4.369'}
{'loss': '0.5729', 'grad_norm': '0.08654', 'learning_rate': '7.753e-06', 'epoch': '4.44'}
{'loss': '0.5843', 'grad_norm': '0.07843', 'learning_rate': '6.808e-06', 'epoch': '4.511'}
{'loss': '0.5574', 'grad_norm': '0.08624', 'learning_rate': '5.862e-06', 'epoch': '4.582'}
{'loss': '0.546', 'grad_norm': '0.07972', 'learning_rate': '4.917e-06', 'epoch': '4.652'}
{'loss': '0.5958', 'grad_norm': '0.0812', 'learning_rate': '3.971e-06', 'epoch': '4.723'}
{'loss': '0.5918', 'grad_norm': '0.08657', 'learning_rate': '3.026e-06', 'epoch': '4.794'}
{'loss': '0.5791', 'grad_norm': '0.07541', 'learning_rate': '2.08e-06', 'epoch': '4.865'}
{'loss': '0.5347', 'grad_norm': '0.08703', 'learning_rate': '1.135e-06', 'epoch': '4.936'}
{'eval_loss': '0.07699', 'eval_runtime': '22.74', 'eval_samples_per_second': '6.245', 'eval_steps_per_second': '1.583', 'epoch': '4.936'}
{'loss': '0.5988', 'grad_norm': '0.06158', 'learning_rate': '1.891e-07', 'epoch': '5'}
{'train_runtime': '4490', 'train_samples_per_second': '0.628', 'train_steps_per_second': '0.079', 'train_loss': '2.737', 'epoch': '5'}

  Val F1: 0.9620  |  stopped at epoch: 5.00

============================================================
  Fold=2/5  |  rank=8, alpha=8, dropout=0.0, lr=6.52e-05
  Train: 565, Val: 141
============================================================

==((====))==  Unsloth 2026.3.18: Fast Qwen3_5_MoE patching. Transformers: 5.3.0.
   \\   /|    NVIDIA RTX 6000 Ada Generation. Num GPUs = 2. Max memory: 47.374 GB. Platform: Linux.
O^O/ \_/ \    Torch: 2.11.0+cu130. CUDA: 8.9. CUDA Toolkit: 13.0. Triton: 3.6.0
\        /    Bfloat16 = TRUE. FA [Xformers = 0.0.35. FA2 = False]
 "-____-"     Free license: http://github.com/unslothai/unsloth
Unsloth: Fast downloading is enabled - ignore downloading bars which are red colored!
Unsloth: Detected MoE model with num_experts = 256 and target_modules = ['q_proj', 'k_proj', 'v_proj', 'o_proj', 'gate_proj', 'up_proj', 'down_proj']. Enabling LoRA on MoE parameters: ['mlp.experts.gate_up_proj', 'mlp.experts.down_proj']
Unsloth: Making `model.base_model.model.model.language_model` require gradients
{'loss': '17.59', 'grad_norm': '0.4841', 'learning_rate': '2.61e-05', 'epoch': '0.0708'}
{'loss': '17.38', 'grad_norm': '0.4797', 'learning_rate': '5.872e-05', 'epoch': '0.1416'}
{'loss': '16.65', 'grad_norm': '0.4862', 'learning_rate': '6.449e-05', 'epoch': '0.2124'}
{'loss': '15.67', 'grad_norm': '0.4992', 'learning_rate': '6.354e-05', 'epoch': '0.2832'}
{'loss': '14.73', 'grad_norm': '0.5241', 'learning_rate': '6.259e-05', 'epoch': '0.354'}
{'loss': '13.78', 'grad_norm': '0.5681', 'learning_rate': '6.165e-05', 'epoch': '0.4248'}
{'loss': '12.75', 'grad_norm': '0.6295', 'learning_rate': '6.07e-05', 'epoch': '0.4956'}
{'loss': '11.56', 'grad_norm': '0.6835', 'learning_rate': '5.976e-05', 'epoch': '0.5664'}
{'loss': '10.18', 'grad_norm': '0.7579', 'learning_rate': '5.881e-05', 'epoch': '0.6372'}
{'loss': '8.649', 'grad_norm': '0.8429', 'learning_rate': '5.787e-05', 'epoch': '0.708'}
{'eval_loss': '0.9609', 'eval_runtime': '24.07', 'eval_samples_per_second': '5.858', 'eval_steps_per_second': '1.496', 'epoch': '0.708'}
{'loss': '7.045', 'grad_norm': '0.9446', 'learning_rate': '5.692e-05', 'epoch': '0.7788'}
{'loss': '5.286', 'grad_norm': '0.9958', 'learning_rate': '5.598e-05', 'epoch': '0.8496'}
{'loss': '3.718', 'grad_norm': '0.9231', 'learning_rate': '5.503e-05', 'epoch': '0.9204'}
{'loss': '2.419', 'grad_norm': '0.7074', 'learning_rate': '5.408e-05', 'epoch': '0.9912'}
{'loss': '1.462', 'grad_norm': '0.5375', 'learning_rate': '5.314e-05', 'epoch': '1.057'}
{'loss': '1.16', 'grad_norm': '0.3621', 'learning_rate': '5.219e-05', 'epoch': '1.127'}
{'loss': '0.9622', 'grad_norm': '0.2536', 'learning_rate': '5.125e-05', 'epoch': '1.198'}
{'loss': '0.777', 'grad_norm': '0.1858', 'learning_rate': '5.03e-05', 'epoch': '1.269'}
{'loss': '0.7582', 'grad_norm': '0.158', 'learning_rate': '4.936e-05', 'epoch': '1.34'}
{'loss': '0.707', 'grad_norm': '0.1193', 'learning_rate': '4.841e-05', 'epoch': '1.411'}
{'eval_loss': '0.09117', 'eval_runtime': '23.28', 'eval_samples_per_second': '6.058', 'eval_steps_per_second': '1.547', 'epoch': '1.411'}
{'loss': '0.6579', 'grad_norm': '0.1298', 'learning_rate': '4.747e-05', 'epoch': '1.481'}
{'loss': '0.7124', 'grad_norm': '0.1174', 'learning_rate': '4.652e-05', 'epoch': '1.552'}
{'loss': '0.7472', 'grad_norm': '0.133', 'learning_rate': '4.557e-05', 'epoch': '1.623'}
{'loss': '0.7222', 'grad_norm': '0.1305', 'learning_rate': '4.463e-05', 'epoch': '1.694'}
{'loss': '0.6449', 'grad_norm': '0.1111', 'learning_rate': '4.368e-05', 'epoch': '1.765'}
{'loss': '0.7041', 'grad_norm': '0.1441', 'learning_rate': '4.274e-05', 'epoch': '1.835'}
{'loss': '0.6623', 'grad_norm': '0.1038', 'learning_rate': '4.179e-05', 'epoch': '1.906'}
{'loss': '0.6592', 'grad_norm': '0.1044', 'learning_rate': '4.085e-05', 'epoch': '1.977'}
{'loss': '0.5372', 'grad_norm': '0.08609', 'learning_rate': '3.99e-05', 'epoch': '2.042'}
{'loss': '0.6589', 'grad_norm': '0.1163', 'learning_rate': '3.896e-05', 'epoch': '2.113'}
{'eval_loss': '0.07983', 'eval_runtime': '23.26', 'eval_samples_per_second': '6.061', 'eval_steps_per_second': '1.548', 'epoch': '2.113'}
{'loss': '0.6097', 'grad_norm': '0.09058', 'learning_rate': '3.801e-05', 'epoch': '2.184'}
{'loss': '0.5428', 'grad_norm': '0.07068', 'learning_rate': '3.706e-05', 'epoch': '2.255'}
{'loss': '0.6274', 'grad_norm': '0.08436', 'learning_rate': '3.612e-05', 'epoch': '2.326'}
{'loss': '0.6236', 'grad_norm': '0.09521', 'learning_rate': '3.517e-05', 'epoch': '2.396'}
{'loss': '0.7062', 'grad_norm': '0.1008', 'learning_rate': '3.423e-05', 'epoch': '2.467'}
{'loss': '0.6247', 'grad_norm': '0.1062', 'learning_rate': '3.328e-05', 'epoch': '2.538'}
{'loss': '0.6322', 'grad_norm': '0.1042', 'learning_rate': '3.234e-05', 'epoch': '2.609'}
{'loss': '0.6155', 'grad_norm': '0.08965', 'learning_rate': '3.139e-05', 'epoch': '2.68'}
{'loss': '0.6561', 'grad_norm': '0.08905', 'learning_rate': '3.045e-05', 'epoch': '2.75'}
{'loss': '0.5808', 'grad_norm': '0.08508', 'learning_rate': '2.95e-05', 'epoch': '2.821'}
{'eval_loss': '0.07718', 'eval_runtime': '23.65', 'eval_samples_per_second': '5.962', 'eval_steps_per_second': '1.522', 'epoch': '2.821'}
{'loss': '0.6489', 'grad_norm': '0.09776', 'learning_rate': '2.856e-05', 'epoch': '2.892'}
{'loss': '0.5688', 'grad_norm': '0.1014', 'learning_rate': '2.761e-05', 'epoch': '2.963'}
{'loss': '0.579', 'grad_norm': '0.09923', 'learning_rate': '2.666e-05', 'epoch': '3.028'}
{'loss': '0.5901', 'grad_norm': '0.08785', 'learning_rate': '2.572e-05', 'epoch': '3.099'}
{'loss': '0.6362', 'grad_norm': '0.1077', 'learning_rate': '2.477e-05', 'epoch': '3.17'}
{'loss': '0.6468', 'grad_norm': '0.08601', 'learning_rate': '2.383e-05', 'epoch': '3.241'}
{'loss': '0.5659', 'grad_norm': '0.07517', 'learning_rate': '2.288e-05', 'epoch': '3.312'}
{'loss': '0.6304', 'grad_norm': '0.09785', 'learning_rate': '2.194e-05', 'epoch': '3.382'}
{'loss': '0.5939', 'grad_norm': '0.08433', 'learning_rate': '2.099e-05', 'epoch': '3.453'}
{'loss': '0.5906', 'grad_norm': '0.0852', 'learning_rate': '2.005e-05', 'epoch': '3.524'}
{'eval_loss': '0.07573', 'eval_runtime': '22.63', 'eval_samples_per_second': '6.232', 'eval_steps_per_second': '1.591', 'epoch': '3.524'}
{'loss': '0.6072', 'grad_norm': '0.09455', 'learning_rate': '1.91e-05', 'epoch': '3.595'}
{'loss': '0.5919', 'grad_norm': '0.0827', 'learning_rate': '1.815e-05', 'epoch': '3.665'}
{'loss': '0.592', 'grad_norm': '0.08716', 'learning_rate': '1.721e-05', 'epoch': '3.736'}
{'loss': '0.5639', 'grad_norm': '0.07922', 'learning_rate': '1.626e-05', 'epoch': '3.807'}
{'loss': '0.6201', 'grad_norm': '0.0794', 'learning_rate': '1.532e-05', 'epoch': '3.878'}
{'loss': '0.546', 'grad_norm': '0.0841', 'learning_rate': '1.437e-05', 'epoch': '3.949'}
{'loss': '0.5963', 'grad_norm': '0.1215', 'learning_rate': '1.343e-05', 'epoch': '4.014'}
{'loss': '0.6039', 'grad_norm': '0.08292', 'learning_rate': '1.248e-05', 'epoch': '4.085'}
{'loss': '0.6335', 'grad_norm': '0.07662', 'learning_rate': '1.154e-05', 'epoch': '4.156'}
{'loss': '0.632', 'grad_norm': '0.07826', 'learning_rate': '1.059e-05', 'epoch': '4.227'}
{'eval_loss': '0.07502', 'eval_runtime': '23.25', 'eval_samples_per_second': '6.066', 'eval_steps_per_second': '1.549', 'epoch': '4.227'}
{'loss': '0.5775', 'grad_norm': '0.07831', 'learning_rate': '9.644e-06', 'epoch': '4.297'}
{'loss': '0.5264', 'grad_norm': '0.09518', 'learning_rate': '8.699e-06', 'epoch': '4.368'}
{'loss': '0.6203', 'grad_norm': '0.09658', 'learning_rate': '7.753e-06', 'epoch': '4.439'}
{'loss': '0.5735', 'grad_norm': '0.07969', 'learning_rate': '6.808e-06', 'epoch': '4.51'}
{'loss': '0.6184', 'grad_norm': '0.074', 'learning_rate': '5.862e-06', 'epoch': '4.581'}
{'loss': '0.5699', 'grad_norm': '0.08869', 'learning_rate': '4.917e-06', 'epoch': '4.651'}
{'loss': '0.5986', 'grad_norm': '0.08176', 'learning_rate': '3.971e-06', 'epoch': '4.722'}
{'loss': '0.5797', 'grad_norm': '0.07852', 'learning_rate': '3.026e-06', 'epoch': '4.793'}
{'loss': '0.5404', 'grad_norm': '0.08071', 'learning_rate': '2.08e-06', 'epoch': '4.864'}
{'loss': '0.572', 'grad_norm': '0.08384', 'learning_rate': '1.135e-06', 'epoch': '4.935'}
{'eval_loss': '0.07464', 'eval_runtime': '23.91', 'eval_samples_per_second': '5.896', 'eval_steps_per_second': '1.505', 'epoch': '4.935'}
{'loss': '0.5361', 'grad_norm': '0.06236', 'learning_rate': '1.891e-07', 'epoch': '5'}
{'train_runtime': '4393', 'train_samples_per_second': '0.643', 'train_steps_per_second': '0.081', 'train_loss': '2.74', 'epoch': '5'}

  Val F1: 0.9701  |  stopped at epoch: 5.00

============================================================
  Fold=3/5  |  rank=8, alpha=8, dropout=0.0, lr=6.52e-05
  Train: 565, Val: 141
============================================================

==((====))==  Unsloth 2026.3.18: Fast Qwen3_5_MoE patching. Transformers: 5.3.0.
   \\   /|    NVIDIA RTX 6000 Ada Generation. Num GPUs = 2. Max memory: 47.374 GB. Platform: Linux.
O^O/ \_/ \    Torch: 2.11.0+cu130. CUDA: 8.9. CUDA Toolkit: 13.0. Triton: 3.6.0
\        /    Bfloat16 = TRUE. FA [Xformers = 0.0.35. FA2 = False]
 "-____-"     Free license: http://github.com/unslothai/unsloth
Unsloth: Fast downloading is enabled - ignore downloading bars which are red colored!
Unsloth: Detected MoE model with num_experts = 256 and target_modules = ['q_proj', 'k_proj', 'v_proj', 'o_proj', 'gate_proj', 'up_proj', 'down_proj']. Enabling LoRA on MoE parameters: ['mlp.experts.gate_up_proj', 'mlp.experts.down_proj']
Unsloth: Making `model.base_model.model.model.language_model` require gradients
{'loss': '17.58', 'grad_norm': '0.4695', 'learning_rate': '2.61e-05', 'epoch': '0.0708'}
{'loss': '17.36', 'grad_norm': '0.4799', 'learning_rate': '5.872e-05', 'epoch': '0.1416'}
{'loss': '16.68', 'grad_norm': '0.4935', 'learning_rate': '6.449e-05', 'epoch': '0.2124'}
{'loss': '15.71', 'grad_norm': '0.497', 'learning_rate': '6.354e-05', 'epoch': '0.2832'}
{'loss': '14.78', 'grad_norm': '0.5328', 'learning_rate': '6.259e-05', 'epoch': '0.354'}
{'loss': '13.79', 'grad_norm': '0.5722', 'learning_rate': '6.165e-05', 'epoch': '0.4248'}
{'loss': '12.73', 'grad_norm': '0.633', 'learning_rate': '6.07e-05', 'epoch': '0.4956'}
{'loss': '11.6', 'grad_norm': '0.6833', 'learning_rate': '5.976e-05', 'epoch': '0.5664'}
{'loss': '10.25', 'grad_norm': '0.7536', 'learning_rate': '5.881e-05', 'epoch': '0.6372'}
{'loss': '8.663', 'grad_norm': '0.8361', 'learning_rate': '5.787e-05', 'epoch': '0.708'}
{'eval_loss': '0.9651', 'eval_runtime': '23.32', 'eval_samples_per_second': '6.045', 'eval_steps_per_second': '1.543', 'epoch': '0.708'}
{'loss': '7.057', 'grad_norm': '0.9607', 'learning_rate': '5.692e-05', 'epoch': '0.7788'}
{'loss': '5.41', 'grad_norm': '0.9994', 'learning_rate': '5.598e-05', 'epoch': '0.8496'}
{'loss': '3.707', 'grad_norm': '0.9338', 'learning_rate': '5.503e-05', 'epoch': '0.9204'}
{'loss': '2.377', 'grad_norm': '0.713', 'learning_rate': '5.408e-05', 'epoch': '0.9912'}
{'loss': '1.425', 'grad_norm': '0.5333', 'learning_rate': '5.314e-05', 'epoch': '1.057'}
{'loss': '1.153', 'grad_norm': '0.3442', 'learning_rate': '5.219e-05', 'epoch': '1.127'}
{'loss': '0.9449', 'grad_norm': '0.2291', 'learning_rate': '5.125e-05', 'epoch': '1.198'}
{'loss': '0.8109', 'grad_norm': '0.1868', 'learning_rate': '5.03e-05', 'epoch': '1.269'}
{'loss': '0.7912', 'grad_norm': '0.1433', 'learning_rate': '4.936e-05', 'epoch': '1.34'}
{'loss': '0.7205', 'grad_norm': '0.1178', 'learning_rate': '4.841e-05', 'epoch': '1.411'}
{'eval_loss': '0.09169', 'eval_runtime': '23.67', 'eval_samples_per_second': '5.957', 'eval_steps_per_second': '1.521', 'epoch': '1.411'}
{'loss': '0.6764', 'grad_norm': '0.1184', 'learning_rate': '4.747e-05', 'epoch': '1.481'}
{'loss': '0.7407', 'grad_norm': '0.136', 'learning_rate': '4.652e-05', 'epoch': '1.552'}
{'loss': '0.7105', 'grad_norm': '0.1129', 'learning_rate': '4.557e-05', 'epoch': '1.623'}
{'loss': '0.6609', 'grad_norm': '0.1331', 'learning_rate': '4.463e-05', 'epoch': '1.694'}
{'loss': '0.6574', 'grad_norm': '0.09882', 'learning_rate': '4.368e-05', 'epoch': '1.765'}
{'loss': '0.6157', 'grad_norm': '0.09815', 'learning_rate': '4.274e-05', 'epoch': '1.835'}
{'loss': '0.6945', 'grad_norm': '0.1017', 'learning_rate': '4.179e-05', 'epoch': '1.906'}
{'loss': '0.6661', 'grad_norm': '0.1106', 'learning_rate': '4.085e-05', 'epoch': '1.977'}
{'loss': '0.6383', 'grad_norm': '0.09631', 'learning_rate': '3.99e-05', 'epoch': '2.042'}
{'loss': '0.5631', 'grad_norm': '0.09213', 'learning_rate': '3.896e-05', 'epoch': '2.113'}
{'eval_loss': '0.08051', 'eval_runtime': '23.54', 'eval_samples_per_second': '5.99', 'eval_steps_per_second': '1.529', 'epoch': '2.113'}
{'loss': '0.6281', 'grad_norm': '0.08375', 'learning_rate': '3.801e-05', 'epoch': '2.184'}
{'loss': '0.6756', 'grad_norm': '0.1125', 'learning_rate': '3.706e-05', 'epoch': '2.255'}
{'loss': '0.6543', 'grad_norm': '0.09167', 'learning_rate': '3.612e-05', 'epoch': '2.326'}
{'loss': '0.6378', 'grad_norm': '0.09542', 'learning_rate': '3.517e-05', 'epoch': '2.396'}
{'loss': '0.6142', 'grad_norm': '0.08123', 'learning_rate': '3.423e-05', 'epoch': '2.467'}
{'loss': '0.6367', 'grad_norm': '0.08771', 'learning_rate': '3.328e-05', 'epoch': '2.538'}
{'loss': '0.6369', 'grad_norm': '0.08577', 'learning_rate': '3.234e-05', 'epoch': '2.609'}
{'loss': '0.5489', 'grad_norm': '0.07731', 'learning_rate': '3.139e-05', 'epoch': '2.68'}
{'loss': '0.5919', 'grad_norm': '0.08016', 'learning_rate': '3.045e-05', 'epoch': '2.75'}
{'loss': '0.5863', 'grad_norm': '0.1036', 'learning_rate': '2.95e-05', 'epoch': '2.821'}
{'eval_loss': '0.07802', 'eval_runtime': '22.94', 'eval_samples_per_second': '6.146', 'eval_steps_per_second': '1.569', 'epoch': '2.821'}
{'loss': '0.6032', 'grad_norm': '0.0852', 'learning_rate': '2.856e-05', 'epoch': '2.892'}
{'loss': '0.6227', 'grad_norm': '0.08554', 'learning_rate': '2.761e-05', 'epoch': '2.963'}
{'loss': '0.6041', 'grad_norm': '0.09229', 'learning_rate': '2.666e-05', 'epoch': '3.028'}
{'loss': '0.5941', 'grad_norm': '0.08656', 'learning_rate': '2.572e-05', 'epoch': '3.099'}
{'loss': '0.6119', 'grad_norm': '0.07745', 'learning_rate': '2.477e-05', 'epoch': '3.17'}
{'loss': '0.6525', 'grad_norm': '0.07801', 'learning_rate': '2.383e-05', 'epoch': '3.241'}
{'loss': '0.6039', 'grad_norm': '0.0804', 'learning_rate': '2.288e-05', 'epoch': '3.312'}
{'loss': '0.6436', 'grad_norm': '0.07768', 'learning_rate': '2.194e-05', 'epoch': '3.382'}
{'loss': '0.5828', 'grad_norm': '0.07734', 'learning_rate': '2.099e-05', 'epoch': '3.453'}
{'loss': '0.5859', 'grad_norm': '0.09385', 'learning_rate': '2.005e-05', 'epoch': '3.524'}
{'eval_loss': '0.0766', 'eval_runtime': '23.14', 'eval_samples_per_second': '6.093', 'eval_steps_per_second': '1.556', 'epoch': '3.524'}
{'loss': '0.5712', 'grad_norm': '0.072', 'learning_rate': '1.91e-05', 'epoch': '3.595'}
{'loss': '0.5453', 'grad_norm': '0.07969', 'learning_rate': '1.815e-05', 'epoch': '3.665'}
{'loss': '0.612', 'grad_norm': '0.08253', 'learning_rate': '1.721e-05', 'epoch': '3.736'}
{'loss': '0.5459', 'grad_norm': '0.09574', 'learning_rate': '1.626e-05', 'epoch': '3.807'}
{'loss': '0.6082', 'grad_norm': '0.1025', 'learning_rate': '1.532e-05', 'epoch': '3.878'}
{'loss': '0.6035', 'grad_norm': '0.09043', 'learning_rate': '1.437e-05', 'epoch': '3.949'}
{'loss': '0.5903', 'grad_norm': '0.09873', 'learning_rate': '1.343e-05', 'epoch': '4.014'}
{'loss': '0.5925', 'grad_norm': '0.08053', 'learning_rate': '1.248e-05', 'epoch': '4.085'}
{'loss': '0.5709', 'grad_norm': '0.0756', 'learning_rate': '1.154e-05', 'epoch': '4.156'}
{'loss': '0.5751', 'grad_norm': '0.08743', 'learning_rate': '1.059e-05', 'epoch': '4.227'}
{'eval_loss': '0.07588', 'eval_runtime': '22.68', 'eval_samples_per_second': '6.218', 'eval_steps_per_second': '1.588', 'epoch': '4.227'}
{'loss': '0.6246', 'grad_norm': '0.0994', 'learning_rate': '9.644e-06', 'epoch': '4.297'}
{'loss': '0.6034', 'grad_norm': '0.07841', 'learning_rate': '8.699e-06', 'epoch': '4.368'}
{'loss': '0.5861', 'grad_norm': '0.08921', 'learning_rate': '7.753e-06', 'epoch': '4.439'}
{'loss': '0.5982', 'grad_norm': '0.08971', 'learning_rate': '6.808e-06', 'epoch': '4.51'}
{'loss': '0.5788', 'grad_norm': '0.08049', 'learning_rate': '5.862e-06', 'epoch': '4.581'}
{'loss': '0.5629', 'grad_norm': '0.07495', 'learning_rate': '4.917e-06', 'epoch': '4.651'}
{'loss': '0.5176', 'grad_norm': '0.07519', 'learning_rate': '3.971e-06', 'epoch': '4.722'}
{'loss': '0.615', 'grad_norm': '0.07545', 'learning_rate': '3.026e-06', 'epoch': '4.793'}
{'loss': '0.5977', 'grad_norm': '0.08389', 'learning_rate': '2.08e-06', 'epoch': '4.864'}
{'loss': '0.5606', 'grad_norm': '0.08092', 'learning_rate': '1.135e-06', 'epoch': '4.935'}
{'eval_loss': '0.0756', 'eval_runtime': '23.01', 'eval_samples_per_second': '6.127', 'eval_steps_per_second': '1.564', 'epoch': '4.935'}
{'loss': '0.5757', 'grad_norm': '0.07782', 'learning_rate': '1.891e-07', 'epoch': '5'}
{'train_runtime': '4365', 'train_samples_per_second': '0.647', 'train_steps_per_second': '0.081', 'train_loss': '2.742', 'epoch': '5'}

  Val F1: 0.9750  |  stopped at epoch: 5.00

============================================================
  Fold=4/5  |  rank=8, alpha=8, dropout=0.0, lr=6.52e-05
  Train: 565, Val: 141
============================================================

==((====))==  Unsloth 2026.3.18: Fast Qwen3_5_MoE patching. Transformers: 5.3.0.
   \\   /|    NVIDIA RTX 6000 Ada Generation. Num GPUs = 2. Max memory: 47.374 GB. Platform: Linux.
O^O/ \_/ \    Torch: 2.11.0+cu130. CUDA: 8.9. CUDA Toolkit: 13.0. Triton: 3.6.0
\        /    Bfloat16 = TRUE. FA [Xformers = 0.0.35. FA2 = False]
 "-____-"     Free license: http://github.com/unslothai/unsloth
Unsloth: Fast downloading is enabled - ignore downloading bars which are red colored!
Unsloth: Detected MoE model with num_experts = 256 and target_modules = ['q_proj', 'k_proj', 'v_proj', 'o_proj', 'gate_proj', 'up_proj', 'down_proj']. Enabling LoRA on MoE parameters: ['mlp.experts.gate_up_proj', 'mlp.experts.down_proj']
Unsloth: Making `model.base_model.model.model.language_model` require gradients
{'loss': '17.65', 'grad_norm': '0.477', 'learning_rate': '2.61e-05', 'epoch': '0.0708'}
{'loss': '17.41', 'grad_norm': '0.4771', 'learning_rate': '5.872e-05', 'epoch': '0.1416'}
{'loss': '16.63', 'grad_norm': '0.4917', 'learning_rate': '6.449e-05', 'epoch': '0.2124'}
{'loss': '15.64', 'grad_norm': '0.4947', 'learning_rate': '6.354e-05', 'epoch': '0.2832'}
{'loss': '14.75', 'grad_norm': '0.5272', 'learning_rate': '6.259e-05', 'epoch': '0.354'}
{'loss': '13.73', 'grad_norm': '0.5715', 'learning_rate': '6.165e-05', 'epoch': '0.4248'}
{'loss': '12.72', 'grad_norm': '0.6331', 'learning_rate': '6.07e-05', 'epoch': '0.4956'}
{'loss': '11.58', 'grad_norm': '0.6852', 'learning_rate': '5.976e-05', 'epoch': '0.5664'}
{'loss': '10.24', 'grad_norm': '0.7585', 'learning_rate': '5.881e-05', 'epoch': '0.6372'}
{'loss': '8.574', 'grad_norm': '0.868', 'learning_rate': '5.787e-05', 'epoch': '0.708'}
{'eval_loss': '0.958', 'eval_runtime': '23.12', 'eval_samples_per_second': '6.097', 'eval_steps_per_second': '1.557', 'epoch': '0.708'}
{'loss': '6.953', 'grad_norm': '0.9393', 'learning_rate': '5.692e-05', 'epoch': '0.7788'}
{'loss': '5.288', 'grad_norm': '0.9851', 'learning_rate': '5.598e-05', 'epoch': '0.8496'}
{'loss': '3.687', 'grad_norm': '0.9185', 'learning_rate': '5.503e-05', 'epoch': '0.9204'}
{'loss': '2.372', 'grad_norm': '0.7402', 'learning_rate': '5.408e-05', 'epoch': '0.9912'}
{'loss': '1.426', 'grad_norm': '0.5148', 'learning_rate': '5.314e-05', 'epoch': '1.057'}
{'loss': '1.168', 'grad_norm': '0.3558', 'learning_rate': '5.219e-05', 'epoch': '1.127'}
{'loss': '0.9438', 'grad_norm': '0.2148', 'learning_rate': '5.125e-05', 'epoch': '1.198'}
{'loss': '0.8264', 'grad_norm': '0.1793', 'learning_rate': '5.03e-05', 'epoch': '1.269'}
{'loss': '0.7204', 'grad_norm': '0.1374', 'learning_rate': '4.936e-05', 'epoch': '1.34'}
{'loss': '0.7396', 'grad_norm': '0.1341', 'learning_rate': '4.841e-05', 'epoch': '1.411'}
{'eval_loss': '0.08941', 'eval_runtime': '22.84', 'eval_samples_per_second': '6.173', 'eval_steps_per_second': '1.576', 'epoch': '1.411'}
{'loss': '0.684', 'grad_norm': '0.1347', 'learning_rate': '4.747e-05', 'epoch': '1.481'}
{'loss': '0.677', 'grad_norm': '0.1163', 'learning_rate': '4.652e-05', 'epoch': '1.552'}
{'loss': '0.748', 'grad_norm': '0.1212', 'learning_rate': '4.557e-05', 'epoch': '1.623'}
{'loss': '0.7374', 'grad_norm': '0.1158', 'learning_rate': '4.463e-05', 'epoch': '1.694'}
{'loss': '0.6618', 'grad_norm': '0.09737', 'learning_rate': '4.368e-05', 'epoch': '1.765'}
{'loss': '0.6433', 'grad_norm': '0.1001', 'learning_rate': '4.274e-05', 'epoch': '1.835'}
{'loss': '0.6876', 'grad_norm': '0.08727', 'learning_rate': '4.179e-05', 'epoch': '1.906'}
{'loss': '0.6553', 'grad_norm': '0.123', 'learning_rate': '4.085e-05', 'epoch': '1.977'}
{'loss': '0.6115', 'grad_norm': '0.09876', 'learning_rate': '3.99e-05', 'epoch': '2.042'}
{'loss': '0.6403', 'grad_norm': '0.09502', 'learning_rate': '3.896e-05', 'epoch': '2.113'}
{'eval_loss': '0.07847', 'eval_runtime': '23.07', 'eval_samples_per_second': '6.112', 'eval_steps_per_second': '1.56', 'epoch': '2.113'}
{'loss': '0.6502', 'grad_norm': '0.1202', 'learning_rate': '3.801e-05', 'epoch': '2.184'}
{'loss': '0.6175', 'grad_norm': '0.09648', 'learning_rate': '3.706e-05', 'epoch': '2.255'}
{'loss': '0.6151', 'grad_norm': '0.08786', 'learning_rate': '3.612e-05', 'epoch': '2.326'}
{'loss': '0.5888', 'grad_norm': '0.08286', 'learning_rate': '3.517e-05', 'epoch': '2.396'}
{'loss': '0.6294', 'grad_norm': '0.08924', 'learning_rate': '3.423e-05', 'epoch': '2.467'}
{'loss': '0.6036', 'grad_norm': '0.09066', 'learning_rate': '3.328e-05', 'epoch': '2.538'}
{'loss': '0.6864', 'grad_norm': '0.1069', 'learning_rate': '3.234e-05', 'epoch': '2.609'}
{'loss': '0.6145', 'grad_norm': '0.08286', 'learning_rate': '3.139e-05', 'epoch': '2.68'}
{'loss': '0.6059', 'grad_norm': '0.07798', 'learning_rate': '3.045e-05', 'epoch': '2.75'}
{'loss': '0.6105', 'grad_norm': '0.08632', 'learning_rate': '2.95e-05', 'epoch': '2.821'}
{'eval_loss': '0.07604', 'eval_runtime': '23.19', 'eval_samples_per_second': '6.081', 'eval_steps_per_second': '1.553', 'epoch': '2.821'}
{'loss': '0.5866', 'grad_norm': '0.09188', 'learning_rate': '2.856e-05', 'epoch': '2.892'}
{'loss': '0.6001', 'grad_norm': '0.09226', 'learning_rate': '2.761e-05', 'epoch': '2.963'}
{'loss': '0.5391', 'grad_norm': '0.09357', 'learning_rate': '2.666e-05', 'epoch': '3.028'}
{'loss': '0.6514', 'grad_norm': '0.07643', 'learning_rate': '2.572e-05', 'epoch': '3.099'}
{'loss': '0.5691', 'grad_norm': '0.08827', 'learning_rate': '2.477e-05', 'epoch': '3.17'}
{'loss': '0.6061', 'grad_norm': '0.07977', 'learning_rate': '2.383e-05', 'epoch': '3.241'}
{'loss': '0.5985', 'grad_norm': '0.08201', 'learning_rate': '2.288e-05', 'epoch': '3.312'}
{'loss': '0.656', 'grad_norm': '0.08729', 'learning_rate': '2.194e-05', 'epoch': '3.382'}
{'loss': '0.6058', 'grad_norm': '0.07941', 'learning_rate': '2.099e-05', 'epoch': '3.453'}
{'loss': '0.5904', 'grad_norm': '0.08934', 'learning_rate': '2.005e-05', 'epoch': '3.524'}
{'eval_loss': '0.07478', 'eval_runtime': '23.32', 'eval_samples_per_second': '6.047', 'eval_steps_per_second': '1.544', 'epoch': '3.524'}
{'loss': '0.6213', 'grad_norm': '0.0851', 'learning_rate': '1.91e-05', 'epoch': '3.595'}
{'loss': '0.6068', 'grad_norm': '0.09975', 'learning_rate': '1.815e-05', 'epoch': '3.665'}
{'loss': '0.5228', 'grad_norm': '0.0961', 'learning_rate': '1.721e-05', 'epoch': '3.736'}
{'loss': '0.5724', 'grad_norm': '0.09031', 'learning_rate': '1.626e-05', 'epoch': '3.807'}
{'loss': '0.591', 'grad_norm': '0.08685', 'learning_rate': '1.532e-05', 'epoch': '3.878'}
{'loss': '0.6333', 'grad_norm': '0.08071', 'learning_rate': '1.437e-05', 'epoch': '3.949'}
{'loss': '0.5803', 'grad_norm': '0.09381', 'learning_rate': '1.343e-05', 'epoch': '4.014'}
{'loss': '0.577', 'grad_norm': '0.08426', 'learning_rate': '1.248e-05', 'epoch': '4.085'}
{'loss': '0.6096', 'grad_norm': '0.08735', 'learning_rate': '1.154e-05', 'epoch': '4.156'}
{'loss': '0.5889', 'grad_norm': '0.08762', 'learning_rate': '1.059e-05', 'epoch': '4.227'}
{'eval_loss': '0.07416', 'eval_runtime': '22.83', 'eval_samples_per_second': '6.176', 'eval_steps_per_second': '1.577', 'epoch': '4.227'}
{'loss': '0.582', 'grad_norm': '0.07442', 'learning_rate': '9.644e-06', 'epoch': '4.297'}
{'loss': '0.5704', 'grad_norm': '0.1452', 'learning_rate': '8.699e-06', 'epoch': '4.368'}
{'loss': '0.5597', 'grad_norm': '0.1022', 'learning_rate': '7.753e-06', 'epoch': '4.439'}
{'loss': '0.6301', 'grad_norm': '0.0824', 'learning_rate': '6.808e-06', 'epoch': '4.51'}
{'loss': '0.61', 'grad_norm': '0.09606', 'learning_rate': '5.862e-06', 'epoch': '4.581'}
{'loss': '0.5578', 'grad_norm': '0.0782', 'learning_rate': '4.917e-06', 'epoch': '4.651'}
{'loss': '0.6188', 'grad_norm': '0.07768', 'learning_rate': '3.971e-06', 'epoch': '4.722'}
{'loss': '0.586', 'grad_norm': '0.07286', 'learning_rate': '3.026e-06', 'epoch': '4.793'}
{'loss': '0.617', 'grad_norm': '0.08882', 'learning_rate': '2.08e-06', 'epoch': '4.864'}
{'loss': '0.5783', 'grad_norm': '0.07881', 'learning_rate': '1.135e-06', 'epoch': '4.935'}
{'eval_loss': '0.07371', 'eval_runtime': '23.28', 'eval_samples_per_second': '6.057', 'eval_steps_per_second': '1.546', 'epoch': '4.935'}
{'loss': '0.5424', 'grad_norm': '0.06268', 'learning_rate': '1.891e-07', 'epoch': '5'}
{'train_runtime': '4300', 'train_samples_per_second': '0.657', 'train_steps_per_second': '0.083', 'train_loss': '2.738', 'epoch': '5'}

  Val F1: 0.9765  |  stopped at epoch: 5.00

============================================================
  Fold=5/5  |  rank=8, alpha=8, dropout=0.0, lr=6.52e-05
  Train: 565, Val: 141
============================================================

==((====))==  Unsloth 2026.3.18: Fast Qwen3_5_MoE patching. Transformers: 5.3.0.
   \\   /|    NVIDIA RTX 6000 Ada Generation. Num GPUs = 2. Max memory: 47.374 GB. Platform: Linux.
O^O/ \_/ \    Torch: 2.11.0+cu130. CUDA: 8.9. CUDA Toolkit: 13.0. Triton: 3.6.0
\        /    Bfloat16 = TRUE. FA [Xformers = 0.0.35. FA2 = False]
 "-____-"     Free license: http://github.com/unslothai/unsloth
Unsloth: Fast downloading is enabled - ignore downloading bars which are red colored!
Unsloth: Detected MoE model with num_experts = 256 and target_modules = ['q_proj', 'k_proj', 'v_proj', 'o_proj', 'gate_proj', 'up_proj', 'down_proj']. Enabling LoRA on MoE parameters: ['mlp.experts.gate_up_proj', 'mlp.experts.down_proj']
Unsloth: Making `model.base_model.model.model.language_model` require gradients
{'loss': '17.58', 'grad_norm': '0.4742', 'learning_rate': '2.61e-05', 'epoch': '0.0708'}
{'loss': '17.4', 'grad_norm': '0.4879', 'learning_rate': '5.872e-05', 'epoch': '0.1416'}
{'loss': '16.64', 'grad_norm': '0.4904', 'learning_rate': '6.449e-05', 'epoch': '0.2124'}
{'loss': '15.77', 'grad_norm': '0.5052', 'learning_rate': '6.354e-05', 'epoch': '0.2832'}
{'loss': '14.8', 'grad_norm': '0.5284', 'learning_rate': '6.259e-05', 'epoch': '0.354'}
{'loss': '13.88', 'grad_norm': '0.5736', 'learning_rate': '6.165e-05', 'epoch': '0.4248'}
{'loss': '12.86', 'grad_norm': '0.6303', 'learning_rate': '6.07e-05', 'epoch': '0.4956'}
{'loss': '11.71', 'grad_norm': '0.6805', 'learning_rate': '5.976e-05', 'epoch': '0.5664'}
{'loss': '10.25', 'grad_norm': '0.7555', 'learning_rate': '5.881e-05', 'epoch': '0.6372'}
{'loss': '8.758', 'grad_norm': '0.8233', 'learning_rate': '5.787e-05', 'epoch': '0.708'}
{'eval_loss': '0.9716', 'eval_runtime': '22.69', 'eval_samples_per_second': '6.213', 'eval_steps_per_second': '1.586', 'epoch': '0.708'}
{'loss': '7.1', 'grad_norm': '0.9874', 'learning_rate': '5.692e-05', 'epoch': '0.7788'}
{'loss': '5.485', 'grad_norm': '1.018', 'learning_rate': '5.598e-05', 'epoch': '0.8496'}
{'loss': '3.777', 'grad_norm': '0.9718', 'learning_rate': '5.503e-05', 'epoch': '0.9204'}
{'loss': '2.439', 'grad_norm': '0.7673', 'learning_rate': '5.408e-05', 'epoch': '0.9912'}
{'loss': '1.536', 'grad_norm': '0.5577', 'learning_rate': '5.314e-05', 'epoch': '1.057'}
{'loss': '1.158', 'grad_norm': '0.3718', 'learning_rate': '5.219e-05', 'epoch': '1.127'}
{'loss': '0.9808', 'grad_norm': '0.2836', 'learning_rate': '5.125e-05', 'epoch': '1.198'}
{'loss': '0.853', 'grad_norm': '0.1733', 'learning_rate': '5.03e-05', 'epoch': '1.269'}
{'loss': '0.7915', 'grad_norm': '0.1388', 'learning_rate': '4.936e-05', 'epoch': '1.34'}
{'loss': '0.7436', 'grad_norm': '0.1335', 'learning_rate': '4.841e-05', 'epoch': '1.411'}
{'eval_loss': '0.08898', 'eval_runtime': '23.1', 'eval_samples_per_second': '6.103', 'eval_steps_per_second': '1.558', 'epoch': '1.411'}
{'loss': '0.7448', 'grad_norm': '0.1431', 'learning_rate': '4.747e-05', 'epoch': '1.481'}
{'loss': '0.7196', 'grad_norm': '0.1133', 'learning_rate': '4.652e-05', 'epoch': '1.552'}
{'loss': '0.7359', 'grad_norm': '0.1247', 'learning_rate': '4.557e-05', 'epoch': '1.623'}
{'loss': '0.6482', 'grad_norm': '0.09886', 'learning_rate': '4.463e-05', 'epoch': '1.694'}
{'loss': '0.6373', 'grad_norm': '0.1037', 'learning_rate': '4.368e-05', 'epoch': '1.765'}
{'loss': '0.6053', 'grad_norm': '0.08607', 'learning_rate': '4.274e-05', 'epoch': '1.835'}
{'loss': '0.6784', 'grad_norm': '0.1101', 'learning_rate': '4.179e-05', 'epoch': '1.906'}
{'loss': '0.665', 'grad_norm': '0.1063', 'learning_rate': '4.085e-05', 'epoch': '1.977'}
{'loss': '0.6355', 'grad_norm': '0.1012', 'learning_rate': '3.99e-05', 'epoch': '2.042'}
{'loss': '0.5991', 'grad_norm': '0.09165', 'learning_rate': '3.896e-05', 'epoch': '2.113'}
{'eval_loss': '0.077', 'eval_runtime': '23.22', 'eval_samples_per_second': '6.072', 'eval_steps_per_second': '1.55', 'epoch': '2.113'}
{'loss': '0.6542', 'grad_norm': '0.1103', 'learning_rate': '3.801e-05', 'epoch': '2.184'}
{'loss': '0.6072', 'grad_norm': '0.08212', 'learning_rate': '3.706e-05', 'epoch': '2.255'}
{'loss': '0.6718', 'grad_norm': '0.08064', 'learning_rate': '3.612e-05', 'epoch': '2.326'}
{'loss': '0.6582', 'grad_norm': '0.09538', 'learning_rate': '3.517e-05', 'epoch': '2.396'}
{'loss': '0.6305', 'grad_norm': '0.09558', 'learning_rate': '3.423e-05', 'epoch': '2.467'}
{'loss': '0.6558', 'grad_norm': '0.09001', 'learning_rate': '3.328e-05', 'epoch': '2.538'}
{'loss': '0.6566', 'grad_norm': '0.08392', 'learning_rate': '3.234e-05', 'epoch': '2.609'}
{'loss': '0.6024', 'grad_norm': '0.1059', 'learning_rate': '3.139e-05', 'epoch': '2.68'}
{'loss': '0.5838', 'grad_norm': '0.09008', 'learning_rate': '3.045e-05', 'epoch': '2.75'}
{'loss': '0.6208', 'grad_norm': '0.08989', 'learning_rate': '2.95e-05', 'epoch': '2.821'}
{'eval_loss': '0.07458', 'eval_runtime': '23.35', 'eval_samples_per_second': '6.039', 'eval_steps_per_second': '1.542', 'epoch': '2.821'}
{'loss': '0.56', 'grad_norm': '0.1028', 'learning_rate': '2.856e-05', 'epoch': '2.892'}
{'loss': '0.6556', 'grad_norm': '0.09173', 'learning_rate': '2.761e-05', 'epoch': '2.963'}
{'loss': '0.5741', 'grad_norm': '0.09628', 'learning_rate': '2.666e-05', 'epoch': '3.028'}
{'loss': '0.6503', 'grad_norm': '0.09647', 'learning_rate': '2.572e-05', 'epoch': '3.099'}
{'loss': '0.5758', 'grad_norm': '0.08241', 'learning_rate': '2.477e-05', 'epoch': '3.17'}
{'loss': '0.6151', 'grad_norm': '0.07757', 'learning_rate': '2.383e-05', 'epoch': '3.241'}
{'loss': '0.6057', 'grad_norm': '0.081', 'learning_rate': '2.288e-05', 'epoch': '3.312'}
{'loss': '0.5962', 'grad_norm': '0.08632', 'learning_rate': '2.194e-05', 'epoch': '3.382'}
{'loss': '0.6222', 'grad_norm': '0.07979', 'learning_rate': '2.099e-05', 'epoch': '3.453'}
{'loss': '0.5938', 'grad_norm': '0.09154', 'learning_rate': '2.005e-05', 'epoch': '3.524'}
{'eval_loss': '0.07324', 'eval_runtime': '23.77', 'eval_samples_per_second': '5.931', 'eval_steps_per_second': '1.514', 'epoch': '3.524'}
{'loss': '0.5834', 'grad_norm': '0.07707', 'learning_rate': '1.91e-05', 'epoch': '3.595'}
{'loss': '0.5697', 'grad_norm': '0.07987', 'learning_rate': '1.815e-05', 'epoch': '3.665'}
{'loss': '0.597', 'grad_norm': '0.07658', 'learning_rate': '1.721e-05', 'epoch': '3.736'}
{'loss': '0.6198', 'grad_norm': '0.0818', 'learning_rate': '1.626e-05', 'epoch': '3.807'}
{'loss': '0.6232', 'grad_norm': '0.07864', 'learning_rate': '1.532e-05', 'epoch': '3.878'}
{'loss': '0.6179', 'grad_norm': '0.08773', 'learning_rate': '1.437e-05', 'epoch': '3.949'}
{'loss': '0.5516', 'grad_norm': '0.08269', 'learning_rate': '1.343e-05', 'epoch': '4.014'}
{'loss': '0.6006', 'grad_norm': '0.0919', 'learning_rate': '1.248e-05', 'epoch': '4.085'}
{'loss': '0.6283', 'grad_norm': '0.0763', 'learning_rate': '1.154e-05', 'epoch': '4.156'}
{'loss': '0.6622', 'grad_norm': '0.08582', 'learning_rate': '1.059e-05', 'epoch': '4.227'}
{'eval_loss': '0.07235', 'eval_runtime': '22.93', 'eval_samples_per_second': '6.15', 'eval_steps_per_second': '1.57', 'epoch': '4.227'}
{'loss': '0.5644', 'grad_norm': '0.07799', 'learning_rate': '9.644e-06', 'epoch': '4.297'}
{'loss': '0.6071', 'grad_norm': '0.07357', 'learning_rate': '8.699e-06', 'epoch': '4.368'}
{'loss': '0.6285', 'grad_norm': '0.1811', 'learning_rate': '7.753e-06', 'epoch': '4.439'}
{'loss': '0.5188', 'grad_norm': '0.08083', 'learning_rate': '6.808e-06', 'epoch': '4.51'}
{'loss': '0.6172', 'grad_norm': '0.08936', 'learning_rate': '5.862e-06', 'epoch': '4.581'}
{'loss': '0.5588', 'grad_norm': '0.09342', 'learning_rate': '4.917e-06', 'epoch': '4.651'}
{'loss': '0.5797', 'grad_norm': '0.08972', 'learning_rate': '3.971e-06', 'epoch': '4.722'}
{'loss': '0.6119', 'grad_norm': '0.09053', 'learning_rate': '3.026e-06', 'epoch': '4.793'}
{'loss': '0.5753', 'grad_norm': '0.08834', 'learning_rate': '2.08e-06', 'epoch': '4.864'}
{'loss': '0.5264', 'grad_norm': '0.07512', 'learning_rate': '1.135e-06', 'epoch': '4.935'}
{'eval_loss': '0.07215', 'eval_runtime': '24.03', 'eval_samples_per_second': '5.867', 'eval_steps_per_second': '1.498', 'epoch': '4.935'}
{'loss': '0.6121', 'grad_norm': '0.0635', 'learning_rate': '1.891e-07', 'epoch': '5'}
{'train_runtime': '4337', 'train_samples_per_second': '0.651', 'train_steps_per_second': '0.082', 'train_loss': '2.761', 'epoch': '5'}

  Val F1: 0.9682  |  stopped at epoch: 5.00

  Trial 3 done  |  mean_val_f1=0.9703  |  folds: ['0.9620', '0.9701', '0.9750', '0.9765', '0.9682']

************************************************************
  Trial 4  |  r=8, alpha=8, lr=6.65e-05
************************************************************

============================================================
  Fold=1/5  |  rank=8, alpha=8, dropout=0.0, lr=6.65e-05
  Train: 564, Val: 142
============================================================

==((====))==  Unsloth 2026.3.18: Fast Qwen3_5_MoE patching. Transformers: 5.3.0.
   \\   /|    NVIDIA RTX 6000 Ada Generation. Num GPUs = 2. Max memory: 47.374 GB. Platform: Linux.
O^O/ \_/ \    Torch: 2.11.0+cu130. CUDA: 8.9. CUDA Toolkit: 13.0. Triton: 3.6.0
\        /    Bfloat16 = TRUE. FA [Xformers = 0.0.35. FA2 = False]
 "-____-"     Free license: http://github.com/unslothai/unsloth
Unsloth: Fast downloading is enabled - ignore downloading bars which are red colored!
Unsloth: Detected MoE model with num_experts = 256 and target_modules = ['q_proj', 'k_proj', 'v_proj', 'o_proj', 'gate_proj', 'up_proj', 'down_proj']. Enabling LoRA on MoE parameters: ['mlp.experts.gate_up_proj', 'mlp.experts.down_proj']
Unsloth: Making `model.base_model.model.model.language_model` require gradients
{'loss': '17.61', 'grad_norm': '0.4764', 'learning_rate': '2.658e-05', 'epoch': '0.07092'}
{'loss': '17.35', 'grad_norm': '0.4719', 'learning_rate': '5.981e-05', 'epoch': '0.1418'}
{'loss': '16.62', 'grad_norm': '0.4922', 'learning_rate': '6.568e-05', 'epoch': '0.2128'}
{'loss': '15.63', 'grad_norm': '0.4967', 'learning_rate': '6.472e-05', 'epoch': '0.2837'}
{'loss': '14.71', 'grad_norm': '0.5327', 'learning_rate': '6.376e-05', 'epoch': '0.3546'}
{'loss': '13.71', 'grad_norm': '0.5753', 'learning_rate': '6.279e-05', 'epoch': '0.4255'}
{'loss': '12.66', 'grad_norm': '0.6376', 'learning_rate': '6.183e-05', 'epoch': '0.4965'}
{'loss': '11.43', 'grad_norm': '0.6899', 'learning_rate': '6.087e-05', 'epoch': '0.5674'}
{'loss': '10.06', 'grad_norm': '0.7659', 'learning_rate': '5.99e-05', 'epoch': '0.6383'}
{'loss': '8.442', 'grad_norm': '0.8762', 'learning_rate': '5.894e-05', 'epoch': '0.7092'}
{'eval_loss': '0.9401', 'eval_runtime': '24.05', 'eval_samples_per_second': '5.904', 'eval_steps_per_second': '1.497', 'epoch': '0.7092'}
{'loss': '6.764', 'grad_norm': '0.9414', 'learning_rate': '5.798e-05', 'epoch': '0.7801'}
{'loss': '5.09', 'grad_norm': '0.9944', 'learning_rate': '5.701e-05', 'epoch': '0.8511'}
{'loss': '3.456', 'grad_norm': '0.8593', 'learning_rate': '5.605e-05', 'epoch': '0.922'}
{'loss': '2.17', 'grad_norm': '0.6879', 'learning_rate': '5.509e-05', 'epoch': '0.9929'}
{'loss': '1.308', 'grad_norm': '0.4944', 'learning_rate': '5.412e-05', 'epoch': '1.057'}
{'loss': '1.085', 'grad_norm': '0.2837', 'learning_rate': '5.316e-05', 'epoch': '1.128'}
{'loss': '0.943', 'grad_norm': '0.2454', 'learning_rate': '5.22e-05', 'epoch': '1.199'}
{'loss': '0.8567', 'grad_norm': '0.1899', 'learning_rate': '5.124e-05', 'epoch': '1.27'}
{'loss': '0.7041', 'grad_norm': '0.1266', 'learning_rate': '5.027e-05', 'epoch': '1.34'}
{'loss': '0.732', 'grad_norm': '0.1548', 'learning_rate': '4.931e-05', 'epoch': '1.411'}
{'eval_loss': '0.0922', 'eval_runtime': '23.77', 'eval_samples_per_second': '5.973', 'eval_steps_per_second': '1.514', 'epoch': '1.411'}
{'loss': '0.713', 'grad_norm': '0.1132', 'learning_rate': '4.835e-05', 'epoch': '1.482'}
{'loss': '0.6995', 'grad_norm': '0.112', 'learning_rate': '4.738e-05', 'epoch': '1.553'}
{'loss': '0.7029', 'grad_norm': '0.1375', 'learning_rate': '4.642e-05', 'epoch': '1.624'}
{'loss': '0.6407', 'grad_norm': '0.1088', 'learning_rate': '4.546e-05', 'epoch': '1.695'}
{'loss': '0.6562', 'grad_norm': '0.1154', 'learning_rate': '4.449e-05', 'epoch': '1.766'}
{'loss': '0.6717', 'grad_norm': '0.09978', 'learning_rate': '4.353e-05', 'epoch': '1.837'}
{'loss': '0.5866', 'grad_norm': '0.09407', 'learning_rate': '4.257e-05', 'epoch': '1.908'}
{'loss': '0.6359', 'grad_norm': '0.1014', 'learning_rate': '4.16e-05', 'epoch': '1.979'}
{'loss': '0.5511', 'grad_norm': '0.08642', 'learning_rate': '4.064e-05', 'epoch': '2.043'}
{'loss': '0.6111', 'grad_norm': '0.1579', 'learning_rate': '3.968e-05', 'epoch': '2.113'}
{'eval_loss': '0.08168', 'eval_runtime': '23.15', 'eval_samples_per_second': '6.134', 'eval_steps_per_second': '1.555', 'epoch': '2.113'}
{'loss': '0.6161', 'grad_norm': '0.08286', 'learning_rate': '3.872e-05', 'epoch': '2.184'}
{'loss': '0.6103', 'grad_norm': '0.09417', 'learning_rate': '3.775e-05', 'epoch': '2.255'}
{'loss': '0.6242', 'grad_norm': '0.09577', 'learning_rate': '3.679e-05', 'epoch': '2.326'}
{'loss': '0.5672', 'grad_norm': '0.1051', 'learning_rate': '3.583e-05', 'epoch': '2.397'}
{'loss': '0.6096', 'grad_norm': '0.09273', 'learning_rate': '3.486e-05', 'epoch': '2.468'}
{'loss': '0.6454', 'grad_norm': '0.1099', 'learning_rate': '3.39e-05', 'epoch': '2.539'}
{'loss': '0.6037', 'grad_norm': '0.1042', 'learning_rate': '3.294e-05', 'epoch': '2.61'}
{'loss': '0.6135', 'grad_norm': '0.08212', 'learning_rate': '3.197e-05', 'epoch': '2.681'}
{'loss': '0.6414', 'grad_norm': '0.1041', 'learning_rate': '3.101e-05', 'epoch': '2.752'}
{'loss': '0.5901', 'grad_norm': '0.08994', 'learning_rate': '3.005e-05', 'epoch': '2.823'}
{'eval_loss': '0.07914', 'eval_runtime': '22.84', 'eval_samples_per_second': '6.218', 'eval_steps_per_second': '1.577', 'epoch': '2.823'}
{'loss': '0.6264', 'grad_norm': '0.0985', 'learning_rate': '2.908e-05', 'epoch': '2.894'}
{'loss': '0.6587', 'grad_norm': '0.1053', 'learning_rate': '2.812e-05', 'epoch': '2.965'}
{'loss': '0.5181', 'grad_norm': '0.07756', 'learning_rate': '2.716e-05', 'epoch': '3.028'}
{'loss': '0.6163', 'grad_norm': '0.08357', 'learning_rate': '2.62e-05', 'epoch': '3.099'}
{'loss': '0.6082', 'grad_norm': '0.0839', 'learning_rate': '2.523e-05', 'epoch': '3.17'}
{'loss': '0.6206', 'grad_norm': '0.09796', 'learning_rate': '2.427e-05', 'epoch': '3.241'}
{'loss': '0.5463', 'grad_norm': '0.07379', 'learning_rate': '2.331e-05', 'epoch': '3.312'}
{'loss': '0.5394', 'grad_norm': '0.09954', 'learning_rate': '2.234e-05', 'epoch': '3.383'}
{'loss': '0.6255', 'grad_norm': '0.07427', 'learning_rate': '2.138e-05', 'epoch': '3.454'}
{'loss': '0.5911', 'grad_norm': '0.09326', 'learning_rate': '2.042e-05', 'epoch': '3.525'}
{'eval_loss': '0.07812', 'eval_runtime': '23.28', 'eval_samples_per_second': '6.101', 'eval_steps_per_second': '1.547', 'epoch': '3.525'}
{'loss': '0.6021', 'grad_norm': '0.0855', 'learning_rate': '1.945e-05', 'epoch': '3.596'}
{'loss': '0.6491', 'grad_norm': '0.09256', 'learning_rate': '1.849e-05', 'epoch': '3.667'}
{'loss': '0.6279', 'grad_norm': '0.09099', 'learning_rate': '1.753e-05', 'epoch': '3.738'}
{'loss': '0.5482', 'grad_norm': '0.09457', 'learning_rate': '1.656e-05', 'epoch': '3.809'}
{'loss': '0.637', 'grad_norm': '0.0797', 'learning_rate': '1.56e-05', 'epoch': '3.879'}
{'loss': '0.5424', 'grad_norm': '0.07279', 'learning_rate': '1.464e-05', 'epoch': '3.95'}
{'loss': '0.5266', 'grad_norm': '0.07236', 'learning_rate': '1.368e-05', 'epoch': '4.014'}
{'loss': '0.6098', 'grad_norm': '0.09809', 'learning_rate': '1.271e-05', 'epoch': '4.085'}
{'loss': '0.61', 'grad_norm': '0.08892', 'learning_rate': '1.175e-05', 'epoch': '4.156'}
{'loss': '0.5627', 'grad_norm': '0.08261', 'learning_rate': '1.079e-05', 'epoch': '4.227'}
{'eval_loss': '0.0771', 'eval_runtime': '22.66', 'eval_samples_per_second': '6.267', 'eval_steps_per_second': '1.589', 'epoch': '4.227'}
{'loss': '0.6241', 'grad_norm': '0.08485', 'learning_rate': '9.823e-06', 'epoch': '4.298'}
{'loss': '0.5783', 'grad_norm': '0.07861', 'learning_rate': '8.86e-06', 'epoch': '4.369'}
{'loss': '0.5698', 'grad_norm': '0.08634', 'learning_rate': '7.897e-06', 'epoch': '4.44'}
{'loss': '0.5822', 'grad_norm': '0.07577', 'learning_rate': '6.934e-06', 'epoch': '4.511'}
{'loss': '0.5564', 'grad_norm': '0.08484', 'learning_rate': '5.971e-06', 'epoch': '4.582'}
{'loss': '0.5442', 'grad_norm': '0.07658', 'learning_rate': '5.008e-06', 'epoch': '4.652'}
{'loss': '0.5945', 'grad_norm': '0.08237', 'learning_rate': '4.045e-06', 'epoch': '4.723'}
{'loss': '0.5901', 'grad_norm': '0.07483', 'learning_rate': '3.082e-06', 'epoch': '4.794'}
{'loss': '0.5795', 'grad_norm': '0.07829', 'learning_rate': '2.119e-06', 'epoch': '4.865'}
{'loss': '0.5329', 'grad_norm': '0.09409', 'learning_rate': '1.156e-06', 'epoch': '4.936'}
{'eval_loss': '0.07693', 'eval_runtime': '22.87', 'eval_samples_per_second': '6.208', 'eval_steps_per_second': '1.574', 'epoch': '4.936'}
{'loss': '0.5963', 'grad_norm': '0.05328', 'learning_rate': '1.926e-07', 'epoch': '5'}
{'train_runtime': '4319', 'train_samples_per_second': '0.653', 'train_steps_per_second': '0.082', 'train_loss': '2.706', 'epoch': '5'}

  Val F1: 0.9620  |  stopped at epoch: 5.00

============================================================
  Fold=2/5  |  rank=8, alpha=8, dropout=0.0, lr=6.65e-05
  Train: 565, Val: 141
============================================================

==((====))==  Unsloth 2026.3.18: Fast Qwen3_5_MoE patching. Transformers: 5.3.0.
   \\   /|    NVIDIA RTX 6000 Ada Generation. Num GPUs = 2. Max memory: 47.374 GB. Platform: Linux.
O^O/ \_/ \    Torch: 2.11.0+cu130. CUDA: 8.9. CUDA Toolkit: 13.0. Triton: 3.6.0
\        /    Bfloat16 = TRUE. FA [Xformers = 0.0.35. FA2 = False]
 "-____-"     Free license: http://github.com/unslothai/unsloth
Unsloth: Fast downloading is enabled - ignore downloading bars which are red colored!
Unsloth: Detected MoE model with num_experts = 256 and target_modules = ['q_proj', 'k_proj', 'v_proj', 'o_proj', 'gate_proj', 'up_proj', 'down_proj']. Enabling LoRA on MoE parameters: ['mlp.experts.gate_up_proj', 'mlp.experts.down_proj']
Unsloth: Making `model.base_model.model.model.language_model` require gradients
{'loss': '17.59', 'grad_norm': '0.4667', 'learning_rate': '2.658e-05', 'epoch': '0.0708'}
{'loss': '17.38', 'grad_norm': '0.4774', 'learning_rate': '5.981e-05', 'epoch': '0.1416'}
{'loss': '16.63', 'grad_norm': '0.489', 'learning_rate': '6.568e-05', 'epoch': '0.2124'}
{'loss': '15.64', 'grad_norm': '0.5006', 'learning_rate': '6.472e-05', 'epoch': '0.2832'}
{'loss': '14.69', 'grad_norm': '0.5258', 'learning_rate': '6.376e-05', 'epoch': '0.354'}
{'loss': '13.73', 'grad_norm': '0.5715', 'learning_rate': '6.279e-05', 'epoch': '0.4248'}
{'loss': '12.66', 'grad_norm': '0.6337', 'learning_rate': '6.183e-05', 'epoch': '0.4956'}
{'loss': '11.46', 'grad_norm': '0.6874', 'learning_rate': '6.087e-05', 'epoch': '0.5664'}
{'loss': '10.03', 'grad_norm': '0.7626', 'learning_rate': '5.99e-05', 'epoch': '0.6372'}
{'loss': '8.472', 'grad_norm': '0.8923', 'learning_rate': '5.894e-05', 'epoch': '0.708'}
{'eval_loss': '0.9383', 'eval_runtime': '22.59', 'eval_samples_per_second': '6.242', 'eval_steps_per_second': '1.594', 'epoch': '0.708'}
{'loss': '6.841', 'grad_norm': '0.947', 'learning_rate': '5.798e-05', 'epoch': '0.7788'}
{'loss': '5.075', 'grad_norm': '1.001', 'learning_rate': '5.701e-05', 'epoch': '0.8496'}
{'loss': '3.524', 'grad_norm': '0.8676', 'learning_rate': '5.605e-05', 'epoch': '0.9204'}
{'loss': '2.279', 'grad_norm': '0.6574', 'learning_rate': '5.509e-05', 'epoch': '0.9912'}
{'loss': '1.388', 'grad_norm': '0.5117', 'learning_rate': '5.412e-05', 'epoch': '1.057'}
{'loss': '1.11', 'grad_norm': '0.3346', 'learning_rate': '5.316e-05', 'epoch': '1.127'}
{'loss': '0.9399', 'grad_norm': '0.2336', 'learning_rate': '5.22e-05', 'epoch': '1.198'}
{'loss': '0.763', 'grad_norm': '0.1693', 'learning_rate': '5.124e-05', 'epoch': '1.269'}
{'loss': '0.7475', 'grad_norm': '0.1456', 'learning_rate': '5.027e-05', 'epoch': '1.34'}
{'loss': '0.7005', 'grad_norm': '0.1167', 'learning_rate': '4.931e-05', 'epoch': '1.411'}
{'eval_loss': '0.09061', 'eval_runtime': '22.58', 'eval_samples_per_second': '6.244', 'eval_steps_per_second': '1.594', 'epoch': '1.411'}
{'loss': '0.6534', 'grad_norm': '0.1269', 'learning_rate': '4.835e-05', 'epoch': '1.481'}
{'loss': '0.7096', 'grad_norm': '0.1124', 'learning_rate': '4.738e-05', 'epoch': '1.552'}
{'loss': '0.7421', 'grad_norm': '0.1201', 'learning_rate': '4.642e-05', 'epoch': '1.623'}
{'loss': '0.7198', 'grad_norm': '0.1227', 'learning_rate': '4.546e-05', 'epoch': '1.694'}
{'loss': '0.6404', 'grad_norm': '0.1192', 'learning_rate': '4.449e-05', 'epoch': '1.765'}
{'loss': '0.7031', 'grad_norm': '0.107', 'learning_rate': '4.353e-05', 'epoch': '1.835'}
{'loss': '0.6627', 'grad_norm': '0.112', 'learning_rate': '4.257e-05', 'epoch': '1.906'}
{'loss': '0.6593', 'grad_norm': '0.1109', 'learning_rate': '4.16e-05', 'epoch': '1.977'}
{'loss': '0.5355', 'grad_norm': '0.09027', 'learning_rate': '4.064e-05', 'epoch': '2.042'}
{'loss': '0.6585', 'grad_norm': '0.1633', 'learning_rate': '3.968e-05', 'epoch': '2.113'}
{'eval_loss': '0.0796', 'eval_runtime': '23.51', 'eval_samples_per_second': '5.998', 'eval_steps_per_second': '1.531', 'epoch': '2.113'}
{'loss': '0.606', 'grad_norm': '0.08705', 'learning_rate': '3.872e-05', 'epoch': '2.184'}
{'loss': '0.5396', 'grad_norm': '0.07014', 'learning_rate': '3.775e-05', 'epoch': '2.255'}
{'loss': '0.627', 'grad_norm': '0.08336', 'learning_rate': '3.679e-05', 'epoch': '2.326'}
{'loss': '0.6249', 'grad_norm': '0.09648', 'learning_rate': '3.583e-05', 'epoch': '2.396'}
{'loss': '0.7052', 'grad_norm': '0.09946', 'learning_rate': '3.486e-05', 'epoch': '2.467'}
{'loss': '0.6231', 'grad_norm': '0.1011', 'learning_rate': '3.39e-05', 'epoch': '2.538'}
{'loss': '0.6307', 'grad_norm': '0.09227', 'learning_rate': '3.294e-05', 'epoch': '2.609'}
{'loss': '0.6118', 'grad_norm': '0.0877', 'learning_rate': '3.197e-05', 'epoch': '2.68'}
{'loss': '0.6586', 'grad_norm': '0.0895', 'learning_rate': '3.101e-05', 'epoch': '2.75'}
{'loss': '0.5781', 'grad_norm': '0.08289', 'learning_rate': '3.005e-05', 'epoch': '2.821'}
{'eval_loss': '0.07702', 'eval_runtime': '22.84', 'eval_samples_per_second': '6.174', 'eval_steps_per_second': '1.576', 'epoch': '2.821'}
{'loss': '0.6466', 'grad_norm': '0.09565', 'learning_rate': '2.908e-05', 'epoch': '2.892'}
{'loss': '0.567', 'grad_norm': '0.08449', 'learning_rate': '2.812e-05', 'epoch': '2.963'}
{'loss': '0.5784', 'grad_norm': '0.1024', 'learning_rate': '2.716e-05', 'epoch': '3.028'}
{'loss': '0.5916', 'grad_norm': '0.08859', 'learning_rate': '2.62e-05', 'epoch': '3.099'}
{'loss': '0.6352', 'grad_norm': '0.1144', 'learning_rate': '2.523e-05', 'epoch': '3.17'}
{'loss': '0.6459', 'grad_norm': '0.0953', 'learning_rate': '2.427e-05', 'epoch': '3.241'}
{'loss': '0.5667', 'grad_norm': '0.06805', 'learning_rate': '2.331e-05', 'epoch': '3.312'}
{'loss': '0.6288', 'grad_norm': '0.09148', 'learning_rate': '2.234e-05', 'epoch': '3.382'}
{'loss': '0.5923', 'grad_norm': '0.09245', 'learning_rate': '2.138e-05', 'epoch': '3.453'}
{'loss': '0.5884', 'grad_norm': '0.08395', 'learning_rate': '2.042e-05', 'epoch': '3.524'}
{'eval_loss': '0.07585', 'eval_runtime': '23.08', 'eval_samples_per_second': '6.11', 'eval_steps_per_second': '1.56', 'epoch': '3.524'}
{'loss': '0.6055', 'grad_norm': '0.09495', 'learning_rate': '1.945e-05', 'epoch': '3.595'}
{'loss': '0.5911', 'grad_norm': '0.081', 'learning_rate': '1.849e-05', 'epoch': '3.665'}
{'loss': '0.591', 'grad_norm': '0.08476', 'learning_rate': '1.753e-05', 'epoch': '3.736'}
{'loss': '0.5605', 'grad_norm': '0.07798', 'learning_rate': '1.656e-05', 'epoch': '3.807'}
{'loss': '0.6202', 'grad_norm': '0.08601', 'learning_rate': '1.56e-05', 'epoch': '3.878'}
{'loss': '0.5468', 'grad_norm': '0.08585', 'learning_rate': '1.464e-05', 'epoch': '3.949'}
{'loss': '0.5975', 'grad_norm': '0.1202', 'learning_rate': '1.368e-05', 'epoch': '4.014'}
{'loss': '0.6024', 'grad_norm': '0.08487', 'learning_rate': '1.271e-05', 'epoch': '4.085'}
{'loss': '0.6312', 'grad_norm': '0.07439', 'learning_rate': '1.175e-05', 'epoch': '4.156'}
{'loss': '0.6285', 'grad_norm': '0.08313', 'learning_rate': '1.079e-05', 'epoch': '4.227'}
{'eval_loss': '0.07479', 'eval_runtime': '22.73', 'eval_samples_per_second': '6.204', 'eval_steps_per_second': '1.584', 'epoch': '4.227'}
{'loss': '0.5759', 'grad_norm': '0.07856', 'learning_rate': '9.823e-06', 'epoch': '4.297'}
{'loss': '0.526', 'grad_norm': '0.09538', 'learning_rate': '8.86e-06', 'epoch': '4.368'}
{'loss': '0.621', 'grad_norm': '0.09593', 'learning_rate': '7.897e-06', 'epoch': '4.439'}
{'loss': '0.5731', 'grad_norm': '0.07937', 'learning_rate': '6.934e-06', 'epoch': '4.51'}
{'loss': '0.6186', 'grad_norm': '0.07176', 'learning_rate': '5.971e-06', 'epoch': '4.581'}
{'loss': '0.5675', 'grad_norm': '0.09484', 'learning_rate': '5.008e-06', 'epoch': '4.651'}
{'loss': '0.598', 'grad_norm': '0.07921', 'learning_rate': '4.045e-06', 'epoch': '4.722'}
{'loss': '0.5829', 'grad_norm': '0.07713', 'learning_rate': '3.082e-06', 'epoch': '4.793'}
{'loss': '0.5386', 'grad_norm': '0.08259', 'learning_rate': '2.119e-06', 'epoch': '4.864'}
{'loss': '0.5692', 'grad_norm': '0.08199', 'learning_rate': '1.156e-06', 'epoch': '4.935'}
{'eval_loss': '0.07457', 'eval_runtime': '23.07', 'eval_samples_per_second': '6.111', 'eval_steps_per_second': '1.56', 'epoch': '4.935'}
{'loss': '0.5355', 'grad_norm': '0.05849', 'learning_rate': '1.926e-07', 'epoch': '5'}
{'train_runtime': '4276', 'train_samples_per_second': '0.661', 'train_steps_per_second': '0.083', 'train_loss': '2.716', 'epoch': '5'}

  Val F1: 0.9639  |  stopped at epoch: 5.00

============================================================
  Fold=3/5  |  rank=8, alpha=8, dropout=0.0, lr=6.65e-05
  Train: 565, Val: 141
============================================================

==((====))==  Unsloth 2026.3.18: Fast Qwen3_5_MoE patching. Transformers: 5.3.0.
   \\   /|    NVIDIA RTX 6000 Ada Generation. Num GPUs = 2. Max memory: 47.374 GB. Platform: Linux.
O^O/ \_/ \    Torch: 2.11.0+cu130. CUDA: 8.9. CUDA Toolkit: 13.0. Triton: 3.6.0
\        /    Bfloat16 = TRUE. FA [Xformers = 0.0.35. FA2 = False]
 "-____-"     Free license: http://github.com/unslothai/unsloth
Unsloth: Fast downloading is enabled - ignore downloading bars which are red colored!
Unsloth: Detected MoE model with num_experts = 256 and target_modules = ['q_proj', 'k_proj', 'v_proj', 'o_proj', 'gate_proj', 'up_proj', 'down_proj']. Enabling LoRA on MoE parameters: ['mlp.experts.gate_up_proj', 'mlp.experts.down_proj']
Unsloth: Making `model.base_model.model.model.language_model` require gradients
{'loss': '17.58', 'grad_norm': '0.4815', 'learning_rate': '2.658e-05', 'epoch': '0.0708'}
{'loss': '17.36', 'grad_norm': '0.4748', 'learning_rate': '5.981e-05', 'epoch': '0.1416'}
{'loss': '16.62', 'grad_norm': '0.4916', 'learning_rate': '6.568e-05', 'epoch': '0.2124'}
{'loss': '15.65', 'grad_norm': '0.5004', 'learning_rate': '6.472e-05', 'epoch': '0.2832'}
{'loss': '14.71', 'grad_norm': '0.5296', 'learning_rate': '6.376e-05', 'epoch': '0.354'}
{'loss': '13.7', 'grad_norm': '0.5759', 'learning_rate': '6.279e-05', 'epoch': '0.4248'}
{'loss': '12.61', 'grad_norm': '0.6386', 'learning_rate': '6.183e-05', 'epoch': '0.4956'}
{'loss': '11.44', 'grad_norm': '0.689', 'learning_rate': '6.087e-05', 'epoch': '0.5664'}
{'loss': '10.03', 'grad_norm': '0.7656', 'learning_rate': '5.99e-05', 'epoch': '0.6372'}
{'loss': '8.406', 'grad_norm': '0.9011', 'learning_rate': '5.894e-05', 'epoch': '0.708'}
{'eval_loss': '0.9356', 'eval_runtime': '23.32', 'eval_samples_per_second': '6.047', 'eval_steps_per_second': '1.544', 'epoch': '0.708'}
{'loss': '6.777', 'grad_norm': '0.9461', 'learning_rate': '5.798e-05', 'epoch': '0.7788'}
{'loss': '5.086', 'grad_norm': '1.012', 'learning_rate': '5.701e-05', 'epoch': '0.8496'}
{'loss': '3.416', 'grad_norm': '0.8845', 'learning_rate': '5.605e-05', 'epoch': '0.9204'}
{'loss': '2.175', 'grad_norm': '0.6779', 'learning_rate': '5.509e-05', 'epoch': '0.9912'}
{'loss': '1.332', 'grad_norm': '0.4656', 'learning_rate': '5.412e-05', 'epoch': '1.057'}
{'loss': '1.092', 'grad_norm': '0.303', 'learning_rate': '5.316e-05', 'epoch': '1.127'}
{'loss': '0.9142', 'grad_norm': '0.2166', 'learning_rate': '5.22e-05', 'epoch': '1.198'}
{'loss': '0.788', 'grad_norm': '0.2135', 'learning_rate': '5.124e-05', 'epoch': '1.269'}
{'loss': '0.7765', 'grad_norm': '0.1323', 'learning_rate': '5.027e-05', 'epoch': '1.34'}
{'loss': '0.714', 'grad_norm': '0.1103', 'learning_rate': '4.931e-05', 'epoch': '1.411'}
{'eval_loss': '0.09121', 'eval_runtime': '23.04', 'eval_samples_per_second': '6.121', 'eval_steps_per_second': '1.563', 'epoch': '1.411'}
{'loss': '0.6682', 'grad_norm': '0.1242', 'learning_rate': '4.835e-05', 'epoch': '1.481'}
{'loss': '0.7391', 'grad_norm': '0.1109', 'learning_rate': '4.738e-05', 'epoch': '1.552'}
{'loss': '0.708', 'grad_norm': '0.1057', 'learning_rate': '4.642e-05', 'epoch': '1.623'}
{'loss': '0.6558', 'grad_norm': '0.1216', 'learning_rate': '4.546e-05', 'epoch': '1.694'}
{'loss': '0.6524', 'grad_norm': '0.1369', 'learning_rate': '4.449e-05', 'epoch': '1.765'}
{'loss': '0.613', 'grad_norm': '0.1214', 'learning_rate': '4.353e-05', 'epoch': '1.835'}
{'loss': '0.6937', 'grad_norm': '0.1006', 'learning_rate': '4.257e-05', 'epoch': '1.906'}
{'loss': '0.6639', 'grad_norm': '0.1153', 'learning_rate': '4.16e-05', 'epoch': '1.977'}
{'loss': '0.6345', 'grad_norm': '0.1009', 'learning_rate': '4.064e-05', 'epoch': '2.042'}
{'loss': '0.5602', 'grad_norm': '0.09198', 'learning_rate': '3.968e-05', 'epoch': '2.113'}
{'eval_loss': '0.08043', 'eval_runtime': '22.9', 'eval_samples_per_second': '6.156', 'eval_steps_per_second': '1.572', 'epoch': '2.113'}
{'loss': '0.63', 'grad_norm': '0.08595', 'learning_rate': '3.872e-05', 'epoch': '2.184'}
{'loss': '0.6726', 'grad_norm': '0.1018', 'learning_rate': '3.775e-05', 'epoch': '2.255'}
{'loss': '0.6533', 'grad_norm': '0.09147', 'learning_rate': '3.679e-05', 'epoch': '2.326'}
{'loss': '0.6364', 'grad_norm': '0.09248', 'learning_rate': '3.583e-05', 'epoch': '2.396'}
{'loss': '0.613', 'grad_norm': '0.08237', 'learning_rate': '3.486e-05', 'epoch': '2.467'}
{'loss': '0.637', 'grad_norm': '0.0872', 'learning_rate': '3.39e-05', 'epoch': '2.538'}
{'loss': '0.6369', 'grad_norm': '0.08759', 'learning_rate': '3.294e-05', 'epoch': '2.609'}
{'loss': '0.5463', 'grad_norm': '0.07752', 'learning_rate': '3.197e-05', 'epoch': '2.68'}
{'loss': '0.5914', 'grad_norm': '0.07482', 'learning_rate': '3.101e-05', 'epoch': '2.75'}
{'loss': '0.5841', 'grad_norm': '0.101', 'learning_rate': '3.005e-05', 'epoch': '2.821'}
{'eval_loss': '0.07798', 'eval_runtime': '22.94', 'eval_samples_per_second': '6.146', 'eval_steps_per_second': '1.569', 'epoch': '2.821'}
{'loss': '0.5998', 'grad_norm': '0.08591', 'learning_rate': '2.908e-05', 'epoch': '2.892'}
{'loss': '0.6216', 'grad_norm': '0.1019', 'learning_rate': '2.812e-05', 'epoch': '2.963'}
{'loss': '0.6043', 'grad_norm': '0.09738', 'learning_rate': '2.716e-05', 'epoch': '3.028'}
{'loss': '0.5914', 'grad_norm': '0.08622', 'learning_rate': '2.62e-05', 'epoch': '3.099'}
{'loss': '0.6069', 'grad_norm': '0.07569', 'learning_rate': '2.523e-05', 'epoch': '3.17'}
{'loss': '0.6516', 'grad_norm': '0.07822', 'learning_rate': '2.427e-05', 'epoch': '3.241'}
{'loss': '0.6039', 'grad_norm': '0.08106', 'learning_rate': '2.331e-05', 'epoch': '3.312'}
{'loss': '0.642', 'grad_norm': '0.08213', 'learning_rate': '2.234e-05', 'epoch': '3.382'}
{'loss': '0.5801', 'grad_norm': '0.07676', 'learning_rate': '2.138e-05', 'epoch': '3.453'}
{'loss': '0.5839', 'grad_norm': '0.09566', 'learning_rate': '2.042e-05', 'epoch': '3.524'}
{'eval_loss': '0.07656', 'eval_runtime': '22.53', 'eval_samples_per_second': '6.259', 'eval_steps_per_second': '1.598', 'epoch': '3.524'}
{'loss': '0.5686', 'grad_norm': '0.07035', 'learning_rate': '1.945e-05', 'epoch': '3.595'}
{'loss': '0.5432', 'grad_norm': '0.08497', 'learning_rate': '1.849e-05', 'epoch': '3.665'}
{'loss': '0.6108', 'grad_norm': '0.08886', 'learning_rate': '1.753e-05', 'epoch': '3.736'}
{'loss': '0.5427', 'grad_norm': '0.09232', 'learning_rate': '1.656e-05', 'epoch': '3.807'}
{'loss': '0.6081', 'grad_norm': '0.1', 'learning_rate': '1.56e-05', 'epoch': '3.878'}
{'loss': '0.6018', 'grad_norm': '0.08861', 'learning_rate': '1.464e-05', 'epoch': '3.949'}
{'loss': '0.5914', 'grad_norm': '0.1018', 'learning_rate': '1.368e-05', 'epoch': '4.014'}
{'loss': '0.5931', 'grad_norm': '0.1278', 'learning_rate': '1.271e-05', 'epoch': '4.085'}
{'loss': '0.5678', 'grad_norm': '0.07664', 'learning_rate': '1.175e-05', 'epoch': '4.156'}
{'loss': '0.5718', 'grad_norm': '0.08326', 'learning_rate': '1.079e-05', 'epoch': '4.227'}
{'eval_loss': '0.07563', 'eval_runtime': '22.28', 'eval_samples_per_second': '6.328', 'eval_steps_per_second': '1.616', 'epoch': '4.227'}
{'loss': '0.6237', 'grad_norm': '0.1035', 'learning_rate': '9.823e-06', 'epoch': '4.297'}
{'loss': '0.6034', 'grad_norm': '0.082', 'learning_rate': '8.86e-06', 'epoch': '4.368'}
{'loss': '0.5838', 'grad_norm': '0.09056', 'learning_rate': '7.897e-06', 'epoch': '4.439'}
{'loss': '0.5982', 'grad_norm': '0.08927', 'learning_rate': '6.934e-06', 'epoch': '4.51'}
{'loss': '0.5776', 'grad_norm': '0.07909', 'learning_rate': '5.971e-06', 'epoch': '4.581'}
{'loss': '0.5635', 'grad_norm': '0.0773', 'learning_rate': '5.008e-06', 'epoch': '4.651'}
{'loss': '0.5171', 'grad_norm': '0.07358', 'learning_rate': '4.045e-06', 'epoch': '4.722'}
{'loss': '0.6135', 'grad_norm': '0.07378', 'learning_rate': '3.082e-06', 'epoch': '4.793'}
{'loss': '0.5969', 'grad_norm': '0.08869', 'learning_rate': '2.119e-06', 'epoch': '4.864'}
{'loss': '0.5581', 'grad_norm': '0.0806', 'learning_rate': '1.156e-06', 'epoch': '4.935'}
{'eval_loss': '0.07536', 'eval_runtime': '22.65', 'eval_samples_per_second': '6.225', 'eval_steps_per_second': '1.589', 'epoch': '4.935'}
{'loss': '0.5768', 'grad_norm': '0.07387', 'learning_rate': '1.926e-07', 'epoch': '5'}
{'train_runtime': '4304', 'train_samples_per_second': '0.656', 'train_steps_per_second': '0.082', 'train_loss': '2.708', 'epoch': '5'}

  Val F1: 0.9689  |  stopped at epoch: 5.00

============================================================
  Fold=4/5  |  rank=8, alpha=8, dropout=0.0, lr=6.65e-05
  Train: 565, Val: 141
============================================================

==((====))==  Unsloth 2026.3.18: Fast Qwen3_5_MoE patching. Transformers: 5.3.0.
   \\   /|    NVIDIA RTX 6000 Ada Generation. Num GPUs = 2. Max memory: 47.374 GB. Platform: Linux.
O^O/ \_/ \    Torch: 2.11.0+cu130. CUDA: 8.9. CUDA Toolkit: 13.0. Triton: 3.6.0
\        /    Bfloat16 = TRUE. FA [Xformers = 0.0.35. FA2 = False]
 "-____-"     Free license: http://github.com/unslothai/unsloth
Unsloth: Fast downloading is enabled - ignore downloading bars which are red colored!
Unsloth: Detected MoE model with num_experts = 256 and target_modules = ['q_proj', 'k_proj', 'v_proj', 'o_proj', 'gate_proj', 'up_proj', 'down_proj']. Enabling LoRA on MoE parameters: ['mlp.experts.gate_up_proj', 'mlp.experts.down_proj']
Unsloth: Making `model.base_model.model.model.language_model` require gradients
{'loss': '17.65', 'grad_norm': '0.4776', 'learning_rate': '2.658e-05', 'epoch': '0.0708'}
{'loss': '17.41', 'grad_norm': '0.4738', 'learning_rate': '5.981e-05', 'epoch': '0.1416'}
{'loss': '16.61', 'grad_norm': '0.4915', 'learning_rate': '6.568e-05', 'epoch': '0.2124'}
{'loss': '15.62', 'grad_norm': '0.5005', 'learning_rate': '6.472e-05', 'epoch': '0.2832'}
{'loss': '14.7', 'grad_norm': '0.5299', 'learning_rate': '6.376e-05', 'epoch': '0.354'}
{'loss': '13.67', 'grad_norm': '0.5751', 'learning_rate': '6.279e-05', 'epoch': '0.4248'}
{'loss': '12.63', 'grad_norm': '0.637', 'learning_rate': '6.183e-05', 'epoch': '0.4956'}
{'loss': '11.47', 'grad_norm': '0.6891', 'learning_rate': '6.087e-05', 'epoch': '0.5664'}
{'loss': '10.09', 'grad_norm': '0.7696', 'learning_rate': '5.99e-05', 'epoch': '0.6372'}
{'loss': '8.379', 'grad_norm': '0.894', 'learning_rate': '5.894e-05', 'epoch': '0.708'}
{'eval_loss': '0.9335', 'eval_runtime': '22.91', 'eval_samples_per_second': '6.153', 'eval_steps_per_second': '1.571', 'epoch': '0.708'}
{'loss': '6.742', 'grad_norm': '0.9479', 'learning_rate': '5.798e-05', 'epoch': '0.7788'}
{'loss': '5.066', 'grad_norm': '0.9779', 'learning_rate': '5.701e-05', 'epoch': '0.8496'}
{'loss': '3.488', 'grad_norm': '0.8912', 'learning_rate': '5.605e-05', 'epoch': '0.9204'}
{'loss': '2.246', 'grad_norm': '0.6804', 'learning_rate': '5.509e-05', 'epoch': '0.9912'}
{'loss': '1.335', 'grad_norm': '0.4986', 'learning_rate': '5.412e-05', 'epoch': '1.057'}
{'loss': '1.118', 'grad_norm': '0.3056', 'learning_rate': '5.316e-05', 'epoch': '1.127'}
{'loss': '0.9245', 'grad_norm': '0.2361', 'learning_rate': '5.22e-05', 'epoch': '1.198'}
{'loss': '0.8144', 'grad_norm': '0.1844', 'learning_rate': '5.124e-05', 'epoch': '1.269'}
{'loss': '0.7148', 'grad_norm': '0.1319', 'learning_rate': '5.027e-05', 'epoch': '1.34'}
{'loss': '0.733', 'grad_norm': '0.1259', 'learning_rate': '4.931e-05', 'epoch': '1.411'}
{'eval_loss': '0.08899', 'eval_runtime': '23.76', 'eval_samples_per_second': '5.933', 'eval_steps_per_second': '1.515', 'epoch': '1.411'}
{'loss': '0.6822', 'grad_norm': '0.1438', 'learning_rate': '4.835e-05', 'epoch': '1.481'}
{'loss': '0.6742', 'grad_norm': '0.1148', 'learning_rate': '4.738e-05', 'epoch': '1.552'}
{'loss': '0.7452', 'grad_norm': '0.1137', 'learning_rate': '4.642e-05', 'epoch': '1.623'}
{'loss': '0.7342', 'grad_norm': '0.113', 'learning_rate': '4.546e-05', 'epoch': '1.694'}
{'loss': '0.6599', 'grad_norm': '0.09354', 'learning_rate': '4.449e-05', 'epoch': '1.765'}
{'loss': '0.6462', 'grad_norm': '0.1098', 'learning_rate': '4.353e-05', 'epoch': '1.835'}
{'loss': '0.6853', 'grad_norm': '0.08205', 'learning_rate': '4.257e-05', 'epoch': '1.906'}
{'loss': '0.6531', 'grad_norm': '0.1082', 'learning_rate': '4.16e-05', 'epoch': '1.977'}
{'loss': '0.6101', 'grad_norm': '0.1057', 'learning_rate': '4.064e-05', 'epoch': '2.042'}
{'loss': '0.6374', 'grad_norm': '0.09054', 'learning_rate': '3.968e-05', 'epoch': '2.113'}
{'eval_loss': '0.07857', 'eval_runtime': '22.62', 'eval_samples_per_second': '6.232', 'eval_steps_per_second': '1.591', 'epoch': '2.113'}
{'loss': '0.6511', 'grad_norm': '0.12', 'learning_rate': '3.872e-05', 'epoch': '2.184'}
{'loss': '0.6181', 'grad_norm': '0.1165', 'learning_rate': '3.775e-05', 'epoch': '2.255'}
{'loss': '0.6169', 'grad_norm': '0.08537', 'learning_rate': '3.679e-05', 'epoch': '2.326'}
{'loss': '0.5874', 'grad_norm': '0.0827', 'learning_rate': '3.583e-05', 'epoch': '2.396'}
{'loss': '0.6274', 'grad_norm': '0.09168', 'learning_rate': '3.486e-05', 'epoch': '2.467'}
{'loss': '0.6045', 'grad_norm': '0.08247', 'learning_rate': '3.39e-05', 'epoch': '2.538'}
{'loss': '0.6861', 'grad_norm': '0.1064', 'learning_rate': '3.294e-05', 'epoch': '2.609'}
{'loss': '0.6132', 'grad_norm': '0.0798', 'learning_rate': '3.197e-05', 'epoch': '2.68'}
{'loss': '0.6052', 'grad_norm': '0.07667', 'learning_rate': '3.101e-05', 'epoch': '2.75'}
{'loss': '0.6079', 'grad_norm': '0.08186', 'learning_rate': '3.005e-05', 'epoch': '2.821'}
{'eval_loss': '0.07603', 'eval_runtime': '22.75', 'eval_samples_per_second': '6.197', 'eval_steps_per_second': '1.582', 'epoch': '2.821'}
{'loss': '0.5852', 'grad_norm': '0.08691', 'learning_rate': '2.908e-05', 'epoch': '2.892'}
{'loss': '0.599', 'grad_norm': '0.08747', 'learning_rate': '2.812e-05', 'epoch': '2.963'}
{'loss': '0.5365', 'grad_norm': '0.09216', 'learning_rate': '2.716e-05', 'epoch': '3.028'}
{'loss': '0.6486', 'grad_norm': '0.07766', 'learning_rate': '2.62e-05', 'epoch': '3.099'}
{'loss': '0.565', 'grad_norm': '0.0872', 'learning_rate': '2.523e-05', 'epoch': '3.17'}
{'loss': '0.6086', 'grad_norm': '0.08065', 'learning_rate': '2.427e-05', 'epoch': '3.241'}
{'loss': '0.5978', 'grad_norm': '0.087', 'learning_rate': '2.331e-05', 'epoch': '3.312'}
{'loss': '0.6546', 'grad_norm': '0.08375', 'learning_rate': '2.234e-05', 'epoch': '3.382'}
{'loss': '0.6039', 'grad_norm': '0.0801', 'learning_rate': '2.138e-05', 'epoch': '3.453'}
{'loss': '0.5887', 'grad_norm': '0.0869', 'learning_rate': '2.042e-05', 'epoch': '3.524'}
{'eval_loss': '0.07474', 'eval_runtime': '22.72', 'eval_samples_per_second': '6.206', 'eval_steps_per_second': '1.585', 'epoch': '3.524'}
{'loss': '0.6192', 'grad_norm': '0.0833', 'learning_rate': '1.945e-05', 'epoch': '3.595'}
{'loss': '0.6063', 'grad_norm': '0.09556', 'learning_rate': '1.849e-05', 'epoch': '3.665'}
{'loss': '0.5209', 'grad_norm': '0.08582', 'learning_rate': '1.753e-05', 'epoch': '3.736'}
{'loss': '0.5739', 'grad_norm': '0.0887', 'learning_rate': '1.656e-05', 'epoch': '3.807'}
{'loss': '0.5931', 'grad_norm': '0.0872', 'learning_rate': '1.56e-05', 'epoch': '3.878'}
{'loss': '0.6337', 'grad_norm': '0.08457', 'learning_rate': '1.464e-05', 'epoch': '3.949'}
{'loss': '0.58', 'grad_norm': '0.0934', 'learning_rate': '1.368e-05', 'epoch': '4.014'}
{'loss': '0.5764', 'grad_norm': '0.08017', 'learning_rate': '1.271e-05', 'epoch': '4.085'}
{'loss': '0.6101', 'grad_norm': '0.0878', 'learning_rate': '1.175e-05', 'epoch': '4.156'}
{'loss': '0.5894', 'grad_norm': '0.07685', 'learning_rate': '1.079e-05', 'epoch': '4.227'}
{'eval_loss': '0.07392', 'eval_runtime': '22.44', 'eval_samples_per_second': '6.282', 'eval_steps_per_second': '1.604', 'epoch': '4.227'}
{'loss': '0.5817', 'grad_norm': '0.0719', 'learning_rate': '9.823e-06', 'epoch': '4.297'}
{'loss': '0.5682', 'grad_norm': '0.07649', 'learning_rate': '8.86e-06', 'epoch': '4.368'}
{'loss': '0.5609', 'grad_norm': '0.09921', 'learning_rate': '7.897e-06', 'epoch': '4.439'}
{'loss': '0.6301', 'grad_norm': '0.08526', 'learning_rate': '6.934e-06', 'epoch': '4.51'}
{'loss': '0.6097', 'grad_norm': '0.09925', 'learning_rate': '5.971e-06', 'epoch': '4.581'}
{'loss': '0.5567', 'grad_norm': '0.07919', 'learning_rate': '5.008e-06', 'epoch': '4.651'}
{'loss': '0.6214', 'grad_norm': '0.08099', 'learning_rate': '4.045e-06', 'epoch': '4.722'}
{'loss': '0.5845', 'grad_norm': '0.06844', 'learning_rate': '3.082e-06', 'epoch': '4.793'}
{'loss': '0.6139', 'grad_norm': '0.08686', 'learning_rate': '2.119e-06', 'epoch': '4.864'}
{'loss': '0.5759', 'grad_norm': '0.0783', 'learning_rate': '1.156e-06', 'epoch': '4.935'}
{'eval_loss': '0.07356', 'eval_runtime': '22.67', 'eval_samples_per_second': '6.22', 'eval_steps_per_second': '1.588', 'epoch': '4.935'}
{'loss': '0.5405', 'grad_norm': '0.06006', 'learning_rate': '1.926e-07', 'epoch': '5'}
{'train_runtime': '4294', 'train_samples_per_second': '0.658', 'train_steps_per_second': '0.083', 'train_loss': '2.714', 'epoch': '5'}

  Val F1: 0.9704  |  stopped at epoch: 5.00

============================================================
  Fold=5/5  |  rank=8, alpha=8, dropout=0.0, lr=6.65e-05
  Train: 565, Val: 141
============================================================

==((====))==  Unsloth 2026.3.18: Fast Qwen3_5_MoE patching. Transformers: 5.3.0.
   \\   /|    NVIDIA RTX 6000 Ada Generation. Num GPUs = 2. Max memory: 47.374 GB. Platform: Linux.
O^O/ \_/ \    Torch: 2.11.0+cu130. CUDA: 8.9. CUDA Toolkit: 13.0. Triton: 3.6.0
\        /    Bfloat16 = TRUE. FA [Xformers = 0.0.35. FA2 = False]
 "-____-"     Free license: http://github.com/unslothai/unsloth
Unsloth: Fast downloading is enabled - ignore downloading bars which are red colored!
Unsloth: Detected MoE model with num_experts = 256 and target_modules = ['q_proj', 'k_proj', 'v_proj', 'o_proj', 'gate_proj', 'up_proj', 'down_proj']. Enabling LoRA on MoE parameters: ['mlp.experts.gate_up_proj', 'mlp.experts.down_proj']
Unsloth: Making `model.base_model.model.model.language_model` require gradients
{'loss': '17.58', 'grad_norm': '0.5562', 'learning_rate': '2.658e-05', 'epoch': '0.0708'}
{'loss': '17.41', 'grad_norm': '0.473', 'learning_rate': '5.981e-05', 'epoch': '0.1416'}
{'loss': '16.6', 'grad_norm': '0.4856', 'learning_rate': '6.568e-05', 'epoch': '0.2124'}
{'loss': '15.71', 'grad_norm': '0.5041', 'learning_rate': '6.472e-05', 'epoch': '0.2832'}
{'loss': '14.73', 'grad_norm': '0.5282', 'learning_rate': '6.376e-05', 'epoch': '0.354'}
{'loss': '13.78', 'grad_norm': '0.5745', 'learning_rate': '6.279e-05', 'epoch': '0.4248'}
{'loss': '12.74', 'grad_norm': '0.6365', 'learning_rate': '6.183e-05', 'epoch': '0.4956'}
{'loss': '11.56', 'grad_norm': '0.6855', 'learning_rate': '6.087e-05', 'epoch': '0.5664'}
{'loss': '10.07', 'grad_norm': '0.7614', 'learning_rate': '5.99e-05', 'epoch': '0.6372'}
{'loss': '8.526', 'grad_norm': '0.8578', 'learning_rate': '5.894e-05', 'epoch': '0.708'}
{'eval_loss': '0.9441', 'eval_runtime': '22.58', 'eval_samples_per_second': '6.245', 'eval_steps_per_second': '1.594', 'epoch': '0.708'}
{'loss': '6.85', 'grad_norm': '0.9624', 'learning_rate': '5.798e-05', 'epoch': '0.7788'}
{'loss': '5.198', 'grad_norm': '1.003', 'learning_rate': '5.701e-05', 'epoch': '0.8496'}
{'loss': '3.535', 'grad_norm': '0.9134', 'learning_rate': '5.605e-05', 'epoch': '0.9204'}
{'loss': '2.248', 'grad_norm': '0.7083', 'learning_rate': '5.509e-05', 'epoch': '0.9912'}
{'loss': '1.43', 'grad_norm': '0.5233', 'learning_rate': '5.412e-05', 'epoch': '1.057'}
{'loss': '1.078', 'grad_norm': '0.4192', 'learning_rate': '5.316e-05', 'epoch': '1.127'}
{'loss': '0.9368', 'grad_norm': '0.2784', 'learning_rate': '5.22e-05', 'epoch': '1.198'}
{'loss': '0.8278', 'grad_norm': '0.1561', 'learning_rate': '5.124e-05', 'epoch': '1.269'}
{'loss': '0.7784', 'grad_norm': '0.1327', 'learning_rate': '5.027e-05', 'epoch': '1.34'}
{'loss': '0.733', 'grad_norm': '0.1265', 'learning_rate': '4.931e-05', 'epoch': '1.411'}
{'eval_loss': '0.08776', 'eval_runtime': '23.14', 'eval_samples_per_second': '6.094', 'eval_steps_per_second': '1.556', 'epoch': '1.411'}
{'loss': '0.7372', 'grad_norm': '0.1474', 'learning_rate': '4.835e-05', 'epoch': '1.481'}
{'loss': '0.71', 'grad_norm': '0.1139', 'learning_rate': '4.738e-05', 'epoch': '1.552'}
{'loss': '0.7278', 'grad_norm': '0.1218', 'learning_rate': '4.642e-05', 'epoch': '1.623'}
{'loss': '0.6437', 'grad_norm': '0.09779', 'learning_rate': '4.546e-05', 'epoch': '1.694'}
{'loss': '0.6302', 'grad_norm': '0.1038', 'learning_rate': '4.449e-05', 'epoch': '1.765'}
{'loss': '0.6024', 'grad_norm': '0.08738', 'learning_rate': '4.353e-05', 'epoch': '1.835'}
{'loss': '0.6744', 'grad_norm': '0.1161', 'learning_rate': '4.257e-05', 'epoch': '1.906'}
{'loss': '0.661', 'grad_norm': '0.1066', 'learning_rate': '4.16e-05', 'epoch': '1.977'}
{'loss': '0.6343', 'grad_norm': '0.1037', 'learning_rate': '4.064e-05', 'epoch': '2.042'}
{'loss': '0.5988', 'grad_norm': '0.0898', 'learning_rate': '3.968e-05', 'epoch': '2.113'}
{'eval_loss': '0.07667', 'eval_runtime': '23.13', 'eval_samples_per_second': '6.097', 'eval_steps_per_second': '1.557', 'epoch': '2.113'}
{'loss': '0.6508', 'grad_norm': '0.1048', 'learning_rate': '3.872e-05', 'epoch': '2.184'}
{'loss': '0.6044', 'grad_norm': '0.07542', 'learning_rate': '3.775e-05', 'epoch': '2.255'}
{'loss': '0.6708', 'grad_norm': '0.08003', 'learning_rate': '3.679e-05', 'epoch': '2.326'}
{'loss': '0.6559', 'grad_norm': '0.09369', 'learning_rate': '3.583e-05', 'epoch': '2.396'}
{'loss': '0.6286', 'grad_norm': '0.0915', 'learning_rate': '3.486e-05', 'epoch': '2.467'}
{'loss': '0.6525', 'grad_norm': '0.09058', 'learning_rate': '3.39e-05', 'epoch': '2.538'}
{'loss': '0.6547', 'grad_norm': '0.08869', 'learning_rate': '3.294e-05', 'epoch': '2.609'}
{'loss': '0.5968', 'grad_norm': '0.09824', 'learning_rate': '3.197e-05', 'epoch': '2.68'}
{'loss': '0.5836', 'grad_norm': '0.09137', 'learning_rate': '3.101e-05', 'epoch': '2.75'}
{'loss': '0.6202', 'grad_norm': '0.08814', 'learning_rate': '3.005e-05', 'epoch': '2.821'}
{'eval_loss': '0.07414', 'eval_runtime': '23', 'eval_samples_per_second': '6.13', 'eval_steps_per_second': '1.565', 'epoch': '2.821'}
{'loss': '0.5582', 'grad_norm': '0.1033', 'learning_rate': '2.908e-05', 'epoch': '2.892'}
{'loss': '0.6528', 'grad_norm': '0.09241', 'learning_rate': '2.812e-05', 'epoch': '2.963'}
{'loss': '0.5739', 'grad_norm': '0.09779', 'learning_rate': '2.716e-05', 'epoch': '3.028'}
{'loss': '0.6457', 'grad_norm': '0.08787', 'learning_rate': '2.62e-05', 'epoch': '3.099'}
{'loss': '0.5746', 'grad_norm': '0.08376', 'learning_rate': '2.523e-05', 'epoch': '3.17'}
{'loss': '0.611', 'grad_norm': '0.08287', 'learning_rate': '2.427e-05', 'epoch': '3.241'}
{'loss': '0.6036', 'grad_norm': '0.08498', 'learning_rate': '2.331e-05', 'epoch': '3.312'}
{'loss': '0.5946', 'grad_norm': '0.08686', 'learning_rate': '2.234e-05', 'epoch': '3.382'}
{'loss': '0.6217', 'grad_norm': '0.08274', 'learning_rate': '2.138e-05', 'epoch': '3.453'}
{'loss': '0.5941', 'grad_norm': '0.09608', 'learning_rate': '2.042e-05', 'epoch': '3.524'}
{'eval_loss': '0.07288', 'eval_runtime': '22.47', 'eval_samples_per_second': '6.275', 'eval_steps_per_second': '1.602', 'epoch': '3.524'}
{'loss': '0.5818', 'grad_norm': '0.07551', 'learning_rate': '1.945e-05', 'epoch': '3.595'}
{'loss': '0.5647', 'grad_norm': '0.07792', 'learning_rate': '1.849e-05', 'epoch': '3.665'}
{'loss': '0.5955', 'grad_norm': '0.08267', 'learning_rate': '1.753e-05', 'epoch': '3.736'}
{'loss': '0.6177', 'grad_norm': '0.08053', 'learning_rate': '1.656e-05', 'epoch': '3.807'}
{'loss': '0.6203', 'grad_norm': '0.07689', 'learning_rate': '1.56e-05', 'epoch': '3.878'}
{'loss': '0.6164', 'grad_norm': '0.08234', 'learning_rate': '1.464e-05', 'epoch': '3.949'}
{'loss': '0.5498', 'grad_norm': '0.08202', 'learning_rate': '1.368e-05', 'epoch': '4.014'}
{'loss': '0.5979', 'grad_norm': '0.09326', 'learning_rate': '1.271e-05', 'epoch': '4.085'}
{'loss': '0.624', 'grad_norm': '0.07587', 'learning_rate': '1.175e-05', 'epoch': '4.156'}
{'loss': '0.6604', 'grad_norm': '0.0885', 'learning_rate': '1.079e-05', 'epoch': '4.227'}
{'eval_loss': '0.07198', 'eval_runtime': '23.44', 'eval_samples_per_second': '6.016', 'eval_steps_per_second': '1.536', 'epoch': '4.227'}
{'loss': '0.5636', 'grad_norm': '0.0809', 'learning_rate': '9.823e-06', 'epoch': '4.297'}
{'loss': '0.6079', 'grad_norm': '0.07469', 'learning_rate': '8.86e-06', 'epoch': '4.368'}
{'loss': '0.626', 'grad_norm': '0.07555', 'learning_rate': '7.897e-06', 'epoch': '4.439'}
{'loss': '0.5197', 'grad_norm': '0.08133', 'learning_rate': '6.934e-06', 'epoch': '4.51'}
{'loss': '0.6181', 'grad_norm': '0.0878', 'learning_rate': '5.971e-06', 'epoch': '4.581'}
{'loss': '0.5566', 'grad_norm': '0.09634', 'learning_rate': '5.008e-06', 'epoch': '4.651'}
{'loss': '0.5778', 'grad_norm': '0.09235', 'learning_rate': '4.045e-06', 'epoch': '4.722'}
{'loss': '0.6149', 'grad_norm': '0.1017', 'learning_rate': '3.082e-06', 'epoch': '4.793'}
{'loss': '0.5741', 'grad_norm': '0.08418', 'learning_rate': '2.119e-06', 'epoch': '4.864'}
{'loss': '0.5256', 'grad_norm': '0.07458', 'learning_rate': '1.156e-06', 'epoch': '4.935'}
{'eval_loss': '0.07179', 'eval_runtime': '22.85', 'eval_samples_per_second': '6.171', 'eval_steps_per_second': '1.576', 'epoch': '4.935'}
{'loss': '0.6129', 'grad_norm': '0.06249', 'learning_rate': '1.926e-07', 'epoch': '5'}
{'train_runtime': '4274', 'train_samples_per_second': '0.661', 'train_steps_per_second': '0.083', 'train_loss': '2.728', 'epoch': '5'}

  Val F1: 0.9682  |  stopped at epoch: 5.00

  Trial 4 done  |  mean_val_f1=0.9667  |  folds: ['0.9620', '0.9639', '0.9689', '0.9704', '0.9682']

============================================================
OPTUNA SEARCH RESULTS SUMMARY
============================================================
  trial=3  |  mean_val_f1=0.9703  |  params={'r': 8, 'lr': 6.524194373743039e-05, 'alpha_mode': 'r'}
  trial=4  |  mean_val_f1=0.9667  |  params={'r': 8, 'lr': 6.645169054186229e-05, 'alpha_mode': 'r'}
  trial=1  |  mean_val_f1=0.9643  |  params={'r': 8, 'lr': 7.356986896954125e-05, 'alpha_mode': '2r'}
  trial=0  |  mean_val_f1=0.9620  |  params={'r': 8, 'lr': 9.019725301655434e-05, 'alpha_mode': '2r'}

Best config: trial=3, params={'r': 8, 'lr': 6.524194373743039e-05, 'alpha_mode': 'r'} (mean_val_f1=0.9703)
Retraining on full training set with best config...

============================================================
  FINAL TRAINING on full dataset (706 examples)
  r=8, alpha=8, lr=6.52e-05
============================================================

==((====))==  Unsloth 2026.3.18: Fast Qwen3_5_MoE patching. Transformers: 5.3.0.
   \\   /|    NVIDIA RTX 6000 Ada Generation. Num GPUs = 2. Max memory: 47.374 GB. Platform: Linux.
O^O/ \_/ \    Torch: 2.11.0+cu130. CUDA: 8.9. CUDA Toolkit: 13.0. Triton: 3.6.0
\        /    Bfloat16 = TRUE. FA [Xformers = 0.0.35. FA2 = False]
 "-____-"     Free license: http://github.com/unslothai/unsloth
Unsloth: Fast downloading is enabled - ignore downloading bars which are red colored!
Unsloth: Detected MoE model with num_experts = 256 and target_modules = ['q_proj', 'k_proj', 'v_proj', 'o_proj', 'gate_proj', 'up_proj', 'down_proj']. Enabling LoRA on MoE parameters: ['mlp.experts.gate_up_proj', 'mlp.experts.down_proj']
Unsloth: Making `model.base_model.model.model.language_model` require gradients
{'loss': '17.6', 'grad_norm': '0.472', 'learning_rate': '2.61e-05', 'epoch': '0.05666'}
{'loss': '17.35', 'grad_norm': '0.4779', 'learning_rate': '5.872e-05', 'epoch': '0.1133'}
{'loss': '16.61', 'grad_norm': '0.4913', 'learning_rate': '6.464e-05', 'epoch': '0.17'}
{'loss': '15.68', 'grad_norm': '0.5023', 'learning_rate': '6.389e-05', 'epoch': '0.2266'}
{'loss': '14.76', 'grad_norm': '0.5278', 'learning_rate': '6.314e-05', 'epoch': '0.2833'}
{'loss': '13.75', 'grad_norm': '0.5714', 'learning_rate': '6.239e-05', 'epoch': '0.3399'}
{'loss': '12.74', 'grad_norm': '0.6305', 'learning_rate': '6.164e-05', 'epoch': '0.3966'}
{'loss': '11.57', 'grad_norm': '0.6865', 'learning_rate': '6.089e-05', 'epoch': '0.4533'}
{'loss': '10.12', 'grad_norm': '0.7628', 'learning_rate': '6.014e-05', 'epoch': '0.5099'}
{'loss': '8.489', 'grad_norm': '0.8879', 'learning_rate': '5.939e-05', 'epoch': '0.5666'}
{'loss': '6.845', 'grad_norm': '0.9401', 'learning_rate': '5.864e-05', 'epoch': '0.6232'}
{'loss': '5.068', 'grad_norm': '1.015', 'learning_rate': '5.789e-05', 'epoch': '0.6799'}
{'loss': '3.477', 'grad_norm': '0.8667', 'learning_rate': '5.714e-05', 'epoch': '0.7365'}
{'loss': '2.203', 'grad_norm': '0.6703', 'learning_rate': '5.639e-05', 'epoch': '0.7932'}
{'loss': '1.464', 'grad_norm': '0.5069', 'learning_rate': '5.564e-05', 'epoch': '0.8499'}
{'loss': '1.061', 'grad_norm': '0.333', 'learning_rate': '5.489e-05', 'epoch': '0.9065'}
{'loss': '0.9086', 'grad_norm': '0.347', 'learning_rate': '5.414e-05', 'epoch': '0.9632'}
{'loss': '0.6725', 'grad_norm': '0.1756', 'learning_rate': '5.339e-05', 'epoch': '1.011'}
{'loss': '0.7989', 'grad_norm': '0.1325', 'learning_rate': '5.264e-05', 'epoch': '1.068'}
{'loss': '0.7686', 'grad_norm': '0.1245', 'learning_rate': '5.189e-05', 'epoch': '1.125'}
{'loss': '0.7344', 'grad_norm': '0.13', 'learning_rate': '5.114e-05', 'epoch': '1.181'}
{'loss': '0.6822', 'grad_norm': '0.1335', 'learning_rate': '5.039e-05', 'epoch': '1.238'}
{'loss': '0.6812', 'grad_norm': '0.1252', 'learning_rate': '4.964e-05', 'epoch': '1.295'}
{'loss': '0.6562', 'grad_norm': '0.103', 'learning_rate': '4.889e-05', 'epoch': '1.351'}
{'loss': '0.6259', 'grad_norm': '0.1215', 'learning_rate': '4.814e-05', 'epoch': '1.408'}
{'loss': '0.682', 'grad_norm': '0.1265', 'learning_rate': '4.739e-05', 'epoch': '1.465'}
{'loss': '0.6217', 'grad_norm': '0.1017', 'learning_rate': '4.664e-05', 'epoch': '1.521'}
{'loss': '0.6363', 'grad_norm': '0.08499', 'learning_rate': '4.589e-05', 'epoch': '1.578'}
{'loss': '0.6672', 'grad_norm': '0.09257', 'learning_rate': '4.514e-05', 'epoch': '1.635'}
{'loss': '0.6716', 'grad_norm': '0.08563', 'learning_rate': '4.439e-05', 'epoch': '1.691'}
{'loss': '0.5803', 'grad_norm': '0.1005', 'learning_rate': '4.364e-05', 'epoch': '1.748'}
{'loss': '0.6342', 'grad_norm': '0.08537', 'learning_rate': '4.289e-05', 'epoch': '1.805'}
{'loss': '0.6135', 'grad_norm': '0.09131', 'learning_rate': '4.214e-05', 'epoch': '1.861'}
{'loss': '0.6141', 'grad_norm': '0.08408', 'learning_rate': '4.139e-05', 'epoch': '1.918'}
{'loss': '0.5812', 'grad_norm': '0.09928', 'learning_rate': '4.064e-05', 'epoch': '1.975'}
{'loss': '0.4923', 'grad_norm': '0.07626', 'learning_rate': '3.99e-05', 'epoch': '2.023'}
{'loss': '0.5784', 'grad_norm': '0.07267', 'learning_rate': '3.915e-05', 'epoch': '2.079'}
{'loss': '0.6157', 'grad_norm': '0.1048', 'learning_rate': '3.84e-05', 'epoch': '2.136'}
{'loss': '0.6205', 'grad_norm': '0.1036', 'learning_rate': '3.765e-05', 'epoch': '2.193'}
{'loss': '0.6263', 'grad_norm': '0.08569', 'learning_rate': '3.69e-05', 'epoch': '2.249'}
{'loss': '0.6103', 'grad_norm': '0.07984', 'learning_rate': '3.615e-05', 'epoch': '2.306'}
{'loss': '0.5637', 'grad_norm': '0.08574', 'learning_rate': '3.54e-05', 'epoch': '2.363'}
{'loss': '0.5551', 'grad_norm': '0.1232', 'learning_rate': '3.465e-05', 'epoch': '2.419'}
{'loss': '0.619', 'grad_norm': '0.07863', 'learning_rate': '3.39e-05', 'epoch': '2.476'}
{'loss': '0.6063', 'grad_norm': '0.0784', 'learning_rate': '3.315e-05', 'epoch': '2.533'}
{'loss': '0.5409', 'grad_norm': '0.08545', 'learning_rate': '3.24e-05', 'epoch': '2.589'}
{'loss': '0.5778', 'grad_norm': '0.08842', 'learning_rate': '3.165e-05', 'epoch': '2.646'}
{'loss': '0.5888', 'grad_norm': '0.08394', 'learning_rate': '3.09e-05', 'epoch': '2.703'}
{'loss': '0.6426', 'grad_norm': '0.08274', 'learning_rate': '3.015e-05', 'epoch': '2.759'}
{'loss': '0.606', 'grad_norm': '0.08714', 'learning_rate': '2.94e-05', 'epoch': '2.816'}
{'loss': '0.6192', 'grad_norm': '0.0862', 'learning_rate': '2.865e-05', 'epoch': '2.873'}
{'loss': '0.6094', 'grad_norm': '0.08733', 'learning_rate': '2.79e-05', 'epoch': '2.929'}
{'loss': '0.6319', 'grad_norm': '0.09504', 'learning_rate': '2.715e-05', 'epoch': '2.986'}
{'loss': '0.5188', 'grad_norm': '0.08743', 'learning_rate': '2.64e-05', 'epoch': '3.034'}
{'loss': '0.631', 'grad_norm': '0.08573', 'learning_rate': '2.565e-05', 'epoch': '3.091'}
{'loss': '0.6068', 'grad_norm': '0.08394', 'learning_rate': '2.49e-05', 'epoch': '3.147'}
{'loss': '0.6115', 'grad_norm': '0.07858', 'learning_rate': '2.415e-05', 'epoch': '3.204'}
{'loss': '0.6143', 'grad_norm': '0.0827', 'learning_rate': '2.34e-05', 'epoch': '3.261'}
{'loss': '0.6223', 'grad_norm': '0.06907', 'learning_rate': '2.265e-05', 'epoch': '3.317'}
{'loss': '0.5455', 'grad_norm': '0.0803', 'learning_rate': '2.19e-05', 'epoch': '3.374'}
{'loss': '0.6245', 'grad_norm': '0.06666', 'learning_rate': '2.115e-05', 'epoch': '3.431'}
{'loss': '0.5508', 'grad_norm': '0.07797', 'learning_rate': '2.04e-05', 'epoch': '3.487'}
{'loss': '0.6142', 'grad_norm': '0.07732', 'learning_rate': '1.965e-05', 'epoch': '3.544'}
{'loss': '0.5399', 'grad_norm': '0.08593', 'learning_rate': '1.89e-05', 'epoch': '3.601'}
{'loss': '0.5212', 'grad_norm': '0.06951', 'learning_rate': '1.815e-05', 'epoch': '3.657'}
{'loss': '0.611', 'grad_norm': '0.08994', 'learning_rate': '1.74e-05', 'epoch': '3.714'}
{'loss': '0.5616', 'grad_norm': '0.06959', 'learning_rate': '1.665e-05', 'epoch': '3.771'}
{'loss': '0.5585', 'grad_norm': '0.09461', 'learning_rate': '1.59e-05', 'epoch': '3.827'}
{'loss': '0.5369', 'grad_norm': '0.09474', 'learning_rate': '1.515e-05', 'epoch': '3.884'}
{'loss': '0.556', 'grad_norm': '0.07233', 'learning_rate': '1.44e-05', 'epoch': '3.941'}
{'loss': '0.5683', 'grad_norm': '0.08946', 'learning_rate': '1.365e-05', 'epoch': '3.997'}
{'loss': '0.4668', 'grad_norm': '0.07641', 'learning_rate': '1.29e-05', 'epoch': '4.045'}
{'loss': '0.5012', 'grad_norm': '0.09102', 'learning_rate': '1.215e-05', 'epoch': '4.102'}
{'loss': '0.5708', 'grad_norm': '0.07847', 'learning_rate': '1.14e-05', 'epoch': '4.159'}
{'loss': '0.528', 'grad_norm': '0.06834', 'learning_rate': '1.065e-05', 'epoch': '4.215'}
{'loss': '0.5383', 'grad_norm': '0.06778', 'learning_rate': '9.899e-06', 'epoch': '4.272'}
{'loss': '0.5703', 'grad_norm': '0.08324', 'learning_rate': '9.149e-06', 'epoch': '4.329'}
{'loss': '0.5548', 'grad_norm': '0.06729', 'learning_rate': '8.399e-06', 'epoch': '4.385'}
{'loss': '0.6081', 'grad_norm': '0.06886', 'learning_rate': '7.649e-06', 'epoch': '4.442'}
{'loss': '0.5753', 'grad_norm': '0.06927', 'learning_rate': '6.899e-06', 'epoch': '4.499'}
{'loss': '0.6576', 'grad_norm': '0.08188', 'learning_rate': '6.149e-06', 'epoch': '4.555'}
{'loss': '0.598', 'grad_norm': '0.0772', 'learning_rate': '5.399e-06', 'epoch': '4.612'}
{'loss': '0.5606', 'grad_norm': '0.0764', 'learning_rate': '4.649e-06', 'epoch': '4.669'}
{'loss': '0.5459', 'grad_norm': '0.07991', 'learning_rate': '3.9e-06', 'epoch': '4.725'}
{'loss': '0.6245', 'grad_norm': '0.09819', 'learning_rate': '3.15e-06', 'epoch': '4.782'}
{'loss': '0.5778', 'grad_norm': '0.07505', 'learning_rate': '2.4e-06', 'epoch': '4.839'}
{'loss': '0.6287', 'grad_norm': '0.08842', 'learning_rate': '1.65e-06', 'epoch': '4.895'}
{'loss': '0.5319', 'grad_norm': '0.0682', 'learning_rate': '8.999e-07', 'epoch': '4.952'}
{'loss': '0.4649', 'grad_norm': '0.0353', 'learning_rate': '1.5e-07', 'epoch': '5'}
{'train_runtime': '5175', 'train_samples_per_second': '0.682', 'train_steps_per_second': '0.086', 'train_loss': '2.279', 'epoch': '5'}

  Final model saved to models/finetuned/Qwen3.5-35B-A3B

Full results saved to models/cv_results/Qwen3.5-35B-A3B/cv_results.json
Final model saved to models/finetuned/Qwen3.5-35B-A3B
Done!
