🦥 Unsloth: Will patch your computer to enable 2x faster free finetuning.
Unsloth: Your Flash Attention 2 installation seems to be broken. Using Xformers instead. No performance changes will be seen.
🦥 Unsloth Zoo will now patch everything to make training faster!
Loading glassdoor data...
  13,046,307 rows loaded
Resuming from existing output: data/glassdoor_labelled.csv
  3,547,651 rows already labelled, 9,498,656 remaining
Loading model...
==((====))==  Unsloth 2026.3.18: Fast Qwen3_5_MoE patching. Transformers: 5.3.0.
   \\   /|    NVIDIA RTX 6000 Ada Generation. Num GPUs = 2. Max memory: 47.374 GB. Platform: Linux.
O^O/ \_/ \    Torch: 2.11.0+cu130. CUDA: 8.9. CUDA Toolkit: 13.0. Triton: 3.6.0
\        /    Bfloat16 = TRUE. FA [Xformers = 0.0.35. FA2 = False]
 "-____-"     Free license: http://github.com/unslothai/unsloth
Unsloth: Fast downloading is enabled - ignore downloading bars which are red colored!
Running inference on 9,498,656 rows...
  8/9,498,656 (0.0%)
  16/9,498,656 (0.0%)
  24/9,498,656 (0.0%)
  32/9,498,656 (0.0%)
  40/9,498,656 (0.0%)
  48/9,498,656 (0.0%)
  56/9,498,656 (0.0%)
  64/9,498,656 (0.0%)
  72/9,498,656 (0.0%)
  80/9,498,656 (0.0%)
  88/9,498,656 (0.0%)
  96/9,498,656 (0.0%)
  104/9,498,656 (0.0%)
  112/9,498,656 (0.0%)
  120/9,498,656 (0.0%)
  128/9,498,656 (0.0%)
  136/9,498,656 (0.0%)
  144/9,498,656 (0.0%)
  152/9,498,656 (0.0%)
  160/9,498,656 (0.0%)
  168/9,498,656 (0.0%)
  176/9,498,656 (0.0%)
  184/9,498,656 (0.0%)
  192/9,498,656 (0.0%)
  200/9,498,656 (0.0%)
  208/9,498,656 (0.0%)
  216/9,498,656 (0.0%)
  224/9,498,656 (0.0%)
  232/9,498,656 (0.0%)
  240/9,498,656 (0.0%)
  248/9,498,656 (0.0%)
  256/9,498,656 (0.0%)
  264/9,498,656 (0.0%)
  272/9,498,656 (0.0%)
  280/9,498,656 (0.0%)
  288/9,498,656 (0.0%)
  296/9,498,656 (0.0%)
  304/9,498,656 (0.0%)
  312/9,498,656 (0.0%)
  320/9,498,656 (0.0%)
  328/9,498,656 (0.0%)
  336/9,498,656 (0.0%)
  344/9,498,656 (0.0%)
  352/9,498,656 (0.0%)
  360/9,498,656 (0.0%)
  368/9,498,656 (0.0%)
  376/9,498,656 (0.0%)
  384/9,498,656 (0.0%)
  392/9,498,656 (0.0%)
  400/9,498,656 (0.0%)
  408/9,498,656 (0.0%)
  416/9,498,656 (0.0%)
  424/9,498,656 (0.0%)
  432/9,498,656 (0.0%)
  440/9,498,656 (0.0%)
  448/9,498,656 (0.0%)
  456/9,498,656 (0.0%)
  464/9,498,656 (0.0%)
  472/9,498,656 (0.0%)
  480/9,498,656 (0.0%)
  488/9,498,656 (0.0%)
  496/9,498,656 (0.0%)
  504/9,498,656 (0.0%)
  [checkpoint saved]
  512/9,498,656 (0.0%)
  520/9,498,656 (0.0%)
  528/9,498,656 (0.0%)
  536/9,498,656 (0.0%)
  544/9,498,656 (0.0%)
  552/9,498,656 (0.0%)
  560/9,498,656 (0.0%)
  568/9,498,656 (0.0%)
  576/9,498,656 (0.0%)
  584/9,498,656 (0.0%)
  592/9,498,656 (0.0%)
  600/9,498,656 (0.0%)
  608/9,498,656 (0.0%)
  616/9,498,656 (0.0%)
  624/9,498,656 (0.0%)
  632/9,498,656 (0.0%)
  640/9,498,656 (0.0%)
  648/9,498,656 (0.0%)
  656/9,498,656 (0.0%)
  664/9,498,656 (0.0%)
  672/9,498,656 (0.0%)
  680/9,498,656 (0.0%)
  688/9,498,656 (0.0%)
  696/9,498,656 (0.0%)
  704/9,498,656 (0.0%)
  712/9,498,656 (0.0%)
  720/9,498,656 (0.0%)
  728/9,498,656 (0.0%)
  736/9,498,656 (0.0%)
  744/9,498,656 (0.0%)
  752/9,498,656 (0.0%)
  760/9,498,656 (0.0%)
  768/9,498,656 (0.0%)
  776/9,498,656 (0.0%)
  784/9,498,656 (0.0%)
  792/9,498,656 (0.0%)
  800/9,498,656 (0.0%)
  808/9,498,656 (0.0%)
  816/9,498,656 (0.0%)
  824/9,498,656 (0.0%)
  832/9,498,656 (0.0%)
  840/9,498,656 (0.0%)
  848/9,498,656 (0.0%)
  856/9,498,656 (0.0%)
  864/9,498,656 (0.0%)
  872/9,498,656 (0.0%)
  880/9,498,656 (0.0%)
  888/9,498,656 (0.0%)
  896/9,498,656 (0.0%)
  904/9,498,656 (0.0%)
  912/9,498,656 (0.0%)
  920/9,498,656 (0.0%)
  928/9,498,656 (0.0%)
  936/9,498,656 (0.0%)
  944/9,498,656 (0.0%)
  952/9,498,656 (0.0%)
  960/9,498,656 (0.0%)
  968/9,498,656 (0.0%)
  976/9,498,656 (0.0%)
  984/9,498,656 (0.0%)
  992/9,498,656 (0.0%)
  1,000/9,498,656 (0.0%)
  1,008/9,498,656 (0.0%)
  [checkpoint saved]
  1,016/9,498,656 (0.0%)
  1,024/9,498,656 (0.0%)
  1,032/9,498,656 (0.0%)
  1,040/9,498,656 (0.0%)
  1,048/9,498,656 (0.0%)
  1,056/9,498,656 (0.0%)
  1,064/9,498,656 (0.0%)
  1,072/9,498,656 (0.0%)
  1,080/9,498,656 (0.0%)
  1,088/9,498,656 (0.0%)
  1,096/9,498,656 (0.0%)
  1,104/9,498,656 (0.0%)
  1,112/9,498,656 (0.0%)
  1,120/9,498,656 (0.0%)
  1,128/9,498,656 (0.0%)
  1,136/9,498,656 (0.0%)
  1,144/9,498,656 (0.0%)
  1,152/9,498,656 (0.0%)
  1,160/9,498,656 (0.0%)
  1,168/9,498,656 (0.0%)
  1,176/9,498,656 (0.0%)
  1,184/9,498,656 (0.0%)
  1,192/9,498,656 (0.0%)
  1,200/9,498,656 (0.0%)
  1,208/9,498,656 (0.0%)
  1,216/9,498,656 (0.0%)
  1,224/9,498,656 (0.0%)
  1,232/9,498,656 (0.0%)
  1,240/9,498,656 (0.0%)
  1,248/9,498,656 (0.0%)
  1,256/9,498,656 (0.0%)
  1,264/9,498,656 (0.0%)
  1,272/9,498,656 (0.0%)
  1,280/9,498,656 (0.0%)
  1,288/9,498,656 (0.0%)
  1,296/9,498,656 (0.0%)
  1,304/9,498,656 (0.0%)
  1,312/9,498,656 (0.0%)
  1,320/9,498,656 (0.0%)
  1,328/9,498,656 (0.0%)
  1,336/9,498,656 (0.0%)
  1,344/9,498,656 (0.0%)
  1,352/9,498,656 (0.0%)
  1,360/9,498,656 (0.0%)
  1,368/9,498,656 (0.0%)
  1,376/9,498,656 (0.0%)
  1,384/9,498,656 (0.0%)
  1,392/9,498,656 (0.0%)
  1,400/9,498,656 (0.0%)
  1,408/9,498,656 (0.0%)
  1,416/9,498,656 (0.0%)
  1,424/9,498,656 (0.0%)
  1,432/9,498,656 (0.0%)
  1,440/9,498,656 (0.0%)
  1,448/9,498,656 (0.0%)
  1,456/9,498,656 (0.0%)
  1,464/9,498,656 (0.0%)
  1,472/9,498,656 (0.0%)
  1,480/9,498,656 (0.0%)
  1,488/9,498,656 (0.0%)
  1,496/9,498,656 (0.0%)
  1,504/9,498,656 (0.0%)
  1,512/9,498,656 (0.0%)
  [checkpoint saved]
  1,520/9,498,656 (0.0%)
  1,528/9,498,656 (0.0%)
  1,536/9,498,656 (0.0%)
  1,544/9,498,656 (0.0%)
  1,552/9,498,656 (0.0%)
  1,560/9,498,656 (0.0%)
  1,568/9,498,656 (0.0%)
  1,576/9,498,656 (0.0%)
  1,584/9,498,656 (0.0%)
  1,592/9,498,656 (0.0%)
  1,600/9,498,656 (0.0%)
  1,608/9,498,656 (0.0%)
  1,616/9,498,656 (0.0%)
  1,624/9,498,656 (0.0%)
  1,632/9,498,656 (0.0%)
  1,640/9,498,656 (0.0%)
  1,648/9,498,656 (0.0%)
  1,656/9,498,656 (0.0%)
  1,664/9,498,656 (0.0%)
  1,672/9,498,656 (0.0%)
  1,680/9,498,656 (0.0%)
  1,688/9,498,656 (0.0%)
  1,696/9,498,656 (0.0%)
  1,704/9,498,656 (0.0%)
  1,712/9,498,656 (0.0%)
  1,720/9,498,656 (0.0%)
  1,728/9,498,656 (0.0%)
  1,736/9,498,656 (0.0%)
  1,744/9,498,656 (0.0%)
  1,752/9,498,656 (0.0%)
  1,760/9,498,656 (0.0%)
  1,768/9,498,656 (0.0%)
  1,776/9,498,656 (0.0%)
  1,784/9,498,656 (0.0%)
  1,792/9,498,656 (0.0%)
  1,800/9,498,656 (0.0%)
  1,808/9,498,656 (0.0%)
  1,816/9,498,656 (0.0%)
  1,824/9,498,656 (0.0%)
  1,832/9,498,656 (0.0%)
  1,840/9,498,656 (0.0%)
  1,848/9,498,656 (0.0%)
  1,856/9,498,656 (0.0%)
  1,864/9,498,656 (0.0%)
  1,872/9,498,656 (0.0%)
  1,880/9,498,656 (0.0%)
  1,888/9,498,656 (0.0%)
  1,896/9,498,656 (0.0%)
  1,904/9,498,656 (0.0%)
  1,912/9,498,656 (0.0%)
  1,920/9,498,656 (0.0%)
  1,928/9,498,656 (0.0%)
  1,936/9,498,656 (0.0%)
  1,944/9,498,656 (0.0%)
  1,952/9,498,656 (0.0%)
  1,960/9,498,656 (0.0%)
  1,968/9,498,656 (0.0%)
  1,976/9,498,656 (0.0%)
  1,984/9,498,656 (0.0%)
  1,992/9,498,656 (0.0%)
  2,000/9,498,656 (0.0%)
  2,008/9,498,656 (0.0%)
  2,016/9,498,656 (0.0%)
  [checkpoint saved]
  2,024/9,498,656 (0.0%)
  2,032/9,498,656 (0.0%)
  2,040/9,498,656 (0.0%)
  2,048/9,498,656 (0.0%)
  2,056/9,498,656 (0.0%)
  2,064/9,498,656 (0.0%)
  2,072/9,498,656 (0.0%)
  2,080/9,498,656 (0.0%)
  2,088/9,498,656 (0.0%)
  2,096/9,498,656 (0.0%)
  2,104/9,498,656 (0.0%)
  2,112/9,498,656 (0.0%)
  2,120/9,498,656 (0.0%)
  2,128/9,498,656 (0.0%)
  2,136/9,498,656 (0.0%)
  2,144/9,498,656 (0.0%)
  2,152/9,498,656 (0.0%)
  2,160/9,498,656 (0.0%)
  2,168/9,498,656 (0.0%)
  2,176/9,498,656 (0.0%)
  2,184/9,498,656 (0.0%)
  2,192/9,498,656 (0.0%)
  2,200/9,498,656 (0.0%)
  2,208/9,498,656 (0.0%)
  2,216/9,498,656 (0.0%)
  2,224/9,498,656 (0.0%)
  2,232/9,498,656 (0.0%)
  2,240/9,498,656 (0.0%)
  2,248/9,498,656 (0.0%)
  2,256/9,498,656 (0.0%)
  2,264/9,498,656 (0.0%)
  2,272/9,498,656 (0.0%)
  2,280/9,498,656 (0.0%)
  2,288/9,498,656 (0.0%)
  2,296/9,498,656 (0.0%)
  2,304/9,498,656 (0.0%)
  2,312/9,498,656 (0.0%)
  2,320/9,498,656 (0.0%)
  2,328/9,498,656 (0.0%)
  2,336/9,498,656 (0.0%)
  2,344/9,498,656 (0.0%)
  2,352/9,498,656 (0.0%)
  2,360/9,498,656 (0.0%)
  2,368/9,498,656 (0.0%)
  2,376/9,498,656 (0.0%)
  2,384/9,498,656 (0.0%)
  2,392/9,498,656 (0.0%)
  2,400/9,498,656 (0.0%)
  2,408/9,498,656 (0.0%)
  2,416/9,498,656 (0.0%)
  2,424/9,498,656 (0.0%)
  2,432/9,498,656 (0.0%)
  2,440/9,498,656 (0.0%)
  2,448/9,498,656 (0.0%)
  2,456/9,498,656 (0.0%)
  2,464/9,498,656 (0.0%)
  2,472/9,498,656 (0.0%)
  2,480/9,498,656 (0.0%)
  2,488/9,498,656 (0.0%)
  2,496/9,498,656 (0.0%)
  2,504/9,498,656 (0.0%)
  2,512/9,498,656 (0.0%)
  2,520/9,498,656 (0.0%)
  [checkpoint saved]
  2,528/9,498,656 (0.0%)
  2,536/9,498,656 (0.0%)
  2,544/9,498,656 (0.0%)
  2,552/9,498,656 (0.0%)
  2,560/9,498,656 (0.0%)
  2,568/9,498,656 (0.0%)
  2,576/9,498,656 (0.0%)
  2,584/9,498,656 (0.0%)
  2,592/9,498,656 (0.0%)
  2,600/9,498,656 (0.0%)
  2,608/9,498,656 (0.0%)
  2,616/9,498,656 (0.0%)
  2,624/9,498,656 (0.0%)
  2,632/9,498,656 (0.0%)
  2,640/9,498,656 (0.0%)
  2,648/9,498,656 (0.0%)
  2,656/9,498,656 (0.0%)
  2,664/9,498,656 (0.0%)
  2,672/9,498,656 (0.0%)
  2,680/9,498,656 (0.0%)
  2,688/9,498,656 (0.0%)
  2,696/9,498,656 (0.0%)
  2,704/9,498,656 (0.0%)
  2,712/9,498,656 (0.0%)
  2,720/9,498,656 (0.0%)
  2,728/9,498,656 (0.0%)
  2,736/9,498,656 (0.0%)
  2,744/9,498,656 (0.0%)
  2,752/9,498,656 (0.0%)
  2,760/9,498,656 (0.0%)
  2,768/9,498,656 (0.0%)
  2,776/9,498,656 (0.0%)
  2,784/9,498,656 (0.0%)
  2,792/9,498,656 (0.0%)
  2,800/9,498,656 (0.0%)
  2,808/9,498,656 (0.0%)
  2,816/9,498,656 (0.0%)
  2,824/9,498,656 (0.0%)
  2,832/9,498,656 (0.0%)
  2,840/9,498,656 (0.0%)
  2,848/9,498,656 (0.0%)
  2,856/9,498,656 (0.0%)
  2,864/9,498,656 (0.0%)
  2,872/9,498,656 (0.0%)
  2,880/9,498,656 (0.0%)
  2,888/9,498,656 (0.0%)
  2,896/9,498,656 (0.0%)
  2,904/9,498,656 (0.0%)
  2,912/9,498,656 (0.0%)
  2,920/9,498,656 (0.0%)
  2,928/9,498,656 (0.0%)
  2,936/9,498,656 (0.0%)
  2,944/9,498,656 (0.0%)
  2,952/9,498,656 (0.0%)
  2,960/9,498,656 (0.0%)
  2,968/9,498,656 (0.0%)
  2,976/9,498,656 (0.0%)
  2,984/9,498,656 (0.0%)
  2,992/9,498,656 (0.0%)
  3,000/9,498,656 (0.0%)
  3,008/9,498,656 (0.0%)
  3,016/9,498,656 (0.0%)
  3,024/9,498,656 (0.0%)
  [checkpoint saved]
  3,032/9,498,656 (0.0%)
  3,040/9,498,656 (0.0%)
  3,048/9,498,656 (0.0%)
  3,056/9,498,656 (0.0%)
  3,064/9,498,656 (0.0%)
  3,072/9,498,656 (0.0%)
  3,080/9,498,656 (0.0%)
  3,088/9,498,656 (0.0%)
  3,096/9,498,656 (0.0%)
  3,104/9,498,656 (0.0%)
  3,112/9,498,656 (0.0%)
  3,120/9,498,656 (0.0%)
  3,128/9,498,656 (0.0%)
  3,136/9,498,656 (0.0%)
  3,144/9,498,656 (0.0%)
  3,152/9,498,656 (0.0%)
  3,160/9,498,656 (0.0%)
  3,168/9,498,656 (0.0%)
  3,176/9,498,656 (0.0%)
  3,184/9,498,656 (0.0%)
  3,192/9,498,656 (0.0%)
  3,200/9,498,656 (0.0%)
  3,208/9,498,656 (0.0%)
  3,216/9,498,656 (0.0%)
  3,224/9,498,656 (0.0%)
  3,232/9,498,656 (0.0%)
  3,240/9,498,656 (0.0%)
  3,248/9,498,656 (0.0%)
  3,256/9,498,656 (0.0%)
  3,264/9,498,656 (0.0%)
  3,272/9,498,656 (0.0%)
  3,280/9,498,656 (0.0%)
  3,288/9,498,656 (0.0%)
  3,296/9,498,656 (0.0%)
  3,304/9,498,656 (0.0%)
  3,312/9,498,656 (0.0%)
  3,320/9,498,656 (0.0%)
  3,328/9,498,656 (0.0%)
  3,336/9,498,656 (0.0%)
  3,344/9,498,656 (0.0%)
  3,352/9,498,656 (0.0%)
  3,360/9,498,656 (0.0%)
  3,368/9,498,656 (0.0%)
  3,376/9,498,656 (0.0%)
  3,384/9,498,656 (0.0%)
  3,392/9,498,656 (0.0%)
  3,400/9,498,656 (0.0%)
  3,408/9,498,656 (0.0%)
  3,416/9,498,656 (0.0%)
  3,424/9,498,656 (0.0%)
  3,432/9,498,656 (0.0%)
  3,440/9,498,656 (0.0%)
  3,448/9,498,656 (0.0%)
  3,456/9,498,656 (0.0%)
  3,464/9,498,656 (0.0%)
  3,472/9,498,656 (0.0%)
  3,480/9,498,656 (0.0%)
  3,488/9,498,656 (0.0%)
  3,496/9,498,656 (0.0%)
  3,504/9,498,656 (0.0%)
  3,512/9,498,656 (0.0%)
  3,520/9,498,656 (0.0%)
  3,528/9,498,656 (0.0%)
  [checkpoint saved]
  3,536/9,498,656 (0.0%)
  3,544/9,498,656 (0.0%)
  3,552/9,498,656 (0.0%)
  3,560/9,498,656 (0.0%)
  3,568/9,498,656 (0.0%)
  3,576/9,498,656 (0.0%)
  3,584/9,498,656 (0.0%)
  3,592/9,498,656 (0.0%)
  3,600/9,498,656 (0.0%)
  3,608/9,498,656 (0.0%)
  3,616/9,498,656 (0.0%)
  3,624/9,498,656 (0.0%)
  3,632/9,498,656 (0.0%)
  3,640/9,498,656 (0.0%)
  3,648/9,498,656 (0.0%)
  3,656/9,498,656 (0.0%)
  3,664/9,498,656 (0.0%)
  3,672/9,498,656 (0.0%)
  3,680/9,498,656 (0.0%)
  3,688/9,498,656 (0.0%)
  3,696/9,498,656 (0.0%)
  3,704/9,498,656 (0.0%)
  3,712/9,498,656 (0.0%)
  3,720/9,498,656 (0.0%)
  3,728/9,498,656 (0.0%)
  3,736/9,498,656 (0.0%)
  3,744/9,498,656 (0.0%)
  3,752/9,498,656 (0.0%)
  3,760/9,498,656 (0.0%)
  3,768/9,498,656 (0.0%)
  3,776/9,498,656 (0.0%)
  3,784/9,498,656 (0.0%)
  3,792/9,498,656 (0.0%)
  3,800/9,498,656 (0.0%)
  3,808/9,498,656 (0.0%)
  3,816/9,498,656 (0.0%)
  3,824/9,498,656 (0.0%)
  3,832/9,498,656 (0.0%)
  3,840/9,498,656 (0.0%)
  3,848/9,498,656 (0.0%)
  3,856/9,498,656 (0.0%)
  3,864/9,498,656 (0.0%)
  3,872/9,498,656 (0.0%)
  3,880/9,498,656 (0.0%)
  3,888/9,498,656 (0.0%)
  3,896/9,498,656 (0.0%)
  3,904/9,498,656 (0.0%)
  3,912/9,498,656 (0.0%)
  3,920/9,498,656 (0.0%)
  3,928/9,498,656 (0.0%)
  3,936/9,498,656 (0.0%)
  3,944/9,498,656 (0.0%)
  3,952/9,498,656 (0.0%)
  3,960/9,498,656 (0.0%)
  3,968/9,498,656 (0.0%)
  3,976/9,498,656 (0.0%)
  3,984/9,498,656 (0.0%)
  3,992/9,498,656 (0.0%)
  4,000/9,498,656 (0.0%)
  4,008/9,498,656 (0.0%)
  4,016/9,498,656 (0.0%)
  4,024/9,498,656 (0.0%)
  4,032/9,498,656 (0.0%)
  [checkpoint saved]
  4,040/9,498,656 (0.0%)
  4,048/9,498,656 (0.0%)
  4,056/9,498,656 (0.0%)
  4,064/9,498,656 (0.0%)
  4,072/9,498,656 (0.0%)
  4,080/9,498,656 (0.0%)
  4,088/9,498,656 (0.0%)
  4,096/9,498,656 (0.0%)
  4,104/9,498,656 (0.0%)
  4,112/9,498,656 (0.0%)
  4,120/9,498,656 (0.0%)
  4,128/9,498,656 (0.0%)
  4,136/9,498,656 (0.0%)
  4,144/9,498,656 (0.0%)
  4,152/9,498,656 (0.0%)
  4,160/9,498,656 (0.0%)
  4,168/9,498,656 (0.0%)
  4,176/9,498,656 (0.0%)
  4,184/9,498,656 (0.0%)
  4,192/9,498,656 (0.0%)
  4,200/9,498,656 (0.0%)
  4,208/9,498,656 (0.0%)
  4,216/9,498,656 (0.0%)
  4,224/9,498,656 (0.0%)
  4,232/9,498,656 (0.0%)
  4,240/9,498,656 (0.0%)
  4,248/9,498,656 (0.0%)
  4,256/9,498,656 (0.0%)
  4,264/9,498,656 (0.0%)
  4,272/9,498,656 (0.0%)
  4,280/9,498,656 (0.0%)
  4,288/9,498,656 (0.0%)
  4,296/9,498,656 (0.0%)
  4,304/9,498,656 (0.0%)
  4,312/9,498,656 (0.0%)
  4,320/9,498,656 (0.0%)
  4,328/9,498,656 (0.0%)
  4,336/9,498,656 (0.0%)
  4,344/9,498,656 (0.0%)
  4,352/9,498,656 (0.0%)
  4,360/9,498,656 (0.0%)
  4,368/9,498,656 (0.0%)
  4,376/9,498,656 (0.0%)
  4,384/9,498,656 (0.0%)
  4,392/9,498,656 (0.0%)
  4,400/9,498,656 (0.0%)
  4,408/9,498,656 (0.0%)
  4,416/9,498,656 (0.0%)
  4,424/9,498,656 (0.0%)
  4,432/9,498,656 (0.0%)
  4,440/9,498,656 (0.0%)
  4,448/9,498,656 (0.0%)
  4,456/9,498,656 (0.0%)
  4,464/9,498,656 (0.0%)
  4,472/9,498,656 (0.0%)
  4,480/9,498,656 (0.0%)
  4,488/9,498,656 (0.0%)
  4,496/9,498,656 (0.0%)
  4,504/9,498,656 (0.0%)
  4,512/9,498,656 (0.0%)
  4,520/9,498,656 (0.0%)
  4,528/9,498,656 (0.0%)
  4,536/9,498,656 (0.0%)
  [checkpoint saved]
  4,544/9,498,656 (0.0%)
  4,552/9,498,656 (0.0%)
  4,560/9,498,656 (0.0%)
  4,568/9,498,656 (0.0%)
  4,576/9,498,656 (0.0%)
  4,584/9,498,656 (0.0%)
  4,592/9,498,656 (0.0%)
  4,600/9,498,656 (0.0%)
  4,608/9,498,656 (0.0%)
  4,616/9,498,656 (0.0%)
  4,624/9,498,656 (0.0%)
  4,632/9,498,656 (0.0%)
  4,640/9,498,656 (0.0%)
  4,648/9,498,656 (0.0%)
  4,656/9,498,656 (0.0%)
  4,664/9,498,656 (0.0%)
  4,672/9,498,656 (0.0%)
  4,680/9,498,656 (0.0%)
  4,688/9,498,656 (0.0%)
  4,696/9,498,656 (0.0%)
  4,704/9,498,656 (0.0%)
  4,712/9,498,656 (0.0%)
  4,720/9,498,656 (0.0%)
  4,728/9,498,656 (0.0%)
  4,736/9,498,656 (0.0%)
  4,744/9,498,656 (0.0%)
  4,752/9,498,656 (0.1%)
  4,760/9,498,656 (0.1%)
  4,768/9,498,656 (0.1%)
  4,776/9,498,656 (0.1%)
  4,784/9,498,656 (0.1%)
  4,792/9,498,656 (0.1%)
  4,800/9,498,656 (0.1%)
  4,808/9,498,656 (0.1%)
  4,816/9,498,656 (0.1%)
  4,824/9,498,656 (0.1%)
  4,832/9,498,656 (0.1%)
  4,840/9,498,656 (0.1%)
  4,848/9,498,656 (0.1%)
  4,856/9,498,656 (0.1%)
  4,864/9,498,656 (0.1%)
  4,872/9,498,656 (0.1%)
  4,880/9,498,656 (0.1%)
  4,888/9,498,656 (0.1%)
  4,896/9,498,656 (0.1%)
  4,904/9,498,656 (0.1%)
  4,912/9,498,656 (0.1%)
  4,920/9,498,656 (0.1%)
  4,928/9,498,656 (0.1%)
  4,936/9,498,656 (0.1%)
  4,944/9,498,656 (0.1%)
  4,952/9,498,656 (0.1%)
  4,960/9,498,656 (0.1%)
  4,968/9,498,656 (0.1%)
  4,976/9,498,656 (0.1%)
  4,984/9,498,656 (0.1%)
  4,992/9,498,656 (0.1%)
  5,000/9,498,656 (0.1%)
  5,008/9,498,656 (0.1%)
  5,016/9,498,656 (0.1%)
  5,024/9,498,656 (0.1%)
  5,032/9,498,656 (0.1%)
  5,040/9,498,656 (0.1%)
  [checkpoint saved]
  5,048/9,498,656 (0.1%)
  5,056/9,498,656 (0.1%)
  5,064/9,498,656 (0.1%)
  5,072/9,498,656 (0.1%)
  5,080/9,498,656 (0.1%)
  5,088/9,498,656 (0.1%)
  5,096/9,498,656 (0.1%)
  5,104/9,498,656 (0.1%)
  5,112/9,498,656 (0.1%)
  5,120/9,498,656 (0.1%)
  5,128/9,498,656 (0.1%)
  5,136/9,498,656 (0.1%)
  5,144/9,498,656 (0.1%)
  5,152/9,498,656 (0.1%)
  5,160/9,498,656 (0.1%)
  5,168/9,498,656 (0.1%)
  5,176/9,498,656 (0.1%)
  5,184/9,498,656 (0.1%)
  5,192/9,498,656 (0.1%)
  5,200/9,498,656 (0.1%)
  5,208/9,498,656 (0.1%)
  5,216/9,498,656 (0.1%)
  5,224/9,498,656 (0.1%)
  5,232/9,498,656 (0.1%)
  5,240/9,498,656 (0.1%)
  5,248/9,498,656 (0.1%)
  5,256/9,498,656 (0.1%)
  5,264/9,498,656 (0.1%)
  5,272/9,498,656 (0.1%)
  5,280/9,498,656 (0.1%)
  5,288/9,498,656 (0.1%)
  5,296/9,498,656 (0.1%)
  5,304/9,498,656 (0.1%)
  5,312/9,498,656 (0.1%)
  5,320/9,498,656 (0.1%)
  5,328/9,498,656 (0.1%)
  5,336/9,498,656 (0.1%)
  5,344/9,498,656 (0.1%)
  5,352/9,498,656 (0.1%)
  5,360/9,498,656 (0.1%)
  5,368/9,498,656 (0.1%)
  5,376/9,498,656 (0.1%)
  5,384/9,498,656 (0.1%)
  5,392/9,498,656 (0.1%)
  5,400/9,498,656 (0.1%)
  5,408/9,498,656 (0.1%)
  5,416/9,498,656 (0.1%)
  5,424/9,498,656 (0.1%)
  5,432/9,498,656 (0.1%)
  5,440/9,498,656 (0.1%)
  5,448/9,498,656 (0.1%)
  5,456/9,498,656 (0.1%)
  5,464/9,498,656 (0.1%)
  5,472/9,498,656 (0.1%)
  5,480/9,498,656 (0.1%)
  5,488/9,498,656 (0.1%)
  5,496/9,498,656 (0.1%)
  5,504/9,498,656 (0.1%)
  5,512/9,498,656 (0.1%)
  5,520/9,498,656 (0.1%)
  5,528/9,498,656 (0.1%)
  5,536/9,498,656 (0.1%)
  5,544/9,498,656 (0.1%)
  [checkpoint saved]
  5,552/9,498,656 (0.1%)
  5,560/9,498,656 (0.1%)
  5,568/9,498,656 (0.1%)
  5,576/9,498,656 (0.1%)
  5,584/9,498,656 (0.1%)
  5,592/9,498,656 (0.1%)
  5,600/9,498,656 (0.1%)
  5,608/9,498,656 (0.1%)
  5,616/9,498,656 (0.1%)
  5,624/9,498,656 (0.1%)
  5,632/9,498,656 (0.1%)
  5,640/9,498,656 (0.1%)
  5,648/9,498,656 (0.1%)
  5,656/9,498,656 (0.1%)
  5,664/9,498,656 (0.1%)
  5,672/9,498,656 (0.1%)
  5,680/9,498,656 (0.1%)
  5,688/9,498,656 (0.1%)
  5,696/9,498,656 (0.1%)
  5,704/9,498,656 (0.1%)
  5,712/9,498,656 (0.1%)
  5,720/9,498,656 (0.1%)
  5,728/9,498,656 (0.1%)
  5,736/9,498,656 (0.1%)
  5,744/9,498,656 (0.1%)
  5,752/9,498,656 (0.1%)
  5,760/9,498,656 (0.1%)
  5,768/9,498,656 (0.1%)
  5,776/9,498,656 (0.1%)
  5,784/9,498,656 (0.1%)
  5,792/9,498,656 (0.1%)
  5,800/9,498,656 (0.1%)
  5,808/9,498,656 (0.1%)
  5,816/9,498,656 (0.1%)
  5,824/9,498,656 (0.1%)
  5,832/9,498,656 (0.1%)
  5,840/9,498,656 (0.1%)
  5,848/9,498,656 (0.1%)
  5,856/9,498,656 (0.1%)
  5,864/9,498,656 (0.1%)
  5,872/9,498,656 (0.1%)
  5,880/9,498,656 (0.1%)
  5,888/9,498,656 (0.1%)
  5,896/9,498,656 (0.1%)
  5,904/9,498,656 (0.1%)
  5,912/9,498,656 (0.1%)
  5,920/9,498,656 (0.1%)
  5,928/9,498,656 (0.1%)
  5,936/9,498,656 (0.1%)
  5,944/9,498,656 (0.1%)
  5,952/9,498,656 (0.1%)
  5,960/9,498,656 (0.1%)
  5,968/9,498,656 (0.1%)
  5,976/9,498,656 (0.1%)
  5,984/9,498,656 (0.1%)
  5,992/9,498,656 (0.1%)
  6,000/9,498,656 (0.1%)
  6,008/9,498,656 (0.1%)
  6,016/9,498,656 (0.1%)
  6,024/9,498,656 (0.1%)
  6,032/9,498,656 (0.1%)
  6,040/9,498,656 (0.1%)
  6,048/9,498,656 (0.1%)
  [checkpoint saved]
  6,056/9,498,656 (0.1%)
  6,064/9,498,656 (0.1%)
  6,072/9,498,656 (0.1%)
  6,080/9,498,656 (0.1%)
  6,088/9,498,656 (0.1%)
  6,096/9,498,656 (0.1%)
  6,104/9,498,656 (0.1%)
  6,112/9,498,656 (0.1%)
  6,120/9,498,656 (0.1%)
  6,128/9,498,656 (0.1%)
  6,136/9,498,656 (0.1%)
  6,144/9,498,656 (0.1%)
  6,152/9,498,656 (0.1%)
  6,160/9,498,656 (0.1%)
  6,168/9,498,656 (0.1%)
  6,176/9,498,656 (0.1%)
  6,184/9,498,656 (0.1%)
  6,192/9,498,656 (0.1%)
  6,200/9,498,656 (0.1%)
  6,208/9,498,656 (0.1%)
  6,216/9,498,656 (0.1%)
  6,224/9,498,656 (0.1%)
  6,232/9,498,656 (0.1%)
  6,240/9,498,656 (0.1%)
  6,248/9,498,656 (0.1%)
  6,256/9,498,656 (0.1%)
  6,264/9,498,656 (0.1%)
  6,272/9,498,656 (0.1%)
  6,280/9,498,656 (0.1%)
  6,288/9,498,656 (0.1%)
  6,296/9,498,656 (0.1%)
  6,304/9,498,656 (0.1%)
  6,312/9,498,656 (0.1%)
  6,320/9,498,656 (0.1%)
  6,328/9,498,656 (0.1%)
  6,336/9,498,656 (0.1%)
  6,344/9,498,656 (0.1%)
  6,352/9,498,656 (0.1%)
  6,360/9,498,656 (0.1%)
  6,368/9,498,656 (0.1%)
  6,376/9,498,656 (0.1%)
  6,384/9,498,656 (0.1%)
  6,392/9,498,656 (0.1%)
  6,400/9,498,656 (0.1%)
  6,408/9,498,656 (0.1%)
  6,416/9,498,656 (0.1%)
  6,424/9,498,656 (0.1%)
  6,432/9,498,656 (0.1%)
  6,440/9,498,656 (0.1%)
  6,448/9,498,656 (0.1%)
  6,456/9,498,656 (0.1%)
  6,464/9,498,656 (0.1%)
  6,472/9,498,656 (0.1%)
  6,480/9,498,656 (0.1%)
  6,488/9,498,656 (0.1%)
  6,496/9,498,656 (0.1%)
  6,504/9,498,656 (0.1%)
  6,512/9,498,656 (0.1%)
  6,520/9,498,656 (0.1%)
  6,528/9,498,656 (0.1%)
  6,536/9,498,656 (0.1%)
  6,544/9,498,656 (0.1%)
  6,552/9,498,656 (0.1%)
  [checkpoint saved]
  6,560/9,498,656 (0.1%)
  6,568/9,498,656 (0.1%)
  6,576/9,498,656 (0.1%)
  6,584/9,498,656 (0.1%)
  6,592/9,498,656 (0.1%)
  6,600/9,498,656 (0.1%)
  6,608/9,498,656 (0.1%)
  6,616/9,498,656 (0.1%)
  6,624/9,498,656 (0.1%)
  6,632/9,498,656 (0.1%)
  6,640/9,498,656 (0.1%)
  6,648/9,498,656 (0.1%)
  6,656/9,498,656 (0.1%)
  6,664/9,498,656 (0.1%)
  6,672/9,498,656 (0.1%)
  6,680/9,498,656 (0.1%)
  6,688/9,498,656 (0.1%)
  6,696/9,498,656 (0.1%)
  6,704/9,498,656 (0.1%)
  6,712/9,498,656 (0.1%)
  6,720/9,498,656 (0.1%)
  6,728/9,498,656 (0.1%)
  6,736/9,498,656 (0.1%)
  6,744/9,498,656 (0.1%)
  6,752/9,498,656 (0.1%)
  6,760/9,498,656 (0.1%)
  6,768/9,498,656 (0.1%)
  6,776/9,498,656 (0.1%)
  6,784/9,498,656 (0.1%)
  6,792/9,498,656 (0.1%)
  6,800/9,498,656 (0.1%)
  6,808/9,498,656 (0.1%)
  6,816/9,498,656 (0.1%)
  6,824/9,498,656 (0.1%)
  6,832/9,498,656 (0.1%)
  6,840/9,498,656 (0.1%)
  6,848/9,498,656 (0.1%)
  6,856/9,498,656 (0.1%)
  6,864/9,498,656 (0.1%)
  6,872/9,498,656 (0.1%)
  6,880/9,498,656 (0.1%)
  6,888/9,498,656 (0.1%)
  6,896/9,498,656 (0.1%)
  6,904/9,498,656 (0.1%)
  6,912/9,498,656 (0.1%)
  6,920/9,498,656 (0.1%)
  6,928/9,498,656 (0.1%)
  6,936/9,498,656 (0.1%)
  6,944/9,498,656 (0.1%)
  6,952/9,498,656 (0.1%)
  6,960/9,498,656 (0.1%)
  6,968/9,498,656 (0.1%)
  6,976/9,498,656 (0.1%)
  6,984/9,498,656 (0.1%)
  6,992/9,498,656 (0.1%)
  7,000/9,498,656 (0.1%)
  7,008/9,498,656 (0.1%)
  7,016/9,498,656 (0.1%)
  7,024/9,498,656 (0.1%)
  7,032/9,498,656 (0.1%)
  7,040/9,498,656 (0.1%)
  7,048/9,498,656 (0.1%)
  7,056/9,498,656 (0.1%)
  [checkpoint saved]
  7,064/9,498,656 (0.1%)
  7,072/9,498,656 (0.1%)
  7,080/9,498,656 (0.1%)
  7,088/9,498,656 (0.1%)
  7,096/9,498,656 (0.1%)
  7,104/9,498,656 (0.1%)
  7,112/9,498,656 (0.1%)
  7,120/9,498,656 (0.1%)
  7,128/9,498,656 (0.1%)
  7,136/9,498,656 (0.1%)
  7,144/9,498,656 (0.1%)
  7,152/9,498,656 (0.1%)
  7,160/9,498,656 (0.1%)
  7,168/9,498,656 (0.1%)
  7,176/9,498,656 (0.1%)
  7,184/9,498,656 (0.1%)
  7,192/9,498,656 (0.1%)
  7,200/9,498,656 (0.1%)
  7,208/9,498,656 (0.1%)
  7,216/9,498,656 (0.1%)
  7,224/9,498,656 (0.1%)
  7,232/9,498,656 (0.1%)
  7,240/9,498,656 (0.1%)
  7,248/9,498,656 (0.1%)
  7,256/9,498,656 (0.1%)
  7,264/9,498,656 (0.1%)
  7,272/9,498,656 (0.1%)
  7,280/9,498,656 (0.1%)
  7,288/9,498,656 (0.1%)
  7,296/9,498,656 (0.1%)
  7,304/9,498,656 (0.1%)
  7,312/9,498,656 (0.1%)
  7,320/9,498,656 (0.1%)
  7,328/9,498,656 (0.1%)
  7,336/9,498,656 (0.1%)
  7,344/9,498,656 (0.1%)
  7,352/9,498,656 (0.1%)
  7,360/9,498,656 (0.1%)
  7,368/9,498,656 (0.1%)
  7,376/9,498,656 (0.1%)
  7,384/9,498,656 (0.1%)
  7,392/9,498,656 (0.1%)
  7,400/9,498,656 (0.1%)
  7,408/9,498,656 (0.1%)
  7,416/9,498,656 (0.1%)
  7,424/9,498,656 (0.1%)
  7,432/9,498,656 (0.1%)
  7,440/9,498,656 (0.1%)
  7,448/9,498,656 (0.1%)
  7,456/9,498,656 (0.1%)
  7,464/9,498,656 (0.1%)
  7,472/9,498,656 (0.1%)
  7,480/9,498,656 (0.1%)
  7,488/9,498,656 (0.1%)
  7,496/9,498,656 (0.1%)
  7,504/9,498,656 (0.1%)
  7,512/9,498,656 (0.1%)
  7,520/9,498,656 (0.1%)
  7,528/9,498,656 (0.1%)
  7,536/9,498,656 (0.1%)
  7,544/9,498,656 (0.1%)
  7,552/9,498,656 (0.1%)
  7,560/9,498,656 (0.1%)
  [checkpoint saved]
  7,568/9,498,656 (0.1%)
  7,576/9,498,656 (0.1%)
  7,584/9,498,656 (0.1%)
  7,592/9,498,656 (0.1%)
  7,600/9,498,656 (0.1%)
  7,608/9,498,656 (0.1%)
  7,616/9,498,656 (0.1%)
  7,624/9,498,656 (0.1%)
  7,632/9,498,656 (0.1%)
  7,640/9,498,656 (0.1%)
  7,648/9,498,656 (0.1%)
  7,656/9,498,656 (0.1%)
  7,664/9,498,656 (0.1%)
  7,672/9,498,656 (0.1%)
  7,680/9,498,656 (0.1%)
  7,688/9,498,656 (0.1%)
  7,696/9,498,656 (0.1%)
  7,704/9,498,656 (0.1%)
  7,712/9,498,656 (0.1%)
  7,720/9,498,656 (0.1%)
  7,728/9,498,656 (0.1%)
  7,736/9,498,656 (0.1%)
  7,744/9,498,656 (0.1%)
  7,752/9,498,656 (0.1%)
  7,760/9,498,656 (0.1%)
  7,768/9,498,656 (0.1%)
  7,776/9,498,656 (0.1%)
  7,784/9,498,656 (0.1%)
  7,792/9,498,656 (0.1%)
  7,800/9,498,656 (0.1%)
  7,808/9,498,656 (0.1%)
  7,816/9,498,656 (0.1%)
  7,824/9,498,656 (0.1%)
  7,832/9,498,656 (0.1%)
  7,840/9,498,656 (0.1%)
  7,848/9,498,656 (0.1%)
  7,856/9,498,656 (0.1%)
  7,864/9,498,656 (0.1%)
  7,872/9,498,656 (0.1%)
  7,880/9,498,656 (0.1%)
  7,888/9,498,656 (0.1%)
  7,896/9,498,656 (0.1%)
  7,904/9,498,656 (0.1%)
  7,912/9,498,656 (0.1%)
  7,920/9,498,656 (0.1%)
  7,928/9,498,656 (0.1%)
  7,936/9,498,656 (0.1%)
  7,944/9,498,656 (0.1%)
  7,952/9,498,656 (0.1%)
  7,960/9,498,656 (0.1%)
  7,968/9,498,656 (0.1%)
  7,976/9,498,656 (0.1%)
  7,984/9,498,656 (0.1%)
  7,992/9,498,656 (0.1%)
  8,000/9,498,656 (0.1%)
  8,008/9,498,656 (0.1%)
  8,016/9,498,656 (0.1%)
  8,024/9,498,656 (0.1%)
  8,032/9,498,656 (0.1%)
  8,040/9,498,656 (0.1%)
  8,048/9,498,656 (0.1%)
  8,056/9,498,656 (0.1%)
  8,064/9,498,656 (0.1%)
  [checkpoint saved]
  8,072/9,498,656 (0.1%)
  8,080/9,498,656 (0.1%)
  8,088/9,498,656 (0.1%)
  8,096/9,498,656 (0.1%)
  8,104/9,498,656 (0.1%)
  8,112/9,498,656 (0.1%)
  8,120/9,498,656 (0.1%)
  8,128/9,498,656 (0.1%)
  8,136/9,498,656 (0.1%)
  8,144/9,498,656 (0.1%)
  8,152/9,498,656 (0.1%)
  8,160/9,498,656 (0.1%)
  8,168/9,498,656 (0.1%)
  8,176/9,498,656 (0.1%)
  8,184/9,498,656 (0.1%)
  8,192/9,498,656 (0.1%)
  8,200/9,498,656 (0.1%)
  8,208/9,498,656 (0.1%)
  8,216/9,498,656 (0.1%)
  8,224/9,498,656 (0.1%)
  8,232/9,498,656 (0.1%)
  8,240/9,498,656 (0.1%)
  8,248/9,498,656 (0.1%)
  8,256/9,498,656 (0.1%)
  8,264/9,498,656 (0.1%)
  8,272/9,498,656 (0.1%)
  8,280/9,498,656 (0.1%)
  8,288/9,498,656 (0.1%)
  8,296/9,498,656 (0.1%)
  8,304/9,498,656 (0.1%)
  8,312/9,498,656 (0.1%)
  8,320/9,498,656 (0.1%)
  8,328/9,498,656 (0.1%)
  8,336/9,498,656 (0.1%)
  8,344/9,498,656 (0.1%)
  8,352/9,498,656 (0.1%)
  8,360/9,498,656 (0.1%)
  8,368/9,498,656 (0.1%)
  8,376/9,498,656 (0.1%)
  8,384/9,498,656 (0.1%)
  8,392/9,498,656 (0.1%)
  8,400/9,498,656 (0.1%)
  8,408/9,498,656 (0.1%)
  8,416/9,498,656 (0.1%)
  8,424/9,498,656 (0.1%)
  8,432/9,498,656 (0.1%)
  8,440/9,498,656 (0.1%)
  8,448/9,498,656 (0.1%)
  8,456/9,498,656 (0.1%)
  8,464/9,498,656 (0.1%)
  8,472/9,498,656 (0.1%)
  8,480/9,498,656 (0.1%)
  8,488/9,498,656 (0.1%)
  8,496/9,498,656 (0.1%)
  8,504/9,498,656 (0.1%)
  8,512/9,498,656 (0.1%)
  8,520/9,498,656 (0.1%)
  8,528/9,498,656 (0.1%)
  8,536/9,498,656 (0.1%)
  8,544/9,498,656 (0.1%)
  8,552/9,498,656 (0.1%)
  8,560/9,498,656 (0.1%)
  8,568/9,498,656 (0.1%)
  [checkpoint saved]
  8,576/9,498,656 (0.1%)
  8,584/9,498,656 (0.1%)
  8,592/9,498,656 (0.1%)
  8,600/9,498,656 (0.1%)
  8,608/9,498,656 (0.1%)
  8,616/9,498,656 (0.1%)
  8,624/9,498,656 (0.1%)
  8,632/9,498,656 (0.1%)
  8,640/9,498,656 (0.1%)
  8,648/9,498,656 (0.1%)
  8,656/9,498,656 (0.1%)
  8,664/9,498,656 (0.1%)
  8,672/9,498,656 (0.1%)
  8,680/9,498,656 (0.1%)
  8,688/9,498,656 (0.1%)
  8,696/9,498,656 (0.1%)
  8,704/9,498,656 (0.1%)
  8,712/9,498,656 (0.1%)
  8,720/9,498,656 (0.1%)
  8,728/9,498,656 (0.1%)
  8,736/9,498,656 (0.1%)
  8,744/9,498,656 (0.1%)
  8,752/9,498,656 (0.1%)
  8,760/9,498,656 (0.1%)
  8,768/9,498,656 (0.1%)
  8,776/9,498,656 (0.1%)
  8,784/9,498,656 (0.1%)
  8,792/9,498,656 (0.1%)
  8,800/9,498,656 (0.1%)
  8,808/9,498,656 (0.1%)
  8,816/9,498,656 (0.1%)
  8,824/9,498,656 (0.1%)
  8,832/9,498,656 (0.1%)
  8,840/9,498,656 (0.1%)
  8,848/9,498,656 (0.1%)
  8,856/9,498,656 (0.1%)
  8,864/9,498,656 (0.1%)
  8,872/9,498,656 (0.1%)
  8,880/9,498,656 (0.1%)
  8,888/9,498,656 (0.1%)
  8,896/9,498,656 (0.1%)
  8,904/9,498,656 (0.1%)
  8,912/9,498,656 (0.1%)
  8,920/9,498,656 (0.1%)
  8,928/9,498,656 (0.1%)
  8,936/9,498,656 (0.1%)
  8,944/9,498,656 (0.1%)
  8,952/9,498,656 (0.1%)
  8,960/9,498,656 (0.1%)
  8,968/9,498,656 (0.1%)
  8,976/9,498,656 (0.1%)
  8,984/9,498,656 (0.1%)
  8,992/9,498,656 (0.1%)
  9,000/9,498,656 (0.1%)
  9,008/9,498,656 (0.1%)
  9,016/9,498,656 (0.1%)
  9,024/9,498,656 (0.1%)
  9,032/9,498,656 (0.1%)
  9,040/9,498,656 (0.1%)
  9,048/9,498,656 (0.1%)
  9,056/9,498,656 (0.1%)
  9,064/9,498,656 (0.1%)
  9,072/9,498,656 (0.1%)
  [checkpoint saved]
  9,080/9,498,656 (0.1%)
  9,088/9,498,656 (0.1%)
  9,096/9,498,656 (0.1%)
  9,104/9,498,656 (0.1%)
  9,112/9,498,656 (0.1%)
  9,120/9,498,656 (0.1%)
  9,128/9,498,656 (0.1%)
  9,136/9,498,656 (0.1%)
  9,144/9,498,656 (0.1%)
  9,152/9,498,656 (0.1%)
  9,160/9,498,656 (0.1%)
  9,168/9,498,656 (0.1%)
  9,176/9,498,656 (0.1%)
  9,184/9,498,656 (0.1%)
  9,192/9,498,656 (0.1%)
  9,200/9,498,656 (0.1%)
  9,208/9,498,656 (0.1%)
  9,216/9,498,656 (0.1%)
  9,224/9,498,656 (0.1%)
  9,232/9,498,656 (0.1%)
  9,240/9,498,656 (0.1%)
  9,248/9,498,656 (0.1%)
  9,256/9,498,656 (0.1%)
  9,264/9,498,656 (0.1%)
  9,272/9,498,656 (0.1%)
  9,280/9,498,656 (0.1%)
  9,288/9,498,656 (0.1%)
  9,296/9,498,656 (0.1%)
  9,304/9,498,656 (0.1%)
  9,312/9,498,656 (0.1%)
  9,320/9,498,656 (0.1%)
  9,328/9,498,656 (0.1%)
  9,336/9,498,656 (0.1%)
  9,344/9,498,656 (0.1%)
  9,352/9,498,656 (0.1%)
  9,360/9,498,656 (0.1%)
  9,368/9,498,656 (0.1%)
  9,376/9,498,656 (0.1%)
  9,384/9,498,656 (0.1%)
  9,392/9,498,656 (0.1%)
  9,400/9,498,656 (0.1%)
  9,408/9,498,656 (0.1%)
  9,416/9,498,656 (0.1%)
  9,424/9,498,656 (0.1%)
  9,432/9,498,656 (0.1%)
  9,440/9,498,656 (0.1%)
  9,448/9,498,656 (0.1%)
  9,456/9,498,656 (0.1%)
  9,464/9,498,656 (0.1%)
  9,472/9,498,656 (0.1%)
  9,480/9,498,656 (0.1%)
  9,488/9,498,656 (0.1%)
  9,496/9,498,656 (0.1%)
  9,504/9,498,656 (0.1%)
  9,512/9,498,656 (0.1%)
  9,520/9,498,656 (0.1%)
  9,528/9,498,656 (0.1%)
  9,536/9,498,656 (0.1%)
  9,544/9,498,656 (0.1%)
  9,552/9,498,656 (0.1%)
  9,560/9,498,656 (0.1%)
  9,568/9,498,656 (0.1%)
  9,576/9,498,656 (0.1%)
  [checkpoint saved]
  9,584/9,498,656 (0.1%)
  9,592/9,498,656 (0.1%)
  9,600/9,498,656 (0.1%)
  9,608/9,498,656 (0.1%)
  9,616/9,498,656 (0.1%)
  9,624/9,498,656 (0.1%)
  9,632/9,498,656 (0.1%)
  9,640/9,498,656 (0.1%)
  9,648/9,498,656 (0.1%)
  9,656/9,498,656 (0.1%)
  9,664/9,498,656 (0.1%)
  9,672/9,498,656 (0.1%)
  9,680/9,498,656 (0.1%)
  9,688/9,498,656 (0.1%)
  9,696/9,498,656 (0.1%)
  9,704/9,498,656 (0.1%)
  9,712/9,498,656 (0.1%)
  9,720/9,498,656 (0.1%)
  9,728/9,498,656 (0.1%)
  9,736/9,498,656 (0.1%)
  9,744/9,498,656 (0.1%)
  9,752/9,498,656 (0.1%)
  9,760/9,498,656 (0.1%)
  9,768/9,498,656 (0.1%)
  9,776/9,498,656 (0.1%)
  9,784/9,498,656 (0.1%)
  9,792/9,498,656 (0.1%)
  9,800/9,498,656 (0.1%)
  9,808/9,498,656 (0.1%)
  9,816/9,498,656 (0.1%)
  9,824/9,498,656 (0.1%)
  9,832/9,498,656 (0.1%)
  9,840/9,498,656 (0.1%)
  9,848/9,498,656 (0.1%)
  9,856/9,498,656 (0.1%)
  9,864/9,498,656 (0.1%)
  9,872/9,498,656 (0.1%)
  9,880/9,498,656 (0.1%)
  9,888/9,498,656 (0.1%)
  9,896/9,498,656 (0.1%)
  9,904/9,498,656 (0.1%)
  9,912/9,498,656 (0.1%)
  9,920/9,498,656 (0.1%)
  9,928/9,498,656 (0.1%)
  9,936/9,498,656 (0.1%)
  9,944/9,498,656 (0.1%)
  9,952/9,498,656 (0.1%)
  9,960/9,498,656 (0.1%)
  9,968/9,498,656 (0.1%)
  9,976/9,498,656 (0.1%)
  9,984/9,498,656 (0.1%)
  9,992/9,498,656 (0.1%)
  10,000/9,498,656 (0.1%)
  10,008/9,498,656 (0.1%)
  10,016/9,498,656 (0.1%)
  10,024/9,498,656 (0.1%)
  10,032/9,498,656 (0.1%)
  10,040/9,498,656 (0.1%)
  10,048/9,498,656 (0.1%)
  10,056/9,498,656 (0.1%)
  10,064/9,498,656 (0.1%)
  10,072/9,498,656 (0.1%)
  10,080/9,498,656 (0.1%)
  [checkpoint saved]
  10,088/9,498,656 (0.1%)
  10,096/9,498,656 (0.1%)
  10,104/9,498,656 (0.1%)
  10,112/9,498,656 (0.1%)
  10,120/9,498,656 (0.1%)
  10,128/9,498,656 (0.1%)
  10,136/9,498,656 (0.1%)
  10,144/9,498,656 (0.1%)
  10,152/9,498,656 (0.1%)
  10,160/9,498,656 (0.1%)
  10,168/9,498,656 (0.1%)
  10,176/9,498,656 (0.1%)
  10,184/9,498,656 (0.1%)
  10,192/9,498,656 (0.1%)
  10,200/9,498,656 (0.1%)
  10,208/9,498,656 (0.1%)
  10,216/9,498,656 (0.1%)
  10,224/9,498,656 (0.1%)
  10,232/9,498,656 (0.1%)
  10,240/9,498,656 (0.1%)
  10,248/9,498,656 (0.1%)
  10,256/9,498,656 (0.1%)
  10,264/9,498,656 (0.1%)
  10,272/9,498,656 (0.1%)
  10,280/9,498,656 (0.1%)
  10,288/9,498,656 (0.1%)
  10,296/9,498,656 (0.1%)
  10,304/9,498,656 (0.1%)
  10,312/9,498,656 (0.1%)
  10,320/9,498,656 (0.1%)
  10,328/9,498,656 (0.1%)
  10,336/9,498,656 (0.1%)
  10,344/9,498,656 (0.1%)
  10,352/9,498,656 (0.1%)
  10,360/9,498,656 (0.1%)
  10,368/9,498,656 (0.1%)
  10,376/9,498,656 (0.1%)
  10,384/9,498,656 (0.1%)
  10,392/9,498,656 (0.1%)
  10,400/9,498,656 (0.1%)
  10,408/9,498,656 (0.1%)
  10,416/9,498,656 (0.1%)
  10,424/9,498,656 (0.1%)
  10,432/9,498,656 (0.1%)
  10,440/9,498,656 (0.1%)
  10,448/9,498,656 (0.1%)
  10,456/9,498,656 (0.1%)
  10,464/9,498,656 (0.1%)
  10,472/9,498,656 (0.1%)
  10,480/9,498,656 (0.1%)
  10,488/9,498,656 (0.1%)
  10,496/9,498,656 (0.1%)
  10,504/9,498,656 (0.1%)
  10,512/9,498,656 (0.1%)
  10,520/9,498,656 (0.1%)
  10,528/9,498,656 (0.1%)
  10,536/9,498,656 (0.1%)
  10,544/9,498,656 (0.1%)
  10,552/9,498,656 (0.1%)
  10,560/9,498,656 (0.1%)
  10,568/9,498,656 (0.1%)
  10,576/9,498,656 (0.1%)
  10,584/9,498,656 (0.1%)
  [checkpoint saved]
  10,592/9,498,656 (0.1%)
  10,600/9,498,656 (0.1%)
  10,608/9,498,656 (0.1%)
  10,616/9,498,656 (0.1%)
  10,624/9,498,656 (0.1%)
  10,632/9,498,656 (0.1%)
  10,640/9,498,656 (0.1%)
  10,648/9,498,656 (0.1%)
  10,656/9,498,656 (0.1%)
  10,664/9,498,656 (0.1%)
  10,672/9,498,656 (0.1%)
  10,680/9,498,656 (0.1%)
  10,688/9,498,656 (0.1%)
  10,696/9,498,656 (0.1%)
  10,704/9,498,656 (0.1%)
  10,712/9,498,656 (0.1%)
  10,720/9,498,656 (0.1%)
  10,728/9,498,656 (0.1%)
  10,736/9,498,656 (0.1%)
  10,744/9,498,656 (0.1%)
  10,752/9,498,656 (0.1%)
  10,760/9,498,656 (0.1%)
  10,768/9,498,656 (0.1%)
  10,776/9,498,656 (0.1%)
  10,784/9,498,656 (0.1%)
  10,792/9,498,656 (0.1%)
  10,800/9,498,656 (0.1%)
  10,808/9,498,656 (0.1%)
  10,816/9,498,656 (0.1%)
  10,824/9,498,656 (0.1%)
  10,832/9,498,656 (0.1%)
  10,840/9,498,656 (0.1%)
  10,848/9,498,656 (0.1%)
  10,856/9,498,656 (0.1%)
  10,864/9,498,656 (0.1%)
  10,872/9,498,656 (0.1%)
  10,880/9,498,656 (0.1%)
  10,888/9,498,656 (0.1%)
  10,896/9,498,656 (0.1%)
  10,904/9,498,656 (0.1%)
  10,912/9,498,656 (0.1%)
  10,920/9,498,656 (0.1%)
  10,928/9,498,656 (0.1%)
  10,936/9,498,656 (0.1%)
  10,944/9,498,656 (0.1%)
  10,952/9,498,656 (0.1%)
  10,960/9,498,656 (0.1%)
  10,968/9,498,656 (0.1%)
  10,976/9,498,656 (0.1%)
  10,984/9,498,656 (0.1%)
  10,992/9,498,656 (0.1%)
  11,000/9,498,656 (0.1%)
  11,008/9,498,656 (0.1%)
  11,016/9,498,656 (0.1%)
  11,024/9,498,656 (0.1%)
  11,032/9,498,656 (0.1%)
  11,040/9,498,656 (0.1%)
  11,048/9,498,656 (0.1%)
  11,056/9,498,656 (0.1%)
  11,064/9,498,656 (0.1%)
  11,072/9,498,656 (0.1%)
  11,080/9,498,656 (0.1%)
  11,088/9,498,656 (0.1%)
  [checkpoint saved]
  11,096/9,498,656 (0.1%)
  11,104/9,498,656 (0.1%)
  11,112/9,498,656 (0.1%)
  11,120/9,498,656 (0.1%)
  11,128/9,498,656 (0.1%)
  11,136/9,498,656 (0.1%)
  11,144/9,498,656 (0.1%)
  11,152/9,498,656 (0.1%)
  11,160/9,498,656 (0.1%)
  11,168/9,498,656 (0.1%)
  11,176/9,498,656 (0.1%)
  11,184/9,498,656 (0.1%)
  11,192/9,498,656 (0.1%)
  11,200/9,498,656 (0.1%)
  11,208/9,498,656 (0.1%)
  11,216/9,498,656 (0.1%)
  11,224/9,498,656 (0.1%)
  11,232/9,498,656 (0.1%)
  11,240/9,498,656 (0.1%)
  11,248/9,498,656 (0.1%)
  11,256/9,498,656 (0.1%)
  11,264/9,498,656 (0.1%)
  11,272/9,498,656 (0.1%)
  11,280/9,498,656 (0.1%)
  11,288/9,498,656 (0.1%)
  11,296/9,498,656 (0.1%)
  11,304/9,498,656 (0.1%)
  11,312/9,498,656 (0.1%)
  11,320/9,498,656 (0.1%)
  11,328/9,498,656 (0.1%)
  11,336/9,498,656 (0.1%)
  11,344/9,498,656 (0.1%)
  11,352/9,498,656 (0.1%)
  11,360/9,498,656 (0.1%)
  11,368/9,498,656 (0.1%)
  11,376/9,498,656 (0.1%)
  11,384/9,498,656 (0.1%)
  11,392/9,498,656 (0.1%)
  11,400/9,498,656 (0.1%)
  11,408/9,498,656 (0.1%)
  11,416/9,498,656 (0.1%)
  11,424/9,498,656 (0.1%)
  11,432/9,498,656 (0.1%)
  11,440/9,498,656 (0.1%)
  11,448/9,498,656 (0.1%)
  11,456/9,498,656 (0.1%)
  11,464/9,498,656 (0.1%)
  11,472/9,498,656 (0.1%)
  11,480/9,498,656 (0.1%)
  11,488/9,498,656 (0.1%)
  11,496/9,498,656 (0.1%)
  11,504/9,498,656 (0.1%)
  11,512/9,498,656 (0.1%)
  11,520/9,498,656 (0.1%)
  11,528/9,498,656 (0.1%)
  11,536/9,498,656 (0.1%)
  11,544/9,498,656 (0.1%)
  11,552/9,498,656 (0.1%)
  11,560/9,498,656 (0.1%)
  11,568/9,498,656 (0.1%)
  11,576/9,498,656 (0.1%)
  11,584/9,498,656 (0.1%)
  11,592/9,498,656 (0.1%)
  [checkpoint saved]
  11,600/9,498,656 (0.1%)
  11,608/9,498,656 (0.1%)
  11,616/9,498,656 (0.1%)
  11,624/9,498,656 (0.1%)
  11,632/9,498,656 (0.1%)
  11,640/9,498,656 (0.1%)
  11,648/9,498,656 (0.1%)
  11,656/9,498,656 (0.1%)
  11,664/9,498,656 (0.1%)
  11,672/9,498,656 (0.1%)
  11,680/9,498,656 (0.1%)
  11,688/9,498,656 (0.1%)
  11,696/9,498,656 (0.1%)
  11,704/9,498,656 (0.1%)
  11,712/9,498,656 (0.1%)
  11,720/9,498,656 (0.1%)
  11,728/9,498,656 (0.1%)
  11,736/9,498,656 (0.1%)
  11,744/9,498,656 (0.1%)
  11,752/9,498,656 (0.1%)
  11,760/9,498,656 (0.1%)
  11,768/9,498,656 (0.1%)
  11,776/9,498,656 (0.1%)
  11,784/9,498,656 (0.1%)
  11,792/9,498,656 (0.1%)
  11,800/9,498,656 (0.1%)
  11,808/9,498,656 (0.1%)
  11,816/9,498,656 (0.1%)
  11,824/9,498,656 (0.1%)
  11,832/9,498,656 (0.1%)
  11,840/9,498,656 (0.1%)
  11,848/9,498,656 (0.1%)
  11,856/9,498,656 (0.1%)
  11,864/9,498,656 (0.1%)
  11,872/9,498,656 (0.1%)
  11,880/9,498,656 (0.1%)
  11,888/9,498,656 (0.1%)
  11,896/9,498,656 (0.1%)
  11,904/9,498,656 (0.1%)
  11,912/9,498,656 (0.1%)
  11,920/9,498,656 (0.1%)
  11,928/9,498,656 (0.1%)
  11,936/9,498,656 (0.1%)
  11,944/9,498,656 (0.1%)
  11,952/9,498,656 (0.1%)
  11,960/9,498,656 (0.1%)
  11,968/9,498,656 (0.1%)
  11,976/9,498,656 (0.1%)
  11,984/9,498,656 (0.1%)
  11,992/9,498,656 (0.1%)
  12,000/9,498,656 (0.1%)
  12,008/9,498,656 (0.1%)
  12,016/9,498,656 (0.1%)
  12,024/9,498,656 (0.1%)
  12,032/9,498,656 (0.1%)
  12,040/9,498,656 (0.1%)
  12,048/9,498,656 (0.1%)
  12,056/9,498,656 (0.1%)
  12,064/9,498,656 (0.1%)
  12,072/9,498,656 (0.1%)
  12,080/9,498,656 (0.1%)
  12,088/9,498,656 (0.1%)
  12,096/9,498,656 (0.1%)
  [checkpoint saved]
  12,104/9,498,656 (0.1%)
  12,112/9,498,656 (0.1%)
  12,120/9,498,656 (0.1%)
  12,128/9,498,656 (0.1%)
  12,136/9,498,656 (0.1%)
  12,144/9,498,656 (0.1%)
  12,152/9,498,656 (0.1%)
  12,160/9,498,656 (0.1%)
  12,168/9,498,656 (0.1%)
  12,176/9,498,656 (0.1%)
  12,184/9,498,656 (0.1%)
  12,192/9,498,656 (0.1%)
  12,200/9,498,656 (0.1%)
  12,208/9,498,656 (0.1%)
  12,216/9,498,656 (0.1%)
  12,224/9,498,656 (0.1%)
  12,232/9,498,656 (0.1%)
  12,240/9,498,656 (0.1%)
  12,248/9,498,656 (0.1%)
  12,256/9,498,656 (0.1%)
  12,264/9,498,656 (0.1%)
  12,272/9,498,656 (0.1%)
  12,280/9,498,656 (0.1%)
  12,288/9,498,656 (0.1%)
  12,296/9,498,656 (0.1%)
  12,304/9,498,656 (0.1%)
  12,312/9,498,656 (0.1%)
  12,320/9,498,656 (0.1%)
  12,328/9,498,656 (0.1%)
  12,336/9,498,656 (0.1%)
  12,344/9,498,656 (0.1%)
  12,352/9,498,656 (0.1%)
  12,360/9,498,656 (0.1%)
  12,368/9,498,656 (0.1%)
  12,376/9,498,656 (0.1%)
  12,384/9,498,656 (0.1%)
  12,392/9,498,656 (0.1%)
  12,400/9,498,656 (0.1%)
  12,408/9,498,656 (0.1%)
  12,416/9,498,656 (0.1%)
  12,424/9,498,656 (0.1%)
  12,432/9,498,656 (0.1%)
  12,440/9,498,656 (0.1%)
  12,448/9,498,656 (0.1%)
  12,456/9,498,656 (0.1%)
  12,464/9,498,656 (0.1%)
  12,472/9,498,656 (0.1%)
  12,480/9,498,656 (0.1%)
  12,488/9,498,656 (0.1%)
  12,496/9,498,656 (0.1%)
  12,504/9,498,656 (0.1%)
  12,512/9,498,656 (0.1%)
  12,520/9,498,656 (0.1%)
  12,528/9,498,656 (0.1%)
  12,536/9,498,656 (0.1%)
  12,544/9,498,656 (0.1%)
  12,552/9,498,656 (0.1%)
  12,560/9,498,656 (0.1%)
  12,568/9,498,656 (0.1%)
  12,576/9,498,656 (0.1%)
  12,584/9,498,656 (0.1%)
  12,592/9,498,656 (0.1%)
  12,600/9,498,656 (0.1%)
  [checkpoint saved]
  12,608/9,498,656 (0.1%)
  12,616/9,498,656 (0.1%)
  12,624/9,498,656 (0.1%)
  12,632/9,498,656 (0.1%)
  12,640/9,498,656 (0.1%)
  12,648/9,498,656 (0.1%)
  12,656/9,498,656 (0.1%)
  12,664/9,498,656 (0.1%)
  12,672/9,498,656 (0.1%)
  12,680/9,498,656 (0.1%)
  12,688/9,498,656 (0.1%)
  12,696/9,498,656 (0.1%)
  12,704/9,498,656 (0.1%)
  12,712/9,498,656 (0.1%)
  12,720/9,498,656 (0.1%)
  12,728/9,498,656 (0.1%)
  12,736/9,498,656 (0.1%)
  12,744/9,498,656 (0.1%)
  12,752/9,498,656 (0.1%)
  12,760/9,498,656 (0.1%)
  12,768/9,498,656 (0.1%)
  12,776/9,498,656 (0.1%)
  12,784/9,498,656 (0.1%)
  12,792/9,498,656 (0.1%)
  12,800/9,498,656 (0.1%)
  12,808/9,498,656 (0.1%)
  12,816/9,498,656 (0.1%)
  12,824/9,498,656 (0.1%)
  12,832/9,498,656 (0.1%)
  12,840/9,498,656 (0.1%)
  12,848/9,498,656 (0.1%)
  12,856/9,498,656 (0.1%)
  12,864/9,498,656 (0.1%)
  12,872/9,498,656 (0.1%)
  12,880/9,498,656 (0.1%)
  12,888/9,498,656 (0.1%)
  12,896/9,498,656 (0.1%)
  12,904/9,498,656 (0.1%)
  12,912/9,498,656 (0.1%)
  12,920/9,498,656 (0.1%)
  12,928/9,498,656 (0.1%)
  12,936/9,498,656 (0.1%)
  12,944/9,498,656 (0.1%)
  12,952/9,498,656 (0.1%)
  12,960/9,498,656 (0.1%)
  12,968/9,498,656 (0.1%)
  12,976/9,498,656 (0.1%)
  12,984/9,498,656 (0.1%)
  12,992/9,498,656 (0.1%)
  13,000/9,498,656 (0.1%)
  13,008/9,498,656 (0.1%)
  13,016/9,498,656 (0.1%)
  13,024/9,498,656 (0.1%)
  13,032/9,498,656 (0.1%)
  13,040/9,498,656 (0.1%)
  13,048/9,498,656 (0.1%)
  13,056/9,498,656 (0.1%)
  13,064/9,498,656 (0.1%)
  13,072/9,498,656 (0.1%)
  13,080/9,498,656 (0.1%)
  13,088/9,498,656 (0.1%)
  13,096/9,498,656 (0.1%)
  13,104/9,498,656 (0.1%)
  [checkpoint saved]
  13,112/9,498,656 (0.1%)
  13,120/9,498,656 (0.1%)
  13,128/9,498,656 (0.1%)
  13,136/9,498,656 (0.1%)
  13,144/9,498,656 (0.1%)
  13,152/9,498,656 (0.1%)
  13,160/9,498,656 (0.1%)
  13,168/9,498,656 (0.1%)
  13,176/9,498,656 (0.1%)
  13,184/9,498,656 (0.1%)
  13,192/9,498,656 (0.1%)
  13,200/9,498,656 (0.1%)
  13,208/9,498,656 (0.1%)
  13,216/9,498,656 (0.1%)
  13,224/9,498,656 (0.1%)
  13,232/9,498,656 (0.1%)
  13,240/9,498,656 (0.1%)
  13,248/9,498,656 (0.1%)
  13,256/9,498,656 (0.1%)
  13,264/9,498,656 (0.1%)
  13,272/9,498,656 (0.1%)
  13,280/9,498,656 (0.1%)
  13,288/9,498,656 (0.1%)
  13,296/9,498,656 (0.1%)
  13,304/9,498,656 (0.1%)
  13,312/9,498,656 (0.1%)
  13,320/9,498,656 (0.1%)
  13,328/9,498,656 (0.1%)
  13,336/9,498,656 (0.1%)
  13,344/9,498,656 (0.1%)
  13,352/9,498,656 (0.1%)
  13,360/9,498,656 (0.1%)
  13,368/9,498,656 (0.1%)
  13,376/9,498,656 (0.1%)
  13,384/9,498,656 (0.1%)
  13,392/9,498,656 (0.1%)
  13,400/9,498,656 (0.1%)
  13,408/9,498,656 (0.1%)
  13,416/9,498,656 (0.1%)
  13,424/9,498,656 (0.1%)
  13,432/9,498,656 (0.1%)
  13,440/9,498,656 (0.1%)
  13,448/9,498,656 (0.1%)
  13,456/9,498,656 (0.1%)
  13,464/9,498,656 (0.1%)
  13,472/9,498,656 (0.1%)
  13,480/9,498,656 (0.1%)
  13,488/9,498,656 (0.1%)
  13,496/9,498,656 (0.1%)
  13,504/9,498,656 (0.1%)
  13,512/9,498,656 (0.1%)
  13,520/9,498,656 (0.1%)
  13,528/9,498,656 (0.1%)
  13,536/9,498,656 (0.1%)
  13,544/9,498,656 (0.1%)
  13,552/9,498,656 (0.1%)
  13,560/9,498,656 (0.1%)
  13,568/9,498,656 (0.1%)
  13,576/9,498,656 (0.1%)
  13,584/9,498,656 (0.1%)
  13,592/9,498,656 (0.1%)
  13,600/9,498,656 (0.1%)
  13,608/9,498,656 (0.1%)
  [checkpoint saved]
  13,616/9,498,656 (0.1%)
  13,624/9,498,656 (0.1%)
  13,632/9,498,656 (0.1%)
  13,640/9,498,656 (0.1%)
  13,648/9,498,656 (0.1%)
  13,656/9,498,656 (0.1%)
  13,664/9,498,656 (0.1%)
  13,672/9,498,656 (0.1%)
  13,680/9,498,656 (0.1%)
  13,688/9,498,656 (0.1%)
  13,696/9,498,656 (0.1%)
  13,704/9,498,656 (0.1%)
  13,712/9,498,656 (0.1%)
  13,720/9,498,656 (0.1%)
  13,728/9,498,656 (0.1%)
  13,736/9,498,656 (0.1%)
  13,744/9,498,656 (0.1%)
  13,752/9,498,656 (0.1%)
  13,760/9,498,656 (0.1%)
  13,768/9,498,656 (0.1%)
  13,776/9,498,656 (0.1%)
  13,784/9,498,656 (0.1%)
  13,792/9,498,656 (0.1%)
  13,800/9,498,656 (0.1%)
  13,808/9,498,656 (0.1%)
  13,816/9,498,656 (0.1%)
  13,824/9,498,656 (0.1%)
  13,832/9,498,656 (0.1%)
  13,840/9,498,656 (0.1%)
  13,848/9,498,656 (0.1%)
  13,856/9,498,656 (0.1%)
  13,864/9,498,656 (0.1%)
  13,872/9,498,656 (0.1%)
  13,880/9,498,656 (0.1%)
  13,888/9,498,656 (0.1%)
  13,896/9,498,656 (0.1%)
  13,904/9,498,656 (0.1%)
  13,912/9,498,656 (0.1%)
  13,920/9,498,656 (0.1%)
  13,928/9,498,656 (0.1%)
  13,936/9,498,656 (0.1%)
  13,944/9,498,656 (0.1%)
  13,952/9,498,656 (0.1%)
  13,960/9,498,656 (0.1%)
  13,968/9,498,656 (0.1%)
  13,976/9,498,656 (0.1%)
  13,984/9,498,656 (0.1%)
  13,992/9,498,656 (0.1%)
  14,000/9,498,656 (0.1%)
  14,008/9,498,656 (0.1%)
  14,016/9,498,656 (0.1%)
  14,024/9,498,656 (0.1%)
  14,032/9,498,656 (0.1%)
  14,040/9,498,656 (0.1%)
  14,048/9,498,656 (0.1%)
  14,056/9,498,656 (0.1%)
  14,064/9,498,656 (0.1%)
  14,072/9,498,656 (0.1%)
  14,080/9,498,656 (0.1%)
  14,088/9,498,656 (0.1%)
  14,096/9,498,656 (0.1%)
  14,104/9,498,656 (0.1%)
  14,112/9,498,656 (0.1%)
  [checkpoint saved]
  14,120/9,498,656 (0.1%)
  14,128/9,498,656 (0.1%)
  14,136/9,498,656 (0.1%)
  14,144/9,498,656 (0.1%)
  14,152/9,498,656 (0.1%)
  14,160/9,498,656 (0.1%)
  14,168/9,498,656 (0.1%)
  14,176/9,498,656 (0.1%)
  14,184/9,498,656 (0.1%)
  14,192/9,498,656 (0.1%)
  14,200/9,498,656 (0.1%)
  14,208/9,498,656 (0.1%)
  14,216/9,498,656 (0.1%)
  14,224/9,498,656 (0.1%)
  14,232/9,498,656 (0.1%)
  14,240/9,498,656 (0.1%)
  14,248/9,498,656 (0.2%)
  14,256/9,498,656 (0.2%)
  14,264/9,498,656 (0.2%)
  14,272/9,498,656 (0.2%)
  14,280/9,498,656 (0.2%)
  14,288/9,498,656 (0.2%)
  14,296/9,498,656 (0.2%)
  14,304/9,498,656 (0.2%)
  14,312/9,498,656 (0.2%)
  14,320/9,498,656 (0.2%)
  14,328/9,498,656 (0.2%)
  14,336/9,498,656 (0.2%)
  14,344/9,498,656 (0.2%)
  14,352/9,498,656 (0.2%)
  14,360/9,498,656 (0.2%)
  14,368/9,498,656 (0.2%)
  14,376/9,498,656 (0.2%)
  14,384/9,498,656 (0.2%)
  14,392/9,498,656 (0.2%)
  14,400/9,498,656 (0.2%)
  14,408/9,498,656 (0.2%)
  14,416/9,498,656 (0.2%)
  14,424/9,498,656 (0.2%)
  14,432/9,498,656 (0.2%)
  14,440/9,498,656 (0.2%)
  14,448/9,498,656 (0.2%)
  14,456/9,498,656 (0.2%)
  14,464/9,498,656 (0.2%)
  14,472/9,498,656 (0.2%)
  14,480/9,498,656 (0.2%)
  14,488/9,498,656 (0.2%)
  14,496/9,498,656 (0.2%)
  14,504/9,498,656 (0.2%)
  14,512/9,498,656 (0.2%)
  14,520/9,498,656 (0.2%)
  14,528/9,498,656 (0.2%)
  14,536/9,498,656 (0.2%)
  14,544/9,498,656 (0.2%)
  14,552/9,498,656 (0.2%)
  14,560/9,498,656 (0.2%)
  14,568/9,498,656 (0.2%)
  14,576/9,498,656 (0.2%)
  14,584/9,498,656 (0.2%)
  14,592/9,498,656 (0.2%)
  14,600/9,498,656 (0.2%)
  14,608/9,498,656 (0.2%)
  14,616/9,498,656 (0.2%)
  [checkpoint saved]
  14,624/9,498,656 (0.2%)
  14,632/9,498,656 (0.2%)
  14,640/9,498,656 (0.2%)
  14,648/9,498,656 (0.2%)
  14,656/9,498,656 (0.2%)
  14,664/9,498,656 (0.2%)
  14,672/9,498,656 (0.2%)
  14,680/9,498,656 (0.2%)
  14,688/9,498,656 (0.2%)
  14,696/9,498,656 (0.2%)
  14,704/9,498,656 (0.2%)
  14,712/9,498,656 (0.2%)
  14,720/9,498,656 (0.2%)
  14,728/9,498,656 (0.2%)
  14,736/9,498,656 (0.2%)
  14,744/9,498,656 (0.2%)
  14,752/9,498,656 (0.2%)
  14,760/9,498,656 (0.2%)
  14,768/9,498,656 (0.2%)
  14,776/9,498,656 (0.2%)
  14,784/9,498,656 (0.2%)
  14,792/9,498,656 (0.2%)
  14,800/9,498,656 (0.2%)
  14,808/9,498,656 (0.2%)
  14,816/9,498,656 (0.2%)
  14,824/9,498,656 (0.2%)
  14,832/9,498,656 (0.2%)
  14,840/9,498,656 (0.2%)
  14,848/9,498,656 (0.2%)
  14,856/9,498,656 (0.2%)
  14,864/9,498,656 (0.2%)
  14,872/9,498,656 (0.2%)
  14,880/9,498,656 (0.2%)
  14,888/9,498,656 (0.2%)
  14,896/9,498,656 (0.2%)
  14,904/9,498,656 (0.2%)
  14,912/9,498,656 (0.2%)
  14,920/9,498,656 (0.2%)
  14,928/9,498,656 (0.2%)
  14,936/9,498,656 (0.2%)
  14,944/9,498,656 (0.2%)
  14,952/9,498,656 (0.2%)
  14,960/9,498,656 (0.2%)
  14,968/9,498,656 (0.2%)
  14,976/9,498,656 (0.2%)
  14,984/9,498,656 (0.2%)
  14,992/9,498,656 (0.2%)
  15,000/9,498,656 (0.2%)
  15,008/9,498,656 (0.2%)
  15,016/9,498,656 (0.2%)
  15,024/9,498,656 (0.2%)
  15,032/9,498,656 (0.2%)
  15,040/9,498,656 (0.2%)
  15,048/9,498,656 (0.2%)
  15,056/9,498,656 (0.2%)
  15,064/9,498,656 (0.2%)
  15,072/9,498,656 (0.2%)
  15,080/9,498,656 (0.2%)
  15,088/9,498,656 (0.2%)
  15,096/9,498,656 (0.2%)
  15,104/9,498,656 (0.2%)
  15,112/9,498,656 (0.2%)
  15,120/9,498,656 (0.2%)
  [checkpoint saved]
  15,128/9,498,656 (0.2%)
  15,136/9,498,656 (0.2%)
  15,144/9,498,656 (0.2%)
  15,152/9,498,656 (0.2%)
  15,160/9,498,656 (0.2%)
  15,168/9,498,656 (0.2%)
  15,176/9,498,656 (0.2%)
  15,184/9,498,656 (0.2%)
  15,192/9,498,656 (0.2%)
  15,200/9,498,656 (0.2%)
  15,208/9,498,656 (0.2%)
  15,216/9,498,656 (0.2%)
  15,224/9,498,656 (0.2%)
  15,232/9,498,656 (0.2%)
  15,240/9,498,656 (0.2%)
  15,248/9,498,656 (0.2%)
  15,256/9,498,656 (0.2%)
  15,264/9,498,656 (0.2%)
  15,272/9,498,656 (0.2%)
  15,280/9,498,656 (0.2%)
  15,288/9,498,656 (0.2%)
  15,296/9,498,656 (0.2%)
  15,304/9,498,656 (0.2%)
  15,312/9,498,656 (0.2%)
  15,320/9,498,656 (0.2%)
  15,328/9,498,656 (0.2%)
  15,336/9,498,656 (0.2%)
  15,344/9,498,656 (0.2%)
  15,352/9,498,656 (0.2%)
  15,360/9,498,656 (0.2%)
  15,368/9,498,656 (0.2%)
  15,376/9,498,656 (0.2%)
  15,384/9,498,656 (0.2%)
  15,392/9,498,656 (0.2%)
  15,400/9,498,656 (0.2%)
  15,408/9,498,656 (0.2%)
  15,416/9,498,656 (0.2%)
  15,424/9,498,656 (0.2%)
  15,432/9,498,656 (0.2%)
  15,440/9,498,656 (0.2%)
  15,448/9,498,656 (0.2%)
  15,456/9,498,656 (0.2%)
  15,464/9,498,656 (0.2%)
  15,472/9,498,656 (0.2%)
  15,480/9,498,656 (0.2%)
  15,488/9,498,656 (0.2%)
  15,496/9,498,656 (0.2%)
  15,504/9,498,656 (0.2%)
  15,512/9,498,656 (0.2%)
  15,520/9,498,656 (0.2%)
  15,528/9,498,656 (0.2%)
  15,536/9,498,656 (0.2%)
  15,544/9,498,656 (0.2%)
  15,552/9,498,656 (0.2%)
  15,560/9,498,656 (0.2%)
  15,568/9,498,656 (0.2%)
  15,576/9,498,656 (0.2%)
  15,584/9,498,656 (0.2%)
  15,592/9,498,656 (0.2%)
  15,600/9,498,656 (0.2%)
  15,608/9,498,656 (0.2%)
  15,616/9,498,656 (0.2%)
  15,624/9,498,656 (0.2%)
  [checkpoint saved]
  15,632/9,498,656 (0.2%)
  15,640/9,498,656 (0.2%)
  15,648/9,498,656 (0.2%)
  15,656/9,498,656 (0.2%)
  15,664/9,498,656 (0.2%)
  15,672/9,498,656 (0.2%)
  15,680/9,498,656 (0.2%)
  15,688/9,498,656 (0.2%)
  15,696/9,498,656 (0.2%)
  15,704/9,498,656 (0.2%)
  15,712/9,498,656 (0.2%)
  15,720/9,498,656 (0.2%)
  15,728/9,498,656 (0.2%)
  15,736/9,498,656 (0.2%)
  15,744/9,498,656 (0.2%)
  15,752/9,498,656 (0.2%)
  15,760/9,498,656 (0.2%)
  15,768/9,498,656 (0.2%)
  15,776/9,498,656 (0.2%)
  15,784/9,498,656 (0.2%)
  15,792/9,498,656 (0.2%)
  15,800/9,498,656 (0.2%)
  15,808/9,498,656 (0.2%)
  15,816/9,498,656 (0.2%)
  15,824/9,498,656 (0.2%)
  15,832/9,498,656 (0.2%)
  15,840/9,498,656 (0.2%)
  15,848/9,498,656 (0.2%)
  15,856/9,498,656 (0.2%)
  15,864/9,498,656 (0.2%)
  15,872/9,498,656 (0.2%)
  15,880/9,498,656 (0.2%)
  15,888/9,498,656 (0.2%)
  15,896/9,498,656 (0.2%)
  15,904/9,498,656 (0.2%)
  15,912/9,498,656 (0.2%)
  15,920/9,498,656 (0.2%)
  15,928/9,498,656 (0.2%)
  15,936/9,498,656 (0.2%)
  15,944/9,498,656 (0.2%)
  15,952/9,498,656 (0.2%)
  15,960/9,498,656 (0.2%)
  15,968/9,498,656 (0.2%)
  15,976/9,498,656 (0.2%)
  15,984/9,498,656 (0.2%)
  15,992/9,498,656 (0.2%)
  16,000/9,498,656 (0.2%)
  16,008/9,498,656 (0.2%)
  16,016/9,498,656 (0.2%)
  16,024/9,498,656 (0.2%)
  16,032/9,498,656 (0.2%)
  16,040/9,498,656 (0.2%)
  16,048/9,498,656 (0.2%)
  16,056/9,498,656 (0.2%)
  16,064/9,498,656 (0.2%)
  16,072/9,498,656 (0.2%)
  16,080/9,498,656 (0.2%)
  16,088/9,498,656 (0.2%)
  16,096/9,498,656 (0.2%)
  16,104/9,498,656 (0.2%)
  16,112/9,498,656 (0.2%)
  16,120/9,498,656 (0.2%)
  16,128/9,498,656 (0.2%)
  [checkpoint saved]
  16,136/9,498,656 (0.2%)
  16,144/9,498,656 (0.2%)
  16,152/9,498,656 (0.2%)
  16,160/9,498,656 (0.2%)
  16,168/9,498,656 (0.2%)
  16,176/9,498,656 (0.2%)
  16,184/9,498,656 (0.2%)
  16,192/9,498,656 (0.2%)
  16,200/9,498,656 (0.2%)
  16,208/9,498,656 (0.2%)
  16,216/9,498,656 (0.2%)
  16,224/9,498,656 (0.2%)
  16,232/9,498,656 (0.2%)
  16,240/9,498,656 (0.2%)
  16,248/9,498,656 (0.2%)
  16,256/9,498,656 (0.2%)
  16,264/9,498,656 (0.2%)
  16,272/9,498,656 (0.2%)
  16,280/9,498,656 (0.2%)
  16,288/9,498,656 (0.2%)
  16,296/9,498,656 (0.2%)
  16,304/9,498,656 (0.2%)
  16,312/9,498,656 (0.2%)
  16,320/9,498,656 (0.2%)
  16,328/9,498,656 (0.2%)
  16,336/9,498,656 (0.2%)
  16,344/9,498,656 (0.2%)
  16,352/9,498,656 (0.2%)
  16,360/9,498,656 (0.2%)
  16,368/9,498,656 (0.2%)
  16,376/9,498,656 (0.2%)
  16,384/9,498,656 (0.2%)
  16,392/9,498,656 (0.2%)
  16,400/9,498,656 (0.2%)
  16,408/9,498,656 (0.2%)
  16,416/9,498,656 (0.2%)
  16,424/9,498,656 (0.2%)
  16,432/9,498,656 (0.2%)
  16,440/9,498,656 (0.2%)
  16,448/9,498,656 (0.2%)
  16,456/9,498,656 (0.2%)
  16,464/9,498,656 (0.2%)
  16,472/9,498,656 (0.2%)
  16,480/9,498,656 (0.2%)
  16,488/9,498,656 (0.2%)
  16,496/9,498,656 (0.2%)
  16,504/9,498,656 (0.2%)
  16,512/9,498,656 (0.2%)
  16,520/9,498,656 (0.2%)
  16,528/9,498,656 (0.2%)
  16,536/9,498,656 (0.2%)
  16,544/9,498,656 (0.2%)
  16,552/9,498,656 (0.2%)
  16,560/9,498,656 (0.2%)
  16,568/9,498,656 (0.2%)
  16,576/9,498,656 (0.2%)
  16,584/9,498,656 (0.2%)
  16,592/9,498,656 (0.2%)
  16,600/9,498,656 (0.2%)
  16,608/9,498,656 (0.2%)
  16,616/9,498,656 (0.2%)
  16,624/9,498,656 (0.2%)
  16,632/9,498,656 (0.2%)
  [checkpoint saved]
  16,640/9,498,656 (0.2%)
  16,648/9,498,656 (0.2%)
  16,656/9,498,656 (0.2%)
  16,664/9,498,656 (0.2%)
  16,672/9,498,656 (0.2%)
  16,680/9,498,656 (0.2%)
  16,688/9,498,656 (0.2%)
  16,696/9,498,656 (0.2%)
  16,704/9,498,656 (0.2%)
  16,712/9,498,656 (0.2%)
  16,720/9,498,656 (0.2%)
  16,728/9,498,656 (0.2%)
  16,736/9,498,656 (0.2%)
  16,744/9,498,656 (0.2%)
  16,752/9,498,656 (0.2%)
  16,760/9,498,656 (0.2%)
  16,768/9,498,656 (0.2%)
  16,776/9,498,656 (0.2%)
  16,784/9,498,656 (0.2%)
  16,792/9,498,656 (0.2%)
  16,800/9,498,656 (0.2%)
  16,808/9,498,656 (0.2%)
  16,816/9,498,656 (0.2%)
  16,824/9,498,656 (0.2%)
  16,832/9,498,656 (0.2%)
  16,840/9,498,656 (0.2%)
  16,848/9,498,656 (0.2%)
  16,856/9,498,656 (0.2%)
  16,864/9,498,656 (0.2%)
  16,872/9,498,656 (0.2%)
  16,880/9,498,656 (0.2%)
  16,888/9,498,656 (0.2%)
  16,896/9,498,656 (0.2%)
  16,904/9,498,656 (0.2%)
  16,912/9,498,656 (0.2%)
  16,920/9,498,656 (0.2%)
  16,928/9,498,656 (0.2%)
  16,936/9,498,656 (0.2%)
  16,944/9,498,656 (0.2%)
  16,952/9,498,656 (0.2%)
  16,960/9,498,656 (0.2%)
  16,968/9,498,656 (0.2%)
  16,976/9,498,656 (0.2%)
  16,984/9,498,656 (0.2%)
  16,992/9,498,656 (0.2%)
  17,000/9,498,656 (0.2%)
  17,008/9,498,656 (0.2%)
  17,016/9,498,656 (0.2%)
  17,024/9,498,656 (0.2%)
  17,032/9,498,656 (0.2%)
  17,040/9,498,656 (0.2%)
  17,048/9,498,656 (0.2%)
  17,056/9,498,656 (0.2%)
  17,064/9,498,656 (0.2%)
  17,072/9,498,656 (0.2%)
  17,080/9,498,656 (0.2%)
  17,088/9,498,656 (0.2%)
  17,096/9,498,656 (0.2%)
  17,104/9,498,656 (0.2%)
  17,112/9,498,656 (0.2%)
  17,120/9,498,656 (0.2%)
  17,128/9,498,656 (0.2%)
  17,136/9,498,656 (0.2%)
  [checkpoint saved]
  17,144/9,498,656 (0.2%)
  17,152/9,498,656 (0.2%)
  17,160/9,498,656 (0.2%)
  17,168/9,498,656 (0.2%)
  17,176/9,498,656 (0.2%)
  17,184/9,498,656 (0.2%)
  17,192/9,498,656 (0.2%)
  17,200/9,498,656 (0.2%)
  17,208/9,498,656 (0.2%)
  17,216/9,498,656 (0.2%)
  17,224/9,498,656 (0.2%)
  17,232/9,498,656 (0.2%)
  17,240/9,498,656 (0.2%)
  17,248/9,498,656 (0.2%)
  17,256/9,498,656 (0.2%)
  17,264/9,498,656 (0.2%)
  17,272/9,498,656 (0.2%)
  17,280/9,498,656 (0.2%)
  17,288/9,498,656 (0.2%)
  17,296/9,498,656 (0.2%)
  17,304/9,498,656 (0.2%)
  17,312/9,498,656 (0.2%)
  17,320/9,498,656 (0.2%)
  17,328/9,498,656 (0.2%)
  17,336/9,498,656 (0.2%)
  17,344/9,498,656 (0.2%)
  17,352/9,498,656 (0.2%)
  17,360/9,498,656 (0.2%)
  17,368/9,498,656 (0.2%)
  17,376/9,498,656 (0.2%)
  17,384/9,498,656 (0.2%)
  17,392/9,498,656 (0.2%)
  17,400/9,498,656 (0.2%)
  17,408/9,498,656 (0.2%)
  17,416/9,498,656 (0.2%)
  17,424/9,498,656 (0.2%)
  17,432/9,498,656 (0.2%)
  17,440/9,498,656 (0.2%)
  17,448/9,498,656 (0.2%)
  17,456/9,498,656 (0.2%)
  17,464/9,498,656 (0.2%)
  17,472/9,498,656 (0.2%)
  17,480/9,498,656 (0.2%)
  17,488/9,498,656 (0.2%)
  17,496/9,498,656 (0.2%)
  17,504/9,498,656 (0.2%)
  17,512/9,498,656 (0.2%)
  17,520/9,498,656 (0.2%)
  17,528/9,498,656 (0.2%)
  17,536/9,498,656 (0.2%)
  17,544/9,498,656 (0.2%)
  17,552/9,498,656 (0.2%)
  17,560/9,498,656 (0.2%)
  17,568/9,498,656 (0.2%)
  17,576/9,498,656 (0.2%)
  17,584/9,498,656 (0.2%)
  17,592/9,498,656 (0.2%)
  17,600/9,498,656 (0.2%)
  17,608/9,498,656 (0.2%)
  17,616/9,498,656 (0.2%)
  17,624/9,498,656 (0.2%)
  17,632/9,498,656 (0.2%)
  17,640/9,498,656 (0.2%)
  [checkpoint saved]
  17,648/9,498,656 (0.2%)
  17,656/9,498,656 (0.2%)
  17,664/9,498,656 (0.2%)
  17,672/9,498,656 (0.2%)
  17,680/9,498,656 (0.2%)
  17,688/9,498,656 (0.2%)
  17,696/9,498,656 (0.2%)
  17,704/9,498,656 (0.2%)
  17,712/9,498,656 (0.2%)
  17,720/9,498,656 (0.2%)
  17,728/9,498,656 (0.2%)
  17,736/9,498,656 (0.2%)
  17,744/9,498,656 (0.2%)
  17,752/9,498,656 (0.2%)
  17,760/9,498,656 (0.2%)
  17,768/9,498,656 (0.2%)
  17,776/9,498,656 (0.2%)
  17,784/9,498,656 (0.2%)
  17,792/9,498,656 (0.2%)
  17,800/9,498,656 (0.2%)
  17,808/9,498,656 (0.2%)
  17,816/9,498,656 (0.2%)
  17,824/9,498,656 (0.2%)
  17,832/9,498,656 (0.2%)
  17,840/9,498,656 (0.2%)
  17,848/9,498,656 (0.2%)
  17,856/9,498,656 (0.2%)
  17,864/9,498,656 (0.2%)
  17,872/9,498,656 (0.2%)
  17,880/9,498,656 (0.2%)
  17,888/9,498,656 (0.2%)
  17,896/9,498,656 (0.2%)
  17,904/9,498,656 (0.2%)
  17,912/9,498,656 (0.2%)
  17,920/9,498,656 (0.2%)
  17,928/9,498,656 (0.2%)
  17,936/9,498,656 (0.2%)
  17,944/9,498,656 (0.2%)
  17,952/9,498,656 (0.2%)
  17,960/9,498,656 (0.2%)
  17,968/9,498,656 (0.2%)
  17,976/9,498,656 (0.2%)
  17,984/9,498,656 (0.2%)
  17,992/9,498,656 (0.2%)
  18,000/9,498,656 (0.2%)
  18,008/9,498,656 (0.2%)
  18,016/9,498,656 (0.2%)
  18,024/9,498,656 (0.2%)
  18,032/9,498,656 (0.2%)
  18,040/9,498,656 (0.2%)
  18,048/9,498,656 (0.2%)
  18,056/9,498,656 (0.2%)
  18,064/9,498,656 (0.2%)
  18,072/9,498,656 (0.2%)
  18,080/9,498,656 (0.2%)
  18,088/9,498,656 (0.2%)
  18,096/9,498,656 (0.2%)
  18,104/9,498,656 (0.2%)
  18,112/9,498,656 (0.2%)
  18,120/9,498,656 (0.2%)
  18,128/9,498,656 (0.2%)
  18,136/9,498,656 (0.2%)
  18,144/9,498,656 (0.2%)
  [checkpoint saved]
  18,152/9,498,656 (0.2%)
  18,160/9,498,656 (0.2%)
  18,168/9,498,656 (0.2%)
  18,176/9,498,656 (0.2%)
  18,184/9,498,656 (0.2%)
  18,192/9,498,656 (0.2%)
  18,200/9,498,656 (0.2%)
  18,208/9,498,656 (0.2%)
  18,216/9,498,656 (0.2%)
  18,224/9,498,656 (0.2%)
  18,232/9,498,656 (0.2%)
  18,240/9,498,656 (0.2%)
  18,248/9,498,656 (0.2%)
  18,256/9,498,656 (0.2%)
  18,264/9,498,656 (0.2%)
  18,272/9,498,656 (0.2%)
  18,280/9,498,656 (0.2%)
  18,288/9,498,656 (0.2%)
  18,296/9,498,656 (0.2%)
  18,304/9,498,656 (0.2%)
  18,312/9,498,656 (0.2%)
  18,320/9,498,656 (0.2%)
  18,328/9,498,656 (0.2%)
  18,336/9,498,656 (0.2%)
  18,344/9,498,656 (0.2%)
  18,352/9,498,656 (0.2%)
  18,360/9,498,656 (0.2%)
  18,368/9,498,656 (0.2%)
  18,376/9,498,656 (0.2%)
  18,384/9,498,656 (0.2%)
  18,392/9,498,656 (0.2%)
  18,400/9,498,656 (0.2%)
  18,408/9,498,656 (0.2%)
  18,416/9,498,656 (0.2%)
  18,424/9,498,656 (0.2%)
  18,432/9,498,656 (0.2%)
  18,440/9,498,656 (0.2%)
  18,448/9,498,656 (0.2%)
  18,456/9,498,656 (0.2%)
  18,464/9,498,656 (0.2%)
  18,472/9,498,656 (0.2%)
  18,480/9,498,656 (0.2%)
  18,488/9,498,656 (0.2%)
  18,496/9,498,656 (0.2%)
  18,504/9,498,656 (0.2%)
  18,512/9,498,656 (0.2%)
  18,520/9,498,656 (0.2%)
  18,528/9,498,656 (0.2%)
  18,536/9,498,656 (0.2%)
  18,544/9,498,656 (0.2%)
  18,552/9,498,656 (0.2%)
  18,560/9,498,656 (0.2%)
  18,568/9,498,656 (0.2%)
  18,576/9,498,656 (0.2%)
  18,584/9,498,656 (0.2%)
  18,592/9,498,656 (0.2%)
  18,600/9,498,656 (0.2%)
  18,608/9,498,656 (0.2%)
  18,616/9,498,656 (0.2%)
  18,624/9,498,656 (0.2%)
  18,632/9,498,656 (0.2%)
  18,640/9,498,656 (0.2%)
  18,648/9,498,656 (0.2%)
  [checkpoint saved]
  18,656/9,498,656 (0.2%)
  18,664/9,498,656 (0.2%)
  18,672/9,498,656 (0.2%)
  18,680/9,498,656 (0.2%)
  18,688/9,498,656 (0.2%)
  18,696/9,498,656 (0.2%)
  18,704/9,498,656 (0.2%)
  18,712/9,498,656 (0.2%)
  18,720/9,498,656 (0.2%)
  18,728/9,498,656 (0.2%)
  18,736/9,498,656 (0.2%)
  18,744/9,498,656 (0.2%)
  18,752/9,498,656 (0.2%)
  18,760/9,498,656 (0.2%)
  18,768/9,498,656 (0.2%)
  18,776/9,498,656 (0.2%)
  18,784/9,498,656 (0.2%)
  18,792/9,498,656 (0.2%)
  18,800/9,498,656 (0.2%)
  18,808/9,498,656 (0.2%)
  18,816/9,498,656 (0.2%)
  18,824/9,498,656 (0.2%)
  18,832/9,498,656 (0.2%)
  18,840/9,498,656 (0.2%)
  18,848/9,498,656 (0.2%)
  18,856/9,498,656 (0.2%)
  18,864/9,498,656 (0.2%)
  18,872/9,498,656 (0.2%)
  18,880/9,498,656 (0.2%)
  18,888/9,498,656 (0.2%)
  18,896/9,498,656 (0.2%)
  18,904/9,498,656 (0.2%)
  18,912/9,498,656 (0.2%)
  18,920/9,498,656 (0.2%)
  18,928/9,498,656 (0.2%)
  18,936/9,498,656 (0.2%)
  18,944/9,498,656 (0.2%)
  18,952/9,498,656 (0.2%)
  18,960/9,498,656 (0.2%)
  18,968/9,498,656 (0.2%)
  18,976/9,498,656 (0.2%)
  18,984/9,498,656 (0.2%)
  18,992/9,498,656 (0.2%)
  19,000/9,498,656 (0.2%)
  19,008/9,498,656 (0.2%)
  19,016/9,498,656 (0.2%)
  19,024/9,498,656 (0.2%)
  19,032/9,498,656 (0.2%)
  19,040/9,498,656 (0.2%)
  19,048/9,498,656 (0.2%)
  19,056/9,498,656 (0.2%)
  19,064/9,498,656 (0.2%)
  19,072/9,498,656 (0.2%)
  19,080/9,498,656 (0.2%)
  19,088/9,498,656 (0.2%)
  19,096/9,498,656 (0.2%)
  19,104/9,498,656 (0.2%)
  19,112/9,498,656 (0.2%)
  19,120/9,498,656 (0.2%)
  19,128/9,498,656 (0.2%)
  19,136/9,498,656 (0.2%)
  19,144/9,498,656 (0.2%)
  19,152/9,498,656 (0.2%)
  [checkpoint saved]
  19,160/9,498,656 (0.2%)
  19,168/9,498,656 (0.2%)
  19,176/9,498,656 (0.2%)
  19,184/9,498,656 (0.2%)
  19,192/9,498,656 (0.2%)
  19,200/9,498,656 (0.2%)
  19,208/9,498,656 (0.2%)
  19,216/9,498,656 (0.2%)
  19,224/9,498,656 (0.2%)
  19,232/9,498,656 (0.2%)
  19,240/9,498,656 (0.2%)
  19,248/9,498,656 (0.2%)
  19,256/9,498,656 (0.2%)
  19,264/9,498,656 (0.2%)
  19,272/9,498,656 (0.2%)
  19,280/9,498,656 (0.2%)
  19,288/9,498,656 (0.2%)
  19,296/9,498,656 (0.2%)
  19,304/9,498,656 (0.2%)
  19,312/9,498,656 (0.2%)
  19,320/9,498,656 (0.2%)
  19,328/9,498,656 (0.2%)
  19,336/9,498,656 (0.2%)
  19,344/9,498,656 (0.2%)
  19,352/9,498,656 (0.2%)
  19,360/9,498,656 (0.2%)
  19,368/9,498,656 (0.2%)
  19,376/9,498,656 (0.2%)
  19,384/9,498,656 (0.2%)
  19,392/9,498,656 (0.2%)
  19,400/9,498,656 (0.2%)
  19,408/9,498,656 (0.2%)
  19,416/9,498,656 (0.2%)
  19,424/9,498,656 (0.2%)
  19,432/9,498,656 (0.2%)
  19,440/9,498,656 (0.2%)
  19,448/9,498,656 (0.2%)
  19,456/9,498,656 (0.2%)
  19,464/9,498,656 (0.2%)
  19,472/9,498,656 (0.2%)
  19,480/9,498,656 (0.2%)
  19,488/9,498,656 (0.2%)
  19,496/9,498,656 (0.2%)
  19,504/9,498,656 (0.2%)
  19,512/9,498,656 (0.2%)
  19,520/9,498,656 (0.2%)
  19,528/9,498,656 (0.2%)
  19,536/9,498,656 (0.2%)
  19,544/9,498,656 (0.2%)
  19,552/9,498,656 (0.2%)
  19,560/9,498,656 (0.2%)
  19,568/9,498,656 (0.2%)
  19,576/9,498,656 (0.2%)
  19,584/9,498,656 (0.2%)
  19,592/9,498,656 (0.2%)
  19,600/9,498,656 (0.2%)
  19,608/9,498,656 (0.2%)
  19,616/9,498,656 (0.2%)
  19,624/9,498,656 (0.2%)
  19,632/9,498,656 (0.2%)
  19,640/9,498,656 (0.2%)
  19,648/9,498,656 (0.2%)
  19,656/9,498,656 (0.2%)
  [checkpoint saved]
  19,664/9,498,656 (0.2%)
  19,672/9,498,656 (0.2%)
  19,680/9,498,656 (0.2%)
  19,688/9,498,656 (0.2%)
  19,696/9,498,656 (0.2%)
  19,704/9,498,656 (0.2%)
  19,712/9,498,656 (0.2%)
  19,720/9,498,656 (0.2%)
  19,728/9,498,656 (0.2%)
  19,736/9,498,656 (0.2%)
  19,744/9,498,656 (0.2%)
  19,752/9,498,656 (0.2%)
  19,760/9,498,656 (0.2%)
  19,768/9,498,656 (0.2%)
  19,776/9,498,656 (0.2%)
  19,784/9,498,656 (0.2%)
  19,792/9,498,656 (0.2%)
  19,800/9,498,656 (0.2%)
  19,808/9,498,656 (0.2%)
  19,816/9,498,656 (0.2%)
  19,824/9,498,656 (0.2%)
  19,832/9,498,656 (0.2%)
  19,840/9,498,656 (0.2%)
  19,848/9,498,656 (0.2%)
  19,856/9,498,656 (0.2%)
  19,864/9,498,656 (0.2%)
  19,872/9,498,656 (0.2%)
  19,880/9,498,656 (0.2%)
  19,888/9,498,656 (0.2%)
  19,896/9,498,656 (0.2%)
  19,904/9,498,656 (0.2%)
  19,912/9,498,656 (0.2%)
  19,920/9,498,656 (0.2%)
  19,928/9,498,656 (0.2%)
  19,936/9,498,656 (0.2%)
  19,944/9,498,656 (0.2%)
  19,952/9,498,656 (0.2%)
  19,960/9,498,656 (0.2%)
  19,968/9,498,656 (0.2%)
  19,976/9,498,656 (0.2%)
  19,984/9,498,656 (0.2%)
  19,992/9,498,656 (0.2%)
  20,000/9,498,656 (0.2%)
  20,008/9,498,656 (0.2%)
  20,016/9,498,656 (0.2%)
  20,024/9,498,656 (0.2%)
  20,032/9,498,656 (0.2%)
  20,040/9,498,656 (0.2%)
  20,048/9,498,656 (0.2%)
  20,056/9,498,656 (0.2%)
  20,064/9,498,656 (0.2%)
  20,072/9,498,656 (0.2%)
  20,080/9,498,656 (0.2%)
  20,088/9,498,656 (0.2%)
  20,096/9,498,656 (0.2%)
  20,104/9,498,656 (0.2%)
  20,112/9,498,656 (0.2%)
  20,120/9,498,656 (0.2%)
  20,128/9,498,656 (0.2%)
  20,136/9,498,656 (0.2%)
  20,144/9,498,656 (0.2%)
  20,152/9,498,656 (0.2%)
  20,160/9,498,656 (0.2%)
  [checkpoint saved]
  20,168/9,498,656 (0.2%)
  20,176/9,498,656 (0.2%)
  20,184/9,498,656 (0.2%)
  20,192/9,498,656 (0.2%)
  20,200/9,498,656 (0.2%)
  20,208/9,498,656 (0.2%)
  20,216/9,498,656 (0.2%)
  20,224/9,498,656 (0.2%)
  20,232/9,498,656 (0.2%)
  20,240/9,498,656 (0.2%)
  20,248/9,498,656 (0.2%)
  20,256/9,498,656 (0.2%)
  20,264/9,498,656 (0.2%)
  20,272/9,498,656 (0.2%)
  20,280/9,498,656 (0.2%)
  20,288/9,498,656 (0.2%)
  20,296/9,498,656 (0.2%)
  20,304/9,498,656 (0.2%)
  20,312/9,498,656 (0.2%)
  20,320/9,498,656 (0.2%)
  20,328/9,498,656 (0.2%)
  20,336/9,498,656 (0.2%)
  20,344/9,498,656 (0.2%)
  20,352/9,498,656 (0.2%)
  20,360/9,498,656 (0.2%)
  20,368/9,498,656 (0.2%)
  20,376/9,498,656 (0.2%)
  20,384/9,498,656 (0.2%)
  20,392/9,498,656 (0.2%)
  20,400/9,498,656 (0.2%)
  20,408/9,498,656 (0.2%)
  20,416/9,498,656 (0.2%)
  20,424/9,498,656 (0.2%)
  20,432/9,498,656 (0.2%)
  20,440/9,498,656 (0.2%)
  20,448/9,498,656 (0.2%)
  20,456/9,498,656 (0.2%)
  20,464/9,498,656 (0.2%)
  20,472/9,498,656 (0.2%)
  20,480/9,498,656 (0.2%)
  20,488/9,498,656 (0.2%)
  20,496/9,498,656 (0.2%)
  20,504/9,498,656 (0.2%)
  20,512/9,498,656 (0.2%)
  20,520/9,498,656 (0.2%)
  20,528/9,498,656 (0.2%)
  20,536/9,498,656 (0.2%)
  20,544/9,498,656 (0.2%)
  20,552/9,498,656 (0.2%)
  20,560/9,498,656 (0.2%)
  20,568/9,498,656 (0.2%)
  20,576/9,498,656 (0.2%)
  20,584/9,498,656 (0.2%)
  20,592/9,498,656 (0.2%)
  20,600/9,498,656 (0.2%)
  20,608/9,498,656 (0.2%)
  20,616/9,498,656 (0.2%)
  20,624/9,498,656 (0.2%)
  20,632/9,498,656 (0.2%)
  20,640/9,498,656 (0.2%)
  20,648/9,498,656 (0.2%)
  20,656/9,498,656 (0.2%)
  20,664/9,498,656 (0.2%)
  [checkpoint saved]
  20,672/9,498,656 (0.2%)
  20,680/9,498,656 (0.2%)
  20,688/9,498,656 (0.2%)
  20,696/9,498,656 (0.2%)
  20,704/9,498,656 (0.2%)
  20,712/9,498,656 (0.2%)
  20,720/9,498,656 (0.2%)
  20,728/9,498,656 (0.2%)
  20,736/9,498,656 (0.2%)
  20,744/9,498,656 (0.2%)
  20,752/9,498,656 (0.2%)
  20,760/9,498,656 (0.2%)
  20,768/9,498,656 (0.2%)
  20,776/9,498,656 (0.2%)
  20,784/9,498,656 (0.2%)
  20,792/9,498,656 (0.2%)
  20,800/9,498,656 (0.2%)
  20,808/9,498,656 (0.2%)
  20,816/9,498,656 (0.2%)
  20,824/9,498,656 (0.2%)
  20,832/9,498,656 (0.2%)
  20,840/9,498,656 (0.2%)
  20,848/9,498,656 (0.2%)
  20,856/9,498,656 (0.2%)
  20,864/9,498,656 (0.2%)
  20,872/9,498,656 (0.2%)
  20,880/9,498,656 (0.2%)
  20,888/9,498,656 (0.2%)
  20,896/9,498,656 (0.2%)
  20,904/9,498,656 (0.2%)
  20,912/9,498,656 (0.2%)
  20,920/9,498,656 (0.2%)
  20,928/9,498,656 (0.2%)
  20,936/9,498,656 (0.2%)
  20,944/9,498,656 (0.2%)
  20,952/9,498,656 (0.2%)
  20,960/9,498,656 (0.2%)
  20,968/9,498,656 (0.2%)
  20,976/9,498,656 (0.2%)
  20,984/9,498,656 (0.2%)
  20,992/9,498,656 (0.2%)
  21,000/9,498,656 (0.2%)
  21,008/9,498,656 (0.2%)
  21,016/9,498,656 (0.2%)
  21,024/9,498,656 (0.2%)
  21,032/9,498,656 (0.2%)
  21,040/9,498,656 (0.2%)
  21,048/9,498,656 (0.2%)
  21,056/9,498,656 (0.2%)
  21,064/9,498,656 (0.2%)
  21,072/9,498,656 (0.2%)
  21,080/9,498,656 (0.2%)
  21,088/9,498,656 (0.2%)
  21,096/9,498,656 (0.2%)
  21,104/9,498,656 (0.2%)
  21,112/9,498,656 (0.2%)
  21,120/9,498,656 (0.2%)
  21,128/9,498,656 (0.2%)
  21,136/9,498,656 (0.2%)
  21,144/9,498,656 (0.2%)
  21,152/9,498,656 (0.2%)
  21,160/9,498,656 (0.2%)
  21,168/9,498,656 (0.2%)
  [checkpoint saved]
  21,176/9,498,656 (0.2%)
  21,184/9,498,656 (0.2%)
  21,192/9,498,656 (0.2%)
  21,200/9,498,656 (0.2%)
  21,208/9,498,656 (0.2%)
  21,216/9,498,656 (0.2%)
  21,224/9,498,656 (0.2%)
  21,232/9,498,656 (0.2%)
  21,240/9,498,656 (0.2%)
  21,248/9,498,656 (0.2%)
  21,256/9,498,656 (0.2%)
  21,264/9,498,656 (0.2%)
  21,272/9,498,656 (0.2%)
  21,280/9,498,656 (0.2%)
  21,288/9,498,656 (0.2%)
  21,296/9,498,656 (0.2%)
  21,304/9,498,656 (0.2%)
  21,312/9,498,656 (0.2%)
  21,320/9,498,656 (0.2%)
  21,328/9,498,656 (0.2%)
  21,336/9,498,656 (0.2%)
  21,344/9,498,656 (0.2%)
  21,352/9,498,656 (0.2%)
  21,360/9,498,656 (0.2%)
  21,368/9,498,656 (0.2%)
  21,376/9,498,656 (0.2%)
  21,384/9,498,656 (0.2%)
  21,392/9,498,656 (0.2%)
  21,400/9,498,656 (0.2%)
  21,408/9,498,656 (0.2%)
  21,416/9,498,656 (0.2%)
  21,424/9,498,656 (0.2%)
  21,432/9,498,656 (0.2%)
  21,440/9,498,656 (0.2%)
  21,448/9,498,656 (0.2%)
  21,456/9,498,656 (0.2%)
  21,464/9,498,656 (0.2%)
  21,472/9,498,656 (0.2%)
  21,480/9,498,656 (0.2%)
  21,488/9,498,656 (0.2%)
  21,496/9,498,656 (0.2%)
  21,504/9,498,656 (0.2%)
  21,512/9,498,656 (0.2%)
  21,520/9,498,656 (0.2%)
  21,528/9,498,656 (0.2%)
  21,536/9,498,656 (0.2%)
  21,544/9,498,656 (0.2%)
  21,552/9,498,656 (0.2%)
  21,560/9,498,656 (0.2%)
  21,568/9,498,656 (0.2%)
  21,576/9,498,656 (0.2%)
  21,584/9,498,656 (0.2%)
  21,592/9,498,656 (0.2%)
  21,600/9,498,656 (0.2%)
  21,608/9,498,656 (0.2%)
  21,616/9,498,656 (0.2%)
  21,624/9,498,656 (0.2%)
  21,632/9,498,656 (0.2%)
  21,640/9,498,656 (0.2%)
  21,648/9,498,656 (0.2%)
  21,656/9,498,656 (0.2%)
  21,664/9,498,656 (0.2%)
  21,672/9,498,656 (0.2%)
  [checkpoint saved]
  21,680/9,498,656 (0.2%)
  21,688/9,498,656 (0.2%)
  21,696/9,498,656 (0.2%)
  21,704/9,498,656 (0.2%)
  21,712/9,498,656 (0.2%)
  21,720/9,498,656 (0.2%)
  21,728/9,498,656 (0.2%)
  21,736/9,498,656 (0.2%)
  21,744/9,498,656 (0.2%)
  21,752/9,498,656 (0.2%)
  21,760/9,498,656 (0.2%)
  21,768/9,498,656 (0.2%)
  21,776/9,498,656 (0.2%)
  21,784/9,498,656 (0.2%)
  21,792/9,498,656 (0.2%)
  21,800/9,498,656 (0.2%)
  21,808/9,498,656 (0.2%)
  21,816/9,498,656 (0.2%)
  21,824/9,498,656 (0.2%)
  21,832/9,498,656 (0.2%)
  21,840/9,498,656 (0.2%)
  21,848/9,498,656 (0.2%)
  21,856/9,498,656 (0.2%)
  21,864/9,498,656 (0.2%)
  21,872/9,498,656 (0.2%)
  21,880/9,498,656 (0.2%)
  21,888/9,498,656 (0.2%)
  21,896/9,498,656 (0.2%)
  21,904/9,498,656 (0.2%)
  21,912/9,498,656 (0.2%)
  21,920/9,498,656 (0.2%)
  21,928/9,498,656 (0.2%)
  21,936/9,498,656 (0.2%)
  21,944/9,498,656 (0.2%)
  21,952/9,498,656 (0.2%)
  21,960/9,498,656 (0.2%)
  21,968/9,498,656 (0.2%)
  21,976/9,498,656 (0.2%)
  21,984/9,498,656 (0.2%)
  21,992/9,498,656 (0.2%)
  22,000/9,498,656 (0.2%)
  22,008/9,498,656 (0.2%)
  22,016/9,498,656 (0.2%)
  22,024/9,498,656 (0.2%)
  22,032/9,498,656 (0.2%)
  22,040/9,498,656 (0.2%)
  22,048/9,498,656 (0.2%)
  22,056/9,498,656 (0.2%)
  22,064/9,498,656 (0.2%)
  22,072/9,498,656 (0.2%)
  22,080/9,498,656 (0.2%)
  22,088/9,498,656 (0.2%)
  22,096/9,498,656 (0.2%)
  22,104/9,498,656 (0.2%)
  22,112/9,498,656 (0.2%)
  22,120/9,498,656 (0.2%)
  22,128/9,498,656 (0.2%)
  22,136/9,498,656 (0.2%)
  22,144/9,498,656 (0.2%)
  22,152/9,498,656 (0.2%)
  22,160/9,498,656 (0.2%)
  22,168/9,498,656 (0.2%)
  22,176/9,498,656 (0.2%)
  [checkpoint saved]
  22,184/9,498,656 (0.2%)
  22,192/9,498,656 (0.2%)
  22,200/9,498,656 (0.2%)
  22,208/9,498,656 (0.2%)
  22,216/9,498,656 (0.2%)
  22,224/9,498,656 (0.2%)
  22,232/9,498,656 (0.2%)
  22,240/9,498,656 (0.2%)
  22,248/9,498,656 (0.2%)
  22,256/9,498,656 (0.2%)
  22,264/9,498,656 (0.2%)
  22,272/9,498,656 (0.2%)
  22,280/9,498,656 (0.2%)
  22,288/9,498,656 (0.2%)
  22,296/9,498,656 (0.2%)
  22,304/9,498,656 (0.2%)
  22,312/9,498,656 (0.2%)
  22,320/9,498,656 (0.2%)
  22,328/9,498,656 (0.2%)
  22,336/9,498,656 (0.2%)
  22,344/9,498,656 (0.2%)
  22,352/9,498,656 (0.2%)
  22,360/9,498,656 (0.2%)
  22,368/9,498,656 (0.2%)
  22,376/9,498,656 (0.2%)
  22,384/9,498,656 (0.2%)
  22,392/9,498,656 (0.2%)
  22,400/9,498,656 (0.2%)
  22,408/9,498,656 (0.2%)
  22,416/9,498,656 (0.2%)
  22,424/9,498,656 (0.2%)
  22,432/9,498,656 (0.2%)
  22,440/9,498,656 (0.2%)
  22,448/9,498,656 (0.2%)
  22,456/9,498,656 (0.2%)
  22,464/9,498,656 (0.2%)
  22,472/9,498,656 (0.2%)
  22,480/9,498,656 (0.2%)
  22,488/9,498,656 (0.2%)
  22,496/9,498,656 (0.2%)
  22,504/9,498,656 (0.2%)
  22,512/9,498,656 (0.2%)
  22,520/9,498,656 (0.2%)
  22,528/9,498,656 (0.2%)
  22,536/9,498,656 (0.2%)
  22,544/9,498,656 (0.2%)
  22,552/9,498,656 (0.2%)
  22,560/9,498,656 (0.2%)
  22,568/9,498,656 (0.2%)
  22,576/9,498,656 (0.2%)
  22,584/9,498,656 (0.2%)
  22,592/9,498,656 (0.2%)
  22,600/9,498,656 (0.2%)
  22,608/9,498,656 (0.2%)
  22,616/9,498,656 (0.2%)
  22,624/9,498,656 (0.2%)
  22,632/9,498,656 (0.2%)
  22,640/9,498,656 (0.2%)
  22,648/9,498,656 (0.2%)
  22,656/9,498,656 (0.2%)
  22,664/9,498,656 (0.2%)
  22,672/9,498,656 (0.2%)
  22,680/9,498,656 (0.2%)
  [checkpoint saved]
  22,688/9,498,656 (0.2%)
  22,696/9,498,656 (0.2%)
  22,704/9,498,656 (0.2%)
  22,712/9,498,656 (0.2%)
  22,720/9,498,656 (0.2%)
  22,728/9,498,656 (0.2%)
  22,736/9,498,656 (0.2%)
  22,744/9,498,656 (0.2%)
  22,752/9,498,656 (0.2%)
  22,760/9,498,656 (0.2%)
  22,768/9,498,656 (0.2%)
  22,776/9,498,656 (0.2%)
  22,784/9,498,656 (0.2%)
  22,792/9,498,656 (0.2%)
  22,800/9,498,656 (0.2%)
  22,808/9,498,656 (0.2%)
  22,816/9,498,656 (0.2%)
  22,824/9,498,656 (0.2%)
  22,832/9,498,656 (0.2%)
  22,840/9,498,656 (0.2%)
  22,848/9,498,656 (0.2%)
  22,856/9,498,656 (0.2%)
  22,864/9,498,656 (0.2%)
  22,872/9,498,656 (0.2%)
  22,880/9,498,656 (0.2%)
  22,888/9,498,656 (0.2%)
  22,896/9,498,656 (0.2%)
  22,904/9,498,656 (0.2%)
  22,912/9,498,656 (0.2%)
  22,920/9,498,656 (0.2%)
  22,928/9,498,656 (0.2%)
  22,936/9,498,656 (0.2%)
  22,944/9,498,656 (0.2%)
  22,952/9,498,656 (0.2%)
  22,960/9,498,656 (0.2%)
  22,968/9,498,656 (0.2%)
  22,976/9,498,656 (0.2%)
  22,984/9,498,656 (0.2%)
  22,992/9,498,656 (0.2%)
  23,000/9,498,656 (0.2%)
  23,008/9,498,656 (0.2%)
  23,016/9,498,656 (0.2%)
  23,024/9,498,656 (0.2%)
  23,032/9,498,656 (0.2%)
  23,040/9,498,656 (0.2%)
  23,048/9,498,656 (0.2%)
  23,056/9,498,656 (0.2%)
  23,064/9,498,656 (0.2%)
  23,072/9,498,656 (0.2%)
  23,080/9,498,656 (0.2%)
  23,088/9,498,656 (0.2%)
  23,096/9,498,656 (0.2%)
  23,104/9,498,656 (0.2%)
  23,112/9,498,656 (0.2%)
  23,120/9,498,656 (0.2%)
  23,128/9,498,656 (0.2%)
  23,136/9,498,656 (0.2%)
  23,144/9,498,656 (0.2%)
  23,152/9,498,656 (0.2%)
  23,160/9,498,656 (0.2%)
  23,168/9,498,656 (0.2%)
  23,176/9,498,656 (0.2%)
  23,184/9,498,656 (0.2%)
  [checkpoint saved]
  23,192/9,498,656 (0.2%)
  23,200/9,498,656 (0.2%)
  23,208/9,498,656 (0.2%)
  23,216/9,498,656 (0.2%)
  23,224/9,498,656 (0.2%)
  23,232/9,498,656 (0.2%)
  23,240/9,498,656 (0.2%)
  23,248/9,498,656 (0.2%)
  23,256/9,498,656 (0.2%)
  23,264/9,498,656 (0.2%)
  23,272/9,498,656 (0.2%)
  23,280/9,498,656 (0.2%)
  23,288/9,498,656 (0.2%)
  23,296/9,498,656 (0.2%)
  23,304/9,498,656 (0.2%)
  23,312/9,498,656 (0.2%)
  23,320/9,498,656 (0.2%)
  23,328/9,498,656 (0.2%)
  23,336/9,498,656 (0.2%)
  23,344/9,498,656 (0.2%)
  23,352/9,498,656 (0.2%)
  23,360/9,498,656 (0.2%)
  23,368/9,498,656 (0.2%)
  23,376/9,498,656 (0.2%)
  23,384/9,498,656 (0.2%)
  23,392/9,498,656 (0.2%)
  23,400/9,498,656 (0.2%)
  23,408/9,498,656 (0.2%)
  23,416/9,498,656 (0.2%)
  23,424/9,498,656 (0.2%)
  23,432/9,498,656 (0.2%)
  23,440/9,498,656 (0.2%)
  23,448/9,498,656 (0.2%)
  23,456/9,498,656 (0.2%)
  23,464/9,498,656 (0.2%)
  23,472/9,498,656 (0.2%)
  23,480/9,498,656 (0.2%)
  23,488/9,498,656 (0.2%)
  23,496/9,498,656 (0.2%)
  23,504/9,498,656 (0.2%)
  23,512/9,498,656 (0.2%)
  23,520/9,498,656 (0.2%)
  23,528/9,498,656 (0.2%)
  23,536/9,498,656 (0.2%)
  23,544/9,498,656 (0.2%)
  23,552/9,498,656 (0.2%)
  23,560/9,498,656 (0.2%)
  23,568/9,498,656 (0.2%)
  23,576/9,498,656 (0.2%)
  23,584/9,498,656 (0.2%)
  23,592/9,498,656 (0.2%)
  23,600/9,498,656 (0.2%)
  23,608/9,498,656 (0.2%)
  23,616/9,498,656 (0.2%)
  23,624/9,498,656 (0.2%)
  23,632/9,498,656 (0.2%)
  23,640/9,498,656 (0.2%)
  23,648/9,498,656 (0.2%)
  23,656/9,498,656 (0.2%)
  23,664/9,498,656 (0.2%)
  23,672/9,498,656 (0.2%)
  23,680/9,498,656 (0.2%)
  23,688/9,498,656 (0.2%)
  [checkpoint saved]
  23,696/9,498,656 (0.2%)
  23,704/9,498,656 (0.2%)
  23,712/9,498,656 (0.2%)
  23,720/9,498,656 (0.2%)
  23,728/9,498,656 (0.2%)
  23,736/9,498,656 (0.2%)
  23,744/9,498,656 (0.2%)
  23,752/9,498,656 (0.3%)
  23,760/9,498,656 (0.3%)
  23,768/9,498,656 (0.3%)
  23,776/9,498,656 (0.3%)
  23,784/9,498,656 (0.3%)
  23,792/9,498,656 (0.3%)
  23,800/9,498,656 (0.3%)
  23,808/9,498,656 (0.3%)
  23,816/9,498,656 (0.3%)
  23,824/9,498,656 (0.3%)
  23,832/9,498,656 (0.3%)
  23,840/9,498,656 (0.3%)
  23,848/9,498,656 (0.3%)
  23,856/9,498,656 (0.3%)
  23,864/9,498,656 (0.3%)
  23,872/9,498,656 (0.3%)
  23,880/9,498,656 (0.3%)
  23,888/9,498,656 (0.3%)
  23,896/9,498,656 (0.3%)
  23,904/9,498,656 (0.3%)
  23,912/9,498,656 (0.3%)
  23,920/9,498,656 (0.3%)
  23,928/9,498,656 (0.3%)
  23,936/9,498,656 (0.3%)
  23,944/9,498,656 (0.3%)
  23,952/9,498,656 (0.3%)
  23,960/9,498,656 (0.3%)
  23,968/9,498,656 (0.3%)
  23,976/9,498,656 (0.3%)
  23,984/9,498,656 (0.3%)
  23,992/9,498,656 (0.3%)
  24,000/9,498,656 (0.3%)
  24,008/9,498,656 (0.3%)
  24,016/9,498,656 (0.3%)
  24,024/9,498,656 (0.3%)
  24,032/9,498,656 (0.3%)
  24,040/9,498,656 (0.3%)
  24,048/9,498,656 (0.3%)
  24,056/9,498,656 (0.3%)
  24,064/9,498,656 (0.3%)
  24,072/9,498,656 (0.3%)
  24,080/9,498,656 (0.3%)
  24,088/9,498,656 (0.3%)
  24,096/9,498,656 (0.3%)
  24,104/9,498,656 (0.3%)
  24,112/9,498,656 (0.3%)
  24,120/9,498,656 (0.3%)
  24,128/9,498,656 (0.3%)
  24,136/9,498,656 (0.3%)
  24,144/9,498,656 (0.3%)
  24,152/9,498,656 (0.3%)
  24,160/9,498,656 (0.3%)
  24,168/9,498,656 (0.3%)
  24,176/9,498,656 (0.3%)
  24,184/9,498,656 (0.3%)
  24,192/9,498,656 (0.3%)
  [checkpoint saved]
  24,200/9,498,656 (0.3%)
  24,208/9,498,656 (0.3%)
  24,216/9,498,656 (0.3%)
  24,224/9,498,656 (0.3%)
  24,232/9,498,656 (0.3%)
  24,240/9,498,656 (0.3%)
  24,248/9,498,656 (0.3%)
  24,256/9,498,656 (0.3%)
  24,264/9,498,656 (0.3%)
  24,272/9,498,656 (0.3%)
  24,280/9,498,656 (0.3%)
  24,288/9,498,656 (0.3%)
  24,296/9,498,656 (0.3%)
  24,304/9,498,656 (0.3%)
  24,312/9,498,656 (0.3%)
  24,320/9,498,656 (0.3%)
  24,328/9,498,656 (0.3%)
  24,336/9,498,656 (0.3%)
  24,344/9,498,656 (0.3%)
  24,352/9,498,656 (0.3%)
  24,360/9,498,656 (0.3%)
  24,368/9,498,656 (0.3%)
  24,376/9,498,656 (0.3%)
  24,384/9,498,656 (0.3%)
  24,392/9,498,656 (0.3%)
  24,400/9,498,656 (0.3%)
  24,408/9,498,656 (0.3%)
  24,416/9,498,656 (0.3%)
  24,424/9,498,656 (0.3%)
  24,432/9,498,656 (0.3%)
  24,440/9,498,656 (0.3%)
  24,448/9,498,656 (0.3%)
  24,456/9,498,656 (0.3%)
  24,464/9,498,656 (0.3%)
  24,472/9,498,656 (0.3%)
  24,480/9,498,656 (0.3%)
  24,488/9,498,656 (0.3%)
  24,496/9,498,656 (0.3%)
  24,504/9,498,656 (0.3%)
  24,512/9,498,656 (0.3%)
  24,520/9,498,656 (0.3%)
  24,528/9,498,656 (0.3%)
  24,536/9,498,656 (0.3%)
  24,544/9,498,656 (0.3%)
  24,552/9,498,656 (0.3%)
  24,560/9,498,656 (0.3%)
  24,568/9,498,656 (0.3%)
  24,576/9,498,656 (0.3%)
  24,584/9,498,656 (0.3%)
  24,592/9,498,656 (0.3%)
  24,600/9,498,656 (0.3%)
  24,608/9,498,656 (0.3%)
  24,616/9,498,656 (0.3%)
  24,624/9,498,656 (0.3%)
  24,632/9,498,656 (0.3%)
  24,640/9,498,656 (0.3%)
  24,648/9,498,656 (0.3%)
  24,656/9,498,656 (0.3%)
  24,664/9,498,656 (0.3%)
  24,672/9,498,656 (0.3%)
  24,680/9,498,656 (0.3%)
  24,688/9,498,656 (0.3%)
  24,696/9,498,656 (0.3%)
  [checkpoint saved]
  24,704/9,498,656 (0.3%)
  24,712/9,498,656 (0.3%)
  24,720/9,498,656 (0.3%)
  24,728/9,498,656 (0.3%)
  24,736/9,498,656 (0.3%)
  24,744/9,498,656 (0.3%)
  24,752/9,498,656 (0.3%)
  24,760/9,498,656 (0.3%)
  24,768/9,498,656 (0.3%)
  24,776/9,498,656 (0.3%)
  24,784/9,498,656 (0.3%)
  24,792/9,498,656 (0.3%)
  24,800/9,498,656 (0.3%)
  24,808/9,498,656 (0.3%)
  24,816/9,498,656 (0.3%)
  24,824/9,498,656 (0.3%)
  24,832/9,498,656 (0.3%)
  24,840/9,498,656 (0.3%)
  24,848/9,498,656 (0.3%)
  24,856/9,498,656 (0.3%)
  24,864/9,498,656 (0.3%)
  24,872/9,498,656 (0.3%)
  24,880/9,498,656 (0.3%)
  24,888/9,498,656 (0.3%)
  24,896/9,498,656 (0.3%)
  24,904/9,498,656 (0.3%)
  24,912/9,498,656 (0.3%)
  24,920/9,498,656 (0.3%)
  24,928/9,498,656 (0.3%)
  24,936/9,498,656 (0.3%)
  24,944/9,498,656 (0.3%)
  24,952/9,498,656 (0.3%)
  24,960/9,498,656 (0.3%)
  24,968/9,498,656 (0.3%)
  24,976/9,498,656 (0.3%)
  24,984/9,498,656 (0.3%)
  24,992/9,498,656 (0.3%)
  25,000/9,498,656 (0.3%)
  25,008/9,498,656 (0.3%)
  25,016/9,498,656 (0.3%)
  25,024/9,498,656 (0.3%)
  25,032/9,498,656 (0.3%)
  25,040/9,498,656 (0.3%)
  25,048/9,498,656 (0.3%)
  25,056/9,498,656 (0.3%)
  25,064/9,498,656 (0.3%)
  25,072/9,498,656 (0.3%)
  25,080/9,498,656 (0.3%)
  25,088/9,498,656 (0.3%)
  25,096/9,498,656 (0.3%)
  25,104/9,498,656 (0.3%)
  25,112/9,498,656 (0.3%)
  25,120/9,498,656 (0.3%)
  25,128/9,498,656 (0.3%)
  25,136/9,498,656 (0.3%)
  25,144/9,498,656 (0.3%)
  25,152/9,498,656 (0.3%)
  25,160/9,498,656 (0.3%)
  25,168/9,498,656 (0.3%)
  25,176/9,498,656 (0.3%)
  25,184/9,498,656 (0.3%)
  25,192/9,498,656 (0.3%)
  25,200/9,498,656 (0.3%)
  [checkpoint saved]
  25,208/9,498,656 (0.3%)
  25,216/9,498,656 (0.3%)
  25,224/9,498,656 (0.3%)
  25,232/9,498,656 (0.3%)
  25,240/9,498,656 (0.3%)
  25,248/9,498,656 (0.3%)
  25,256/9,498,656 (0.3%)
  25,264/9,498,656 (0.3%)
  25,272/9,498,656 (0.3%)
  25,280/9,498,656 (0.3%)
  25,288/9,498,656 (0.3%)
  25,296/9,498,656 (0.3%)
  25,304/9,498,656 (0.3%)
  25,312/9,498,656 (0.3%)
  25,320/9,498,656 (0.3%)
  25,328/9,498,656 (0.3%)
  25,336/9,498,656 (0.3%)
  25,344/9,498,656 (0.3%)
  25,352/9,498,656 (0.3%)
  25,360/9,498,656 (0.3%)
  25,368/9,498,656 (0.3%)
  25,376/9,498,656 (0.3%)
  25,384/9,498,656 (0.3%)
  25,392/9,498,656 (0.3%)
  25,400/9,498,656 (0.3%)
  25,408/9,498,656 (0.3%)
  25,416/9,498,656 (0.3%)
  25,424/9,498,656 (0.3%)
  25,432/9,498,656 (0.3%)
  25,440/9,498,656 (0.3%)
  25,448/9,498,656 (0.3%)
  25,456/9,498,656 (0.3%)
  25,464/9,498,656 (0.3%)
  25,472/9,498,656 (0.3%)
  25,480/9,498,656 (0.3%)
  25,488/9,498,656 (0.3%)
  25,496/9,498,656 (0.3%)
  25,504/9,498,656 (0.3%)
  25,512/9,498,656 (0.3%)
  25,520/9,498,656 (0.3%)
  25,528/9,498,656 (0.3%)
  25,536/9,498,656 (0.3%)
  25,544/9,498,656 (0.3%)
  25,552/9,498,656 (0.3%)
  25,560/9,498,656 (0.3%)
  25,568/9,498,656 (0.3%)
  25,576/9,498,656 (0.3%)
  25,584/9,498,656 (0.3%)
  25,592/9,498,656 (0.3%)
  25,600/9,498,656 (0.3%)
  25,608/9,498,656 (0.3%)
  25,616/9,498,656 (0.3%)
  25,624/9,498,656 (0.3%)
  25,632/9,498,656 (0.3%)
  25,640/9,498,656 (0.3%)
  25,648/9,498,656 (0.3%)
  25,656/9,498,656 (0.3%)
  25,664/9,498,656 (0.3%)
  25,672/9,498,656 (0.3%)
  25,680/9,498,656 (0.3%)
  25,688/9,498,656 (0.3%)
  25,696/9,498,656 (0.3%)
  25,704/9,498,656 (0.3%)
  [checkpoint saved]
  25,712/9,498,656 (0.3%)
  25,720/9,498,656 (0.3%)
  25,728/9,498,656 (0.3%)
  25,736/9,498,656 (0.3%)
  25,744/9,498,656 (0.3%)
  25,752/9,498,656 (0.3%)
  25,760/9,498,656 (0.3%)
  25,768/9,498,656 (0.3%)
  25,776/9,498,656 (0.3%)
  25,784/9,498,656 (0.3%)
  25,792/9,498,656 (0.3%)
  25,800/9,498,656 (0.3%)
  25,808/9,498,656 (0.3%)
  25,816/9,498,656 (0.3%)
  25,824/9,498,656 (0.3%)
  25,832/9,498,656 (0.3%)
  25,840/9,498,656 (0.3%)
  25,848/9,498,656 (0.3%)
  25,856/9,498,656 (0.3%)
  25,864/9,498,656 (0.3%)
  25,872/9,498,656 (0.3%)
  25,880/9,498,656 (0.3%)
  25,888/9,498,656 (0.3%)
  25,896/9,498,656 (0.3%)
  25,904/9,498,656 (0.3%)
  25,912/9,498,656 (0.3%)
  25,920/9,498,656 (0.3%)
  25,928/9,498,656 (0.3%)
  25,936/9,498,656 (0.3%)
  25,944/9,498,656 (0.3%)
  25,952/9,498,656 (0.3%)
  25,960/9,498,656 (0.3%)
  25,968/9,498,656 (0.3%)
  25,976/9,498,656 (0.3%)
  25,984/9,498,656 (0.3%)
  25,992/9,498,656 (0.3%)
  26,000/9,498,656 (0.3%)
  26,008/9,498,656 (0.3%)
  26,016/9,498,656 (0.3%)
  26,024/9,498,656 (0.3%)
  26,032/9,498,656 (0.3%)
  26,040/9,498,656 (0.3%)
  26,048/9,498,656 (0.3%)
  26,056/9,498,656 (0.3%)
  26,064/9,498,656 (0.3%)
  26,072/9,498,656 (0.3%)
  26,080/9,498,656 (0.3%)
  26,088/9,498,656 (0.3%)
  26,096/9,498,656 (0.3%)
  26,104/9,498,656 (0.3%)
  26,112/9,498,656 (0.3%)
  26,120/9,498,656 (0.3%)
  26,128/9,498,656 (0.3%)
  26,136/9,498,656 (0.3%)
  26,144/9,498,656 (0.3%)
  26,152/9,498,656 (0.3%)
  26,160/9,498,656 (0.3%)
  26,168/9,498,656 (0.3%)
  26,176/9,498,656 (0.3%)
  26,184/9,498,656 (0.3%)
  26,192/9,498,656 (0.3%)
  26,200/9,498,656 (0.3%)
  26,208/9,498,656 (0.3%)
  [checkpoint saved]
  26,216/9,498,656 (0.3%)
  26,224/9,498,656 (0.3%)
  26,232/9,498,656 (0.3%)
  26,240/9,498,656 (0.3%)
  26,248/9,498,656 (0.3%)
  26,256/9,498,656 (0.3%)
  26,264/9,498,656 (0.3%)
  26,272/9,498,656 (0.3%)
  26,280/9,498,656 (0.3%)
  26,288/9,498,656 (0.3%)
  26,296/9,498,656 (0.3%)
  26,304/9,498,656 (0.3%)
  26,312/9,498,656 (0.3%)
  26,320/9,498,656 (0.3%)
  26,328/9,498,656 (0.3%)
  26,336/9,498,656 (0.3%)
  26,344/9,498,656 (0.3%)
  26,352/9,498,656 (0.3%)
  26,360/9,498,656 (0.3%)
  26,368/9,498,656 (0.3%)
  26,376/9,498,656 (0.3%)
  26,384/9,498,656 (0.3%)
  26,392/9,498,656 (0.3%)
  26,400/9,498,656 (0.3%)
  26,408/9,498,656 (0.3%)
  26,416/9,498,656 (0.3%)
  26,424/9,498,656 (0.3%)
  26,432/9,498,656 (0.3%)
  26,440/9,498,656 (0.3%)
  26,448/9,498,656 (0.3%)
  26,456/9,498,656 (0.3%)
  26,464/9,498,656 (0.3%)
  26,472/9,498,656 (0.3%)
  26,480/9,498,656 (0.3%)
  26,488/9,498,656 (0.3%)
  26,496/9,498,656 (0.3%)
  26,504/9,498,656 (0.3%)
  26,512/9,498,656 (0.3%)
  26,520/9,498,656 (0.3%)
  26,528/9,498,656 (0.3%)
  26,536/9,498,656 (0.3%)
  26,544/9,498,656 (0.3%)
  26,552/9,498,656 (0.3%)
  26,560/9,498,656 (0.3%)
  26,568/9,498,656 (0.3%)
  26,576/9,498,656 (0.3%)
  26,584/9,498,656 (0.3%)
  26,592/9,498,656 (0.3%)
  26,600/9,498,656 (0.3%)
  26,608/9,498,656 (0.3%)
  26,616/9,498,656 (0.3%)
  26,624/9,498,656 (0.3%)
  26,632/9,498,656 (0.3%)
  26,640/9,498,656 (0.3%)
  26,648/9,498,656 (0.3%)
  26,656/9,498,656 (0.3%)
  26,664/9,498,656 (0.3%)
  26,672/9,498,656 (0.3%)
  26,680/9,498,656 (0.3%)
  26,688/9,498,656 (0.3%)
  26,696/9,498,656 (0.3%)
  26,704/9,498,656 (0.3%)
  26,712/9,498,656 (0.3%)
  [checkpoint saved]
  26,720/9,498,656 (0.3%)
  26,728/9,498,656 (0.3%)
  26,736/9,498,656 (0.3%)
  26,744/9,498,656 (0.3%)
  26,752/9,498,656 (0.3%)
  26,760/9,498,656 (0.3%)
  26,768/9,498,656 (0.3%)
  26,776/9,498,656 (0.3%)
  26,784/9,498,656 (0.3%)
  26,792/9,498,656 (0.3%)
  26,800/9,498,656 (0.3%)
  26,808/9,498,656 (0.3%)
  26,816/9,498,656 (0.3%)
  26,824/9,498,656 (0.3%)
  26,832/9,498,656 (0.3%)
  26,840/9,498,656 (0.3%)
  26,848/9,498,656 (0.3%)
  26,856/9,498,656 (0.3%)
  26,864/9,498,656 (0.3%)
  26,872/9,498,656 (0.3%)
  26,880/9,498,656 (0.3%)
  26,888/9,498,656 (0.3%)
  26,896/9,498,656 (0.3%)
  26,904/9,498,656 (0.3%)
  26,912/9,498,656 (0.3%)
  26,920/9,498,656 (0.3%)
  26,928/9,498,656 (0.3%)
  26,936/9,498,656 (0.3%)
  26,944/9,498,656 (0.3%)
  26,952/9,498,656 (0.3%)
  26,960/9,498,656 (0.3%)
  26,968/9,498,656 (0.3%)
  26,976/9,498,656 (0.3%)
  26,984/9,498,656 (0.3%)
  26,992/9,498,656 (0.3%)
  27,000/9,498,656 (0.3%)
  27,008/9,498,656 (0.3%)
  27,016/9,498,656 (0.3%)
  27,024/9,498,656 (0.3%)
  27,032/9,498,656 (0.3%)
  27,040/9,498,656 (0.3%)
  27,048/9,498,656 (0.3%)
  27,056/9,498,656 (0.3%)
  27,064/9,498,656 (0.3%)
  27,072/9,498,656 (0.3%)
  27,080/9,498,656 (0.3%)
  27,088/9,498,656 (0.3%)
  27,096/9,498,656 (0.3%)
  27,104/9,498,656 (0.3%)
  27,112/9,498,656 (0.3%)
  27,120/9,498,656 (0.3%)
  27,128/9,498,656 (0.3%)
  27,136/9,498,656 (0.3%)
  27,144/9,498,656 (0.3%)
  27,152/9,498,656 (0.3%)
  27,160/9,498,656 (0.3%)
  27,168/9,498,656 (0.3%)
  27,176/9,498,656 (0.3%)
  27,184/9,498,656 (0.3%)
  27,192/9,498,656 (0.3%)
  27,200/9,498,656 (0.3%)
  27,208/9,498,656 (0.3%)
  27,216/9,498,656 (0.3%)
  [checkpoint saved]
  27,224/9,498,656 (0.3%)
  27,232/9,498,656 (0.3%)
  27,240/9,498,656 (0.3%)
  27,248/9,498,656 (0.3%)
  27,256/9,498,656 (0.3%)
  27,264/9,498,656 (0.3%)
  27,272/9,498,656 (0.3%)
  27,280/9,498,656 (0.3%)
  27,288/9,498,656 (0.3%)
  27,296/9,498,656 (0.3%)
  27,304/9,498,656 (0.3%)
  27,312/9,498,656 (0.3%)
  27,320/9,498,656 (0.3%)
  27,328/9,498,656 (0.3%)
  27,336/9,498,656 (0.3%)
  27,344/9,498,656 (0.3%)
  27,352/9,498,656 (0.3%)
  27,360/9,498,656 (0.3%)
  27,368/9,498,656 (0.3%)
  27,376/9,498,656 (0.3%)
  27,384/9,498,656 (0.3%)
  27,392/9,498,656 (0.3%)
  27,400/9,498,656 (0.3%)
  27,408/9,498,656 (0.3%)
  27,416/9,498,656 (0.3%)
  27,424/9,498,656 (0.3%)
  27,432/9,498,656 (0.3%)
  27,440/9,498,656 (0.3%)
  27,448/9,498,656 (0.3%)
  27,456/9,498,656 (0.3%)
  27,464/9,498,656 (0.3%)
  27,472/9,498,656 (0.3%)
  27,480/9,498,656 (0.3%)
  27,488/9,498,656 (0.3%)
  27,496/9,498,656 (0.3%)
  27,504/9,498,656 (0.3%)
  27,512/9,498,656 (0.3%)
  27,520/9,498,656 (0.3%)
  27,528/9,498,656 (0.3%)
  27,536/9,498,656 (0.3%)
  27,544/9,498,656 (0.3%)
  27,552/9,498,656 (0.3%)
  27,560/9,498,656 (0.3%)
  27,568/9,498,656 (0.3%)
  27,576/9,498,656 (0.3%)
  27,584/9,498,656 (0.3%)
  27,592/9,498,656 (0.3%)
  27,600/9,498,656 (0.3%)
  27,608/9,498,656 (0.3%)
  27,616/9,498,656 (0.3%)
  27,624/9,498,656 (0.3%)
  27,632/9,498,656 (0.3%)
  27,640/9,498,656 (0.3%)
  27,648/9,498,656 (0.3%)
  27,656/9,498,656 (0.3%)
  27,664/9,498,656 (0.3%)
  27,672/9,498,656 (0.3%)
  27,680/9,498,656 (0.3%)
  27,688/9,498,656 (0.3%)
  27,696/9,498,656 (0.3%)
  27,704/9,498,656 (0.3%)
  27,712/9,498,656 (0.3%)
  27,720/9,498,656 (0.3%)
  [checkpoint saved]
  27,728/9,498,656 (0.3%)
  27,736/9,498,656 (0.3%)
  27,744/9,498,656 (0.3%)
  27,752/9,498,656 (0.3%)
  27,760/9,498,656 (0.3%)
  27,768/9,498,656 (0.3%)
  27,776/9,498,656 (0.3%)
  27,784/9,498,656 (0.3%)
  27,792/9,498,656 (0.3%)
  27,800/9,498,656 (0.3%)
  27,808/9,498,656 (0.3%)
  27,816/9,498,656 (0.3%)
  27,824/9,498,656 (0.3%)
  27,832/9,498,656 (0.3%)
  27,840/9,498,656 (0.3%)
  27,848/9,498,656 (0.3%)
  27,856/9,498,656 (0.3%)
  27,864/9,498,656 (0.3%)
  27,872/9,498,656 (0.3%)
  27,880/9,498,656 (0.3%)
  27,888/9,498,656 (0.3%)
  27,896/9,498,656 (0.3%)
  27,904/9,498,656 (0.3%)
  27,912/9,498,656 (0.3%)
  27,920/9,498,656 (0.3%)
  27,928/9,498,656 (0.3%)
  27,936/9,498,656 (0.3%)
  27,944/9,498,656 (0.3%)
  27,952/9,498,656 (0.3%)
  27,960/9,498,656 (0.3%)
  27,968/9,498,656 (0.3%)
  27,976/9,498,656 (0.3%)
  27,984/9,498,656 (0.3%)
  27,992/9,498,656 (0.3%)
  28,000/9,498,656 (0.3%)
  28,008/9,498,656 (0.3%)
  28,016/9,498,656 (0.3%)
  28,024/9,498,656 (0.3%)
  28,032/9,498,656 (0.3%)
  28,040/9,498,656 (0.3%)
  28,048/9,498,656 (0.3%)
  28,056/9,498,656 (0.3%)
  28,064/9,498,656 (0.3%)
  28,072/9,498,656 (0.3%)
  28,080/9,498,656 (0.3%)
  28,088/9,498,656 (0.3%)
  28,096/9,498,656 (0.3%)
  28,104/9,498,656 (0.3%)
  28,112/9,498,656 (0.3%)
  28,120/9,498,656 (0.3%)
  28,128/9,498,656 (0.3%)
  28,136/9,498,656 (0.3%)
  28,144/9,498,656 (0.3%)
  28,152/9,498,656 (0.3%)
  28,160/9,498,656 (0.3%)
  28,168/9,498,656 (0.3%)
  28,176/9,498,656 (0.3%)
  28,184/9,498,656 (0.3%)
  28,192/9,498,656 (0.3%)
  28,200/9,498,656 (0.3%)
  28,208/9,498,656 (0.3%)
  28,216/9,498,656 (0.3%)
  28,224/9,498,656 (0.3%)
  [checkpoint saved]
  28,232/9,498,656 (0.3%)
  28,240/9,498,656 (0.3%)
  28,248/9,498,656 (0.3%)
  28,256/9,498,656 (0.3%)
  28,264/9,498,656 (0.3%)
  28,272/9,498,656 (0.3%)
  28,280/9,498,656 (0.3%)
  28,288/9,498,656 (0.3%)
  28,296/9,498,656 (0.3%)
  28,304/9,498,656 (0.3%)
  28,312/9,498,656 (0.3%)
  28,320/9,498,656 (0.3%)
  28,328/9,498,656 (0.3%)
  28,336/9,498,656 (0.3%)
  28,344/9,498,656 (0.3%)
  28,352/9,498,656 (0.3%)
  28,360/9,498,656 (0.3%)
  28,368/9,498,656 (0.3%)
  28,376/9,498,656 (0.3%)
  28,384/9,498,656 (0.3%)
  28,392/9,498,656 (0.3%)
  28,400/9,498,656 (0.3%)
  28,408/9,498,656 (0.3%)
  28,416/9,498,656 (0.3%)
  28,424/9,498,656 (0.3%)
  28,432/9,498,656 (0.3%)
  28,440/9,498,656 (0.3%)
  28,448/9,498,656 (0.3%)
  28,456/9,498,656 (0.3%)
  28,464/9,498,656 (0.3%)
  28,472/9,498,656 (0.3%)
  28,480/9,498,656 (0.3%)
  28,488/9,498,656 (0.3%)
  28,496/9,498,656 (0.3%)
  28,504/9,498,656 (0.3%)
  28,512/9,498,656 (0.3%)
  28,520/9,498,656 (0.3%)
  28,528/9,498,656 (0.3%)
  28,536/9,498,656 (0.3%)
  28,544/9,498,656 (0.3%)
  28,552/9,498,656 (0.3%)
  28,560/9,498,656 (0.3%)
  28,568/9,498,656 (0.3%)
  28,576/9,498,656 (0.3%)
  28,584/9,498,656 (0.3%)
  28,592/9,498,656 (0.3%)
  28,600/9,498,656 (0.3%)
  28,608/9,498,656 (0.3%)
  28,616/9,498,656 (0.3%)
  28,624/9,498,656 (0.3%)
  28,632/9,498,656 (0.3%)
  28,640/9,498,656 (0.3%)
  28,648/9,498,656 (0.3%)
  28,656/9,498,656 (0.3%)
  28,664/9,498,656 (0.3%)
  28,672/9,498,656 (0.3%)
  28,680/9,498,656 (0.3%)
  28,688/9,498,656 (0.3%)
  28,696/9,498,656 (0.3%)
  28,704/9,498,656 (0.3%)
  28,712/9,498,656 (0.3%)
  28,720/9,498,656 (0.3%)
  28,728/9,498,656 (0.3%)
  [checkpoint saved]
  28,736/9,498,656 (0.3%)
  28,744/9,498,656 (0.3%)
  28,752/9,498,656 (0.3%)
  28,760/9,498,656 (0.3%)
  28,768/9,498,656 (0.3%)
  28,776/9,498,656 (0.3%)
  28,784/9,498,656 (0.3%)
  28,792/9,498,656 (0.3%)
  28,800/9,498,656 (0.3%)
  28,808/9,498,656 (0.3%)
  28,816/9,498,656 (0.3%)
  28,824/9,498,656 (0.3%)
  28,832/9,498,656 (0.3%)
  28,840/9,498,656 (0.3%)
  28,848/9,498,656 (0.3%)
  28,856/9,498,656 (0.3%)
  28,864/9,498,656 (0.3%)
  28,872/9,498,656 (0.3%)
  28,880/9,498,656 (0.3%)
  28,888/9,498,656 (0.3%)
  28,896/9,498,656 (0.3%)
  28,904/9,498,656 (0.3%)
  28,912/9,498,656 (0.3%)
  28,920/9,498,656 (0.3%)
  28,928/9,498,656 (0.3%)
  28,936/9,498,656 (0.3%)
  28,944/9,498,656 (0.3%)
  28,952/9,498,656 (0.3%)
  28,960/9,498,656 (0.3%)
  28,968/9,498,656 (0.3%)
  28,976/9,498,656 (0.3%)
  28,984/9,498,656 (0.3%)
  28,992/9,498,656 (0.3%)
  29,000/9,498,656 (0.3%)
  29,008/9,498,656 (0.3%)
  29,016/9,498,656 (0.3%)
  29,024/9,498,656 (0.3%)
  29,032/9,498,656 (0.3%)
  29,040/9,498,656 (0.3%)
  29,048/9,498,656 (0.3%)
  29,056/9,498,656 (0.3%)
  29,064/9,498,656 (0.3%)
  29,072/9,498,656 (0.3%)
  29,080/9,498,656 (0.3%)
  29,088/9,498,656 (0.3%)
  29,096/9,498,656 (0.3%)
  29,104/9,498,656 (0.3%)
  29,112/9,498,656 (0.3%)
  29,120/9,498,656 (0.3%)
  29,128/9,498,656 (0.3%)
  29,136/9,498,656 (0.3%)
  29,144/9,498,656 (0.3%)
  29,152/9,498,656 (0.3%)
  29,160/9,498,656 (0.3%)
  29,168/9,498,656 (0.3%)
  29,176/9,498,656 (0.3%)
  29,184/9,498,656 (0.3%)
  29,192/9,498,656 (0.3%)
  29,200/9,498,656 (0.3%)
  29,208/9,498,656 (0.3%)
  29,216/9,498,656 (0.3%)
  29,224/9,498,656 (0.3%)
  29,232/9,498,656 (0.3%)
  [checkpoint saved]
  29,240/9,498,656 (0.3%)
  29,248/9,498,656 (0.3%)
  29,256/9,498,656 (0.3%)
  29,264/9,498,656 (0.3%)
  29,272/9,498,656 (0.3%)
  29,280/9,498,656 (0.3%)
  29,288/9,498,656 (0.3%)
  29,296/9,498,656 (0.3%)
  29,304/9,498,656 (0.3%)
  29,312/9,498,656 (0.3%)
  29,320/9,498,656 (0.3%)
  29,328/9,498,656 (0.3%)
  29,336/9,498,656 (0.3%)
  29,344/9,498,656 (0.3%)
  29,352/9,498,656 (0.3%)
  29,360/9,498,656 (0.3%)
  29,368/9,498,656 (0.3%)
  29,376/9,498,656 (0.3%)
  29,384/9,498,656 (0.3%)
  29,392/9,498,656 (0.3%)
  29,400/9,498,656 (0.3%)
  29,408/9,498,656 (0.3%)
  29,416/9,498,656 (0.3%)
  29,424/9,498,656 (0.3%)
  29,432/9,498,656 (0.3%)
  29,440/9,498,656 (0.3%)
  29,448/9,498,656 (0.3%)
  29,456/9,498,656 (0.3%)
  29,464/9,498,656 (0.3%)
  29,472/9,498,656 (0.3%)
  29,480/9,498,656 (0.3%)
  29,488/9,498,656 (0.3%)
  29,496/9,498,656 (0.3%)
  29,504/9,498,656 (0.3%)
  29,512/9,498,656 (0.3%)
  29,520/9,498,656 (0.3%)
  29,528/9,498,656 (0.3%)
  29,536/9,498,656 (0.3%)
  29,544/9,498,656 (0.3%)
  29,552/9,498,656 (0.3%)
  29,560/9,498,656 (0.3%)
  29,568/9,498,656 (0.3%)
  29,576/9,498,656 (0.3%)
  29,584/9,498,656 (0.3%)
  29,592/9,498,656 (0.3%)
  29,600/9,498,656 (0.3%)
  29,608/9,498,656 (0.3%)
  29,616/9,498,656 (0.3%)
  29,624/9,498,656 (0.3%)
  29,632/9,498,656 (0.3%)
  29,640/9,498,656 (0.3%)
  29,648/9,498,656 (0.3%)
  29,656/9,498,656 (0.3%)
  29,664/9,498,656 (0.3%)
  29,672/9,498,656 (0.3%)
  29,680/9,498,656 (0.3%)
  29,688/9,498,656 (0.3%)
  29,696/9,498,656 (0.3%)
  29,704/9,498,656 (0.3%)
  29,712/9,498,656 (0.3%)
  29,720/9,498,656 (0.3%)
  29,728/9,498,656 (0.3%)
  29,736/9,498,656 (0.3%)
  [checkpoint saved]
  29,744/9,498,656 (0.3%)
  29,752/9,498,656 (0.3%)
  29,760/9,498,656 (0.3%)
  29,768/9,498,656 (0.3%)
  29,776/9,498,656 (0.3%)
  29,784/9,498,656 (0.3%)
  29,792/9,498,656 (0.3%)
  29,800/9,498,656 (0.3%)
  29,808/9,498,656 (0.3%)
  29,816/9,498,656 (0.3%)
  29,824/9,498,656 (0.3%)
  29,832/9,498,656 (0.3%)
  29,840/9,498,656 (0.3%)
  29,848/9,498,656 (0.3%)
  29,856/9,498,656 (0.3%)
  29,864/9,498,656 (0.3%)
  29,872/9,498,656 (0.3%)
  29,880/9,498,656 (0.3%)
  29,888/9,498,656 (0.3%)
  29,896/9,498,656 (0.3%)
  29,904/9,498,656 (0.3%)
  29,912/9,498,656 (0.3%)
  29,920/9,498,656 (0.3%)
  29,928/9,498,656 (0.3%)
  29,936/9,498,656 (0.3%)
  29,944/9,498,656 (0.3%)
  29,952/9,498,656 (0.3%)
  29,960/9,498,656 (0.3%)
  29,968/9,498,656 (0.3%)
  29,976/9,498,656 (0.3%)
  29,984/9,498,656 (0.3%)
  29,992/9,498,656 (0.3%)
  30,000/9,498,656 (0.3%)
  30,008/9,498,656 (0.3%)
  30,016/9,498,656 (0.3%)
  30,024/9,498,656 (0.3%)
  30,032/9,498,656 (0.3%)
  30,040/9,498,656 (0.3%)
  30,048/9,498,656 (0.3%)
  30,056/9,498,656 (0.3%)
  30,064/9,498,656 (0.3%)
  30,072/9,498,656 (0.3%)
  30,080/9,498,656 (0.3%)
  30,088/9,498,656 (0.3%)
  30,096/9,498,656 (0.3%)
  30,104/9,498,656 (0.3%)
  30,112/9,498,656 (0.3%)
  30,120/9,498,656 (0.3%)
  30,128/9,498,656 (0.3%)
  30,136/9,498,656 (0.3%)
  30,144/9,498,656 (0.3%)
  30,152/9,498,656 (0.3%)
  30,160/9,498,656 (0.3%)
  30,168/9,498,656 (0.3%)
  30,176/9,498,656 (0.3%)
  30,184/9,498,656 (0.3%)
  30,192/9,498,656 (0.3%)
  30,200/9,498,656 (0.3%)
  30,208/9,498,656 (0.3%)
  30,216/9,498,656 (0.3%)
  30,224/9,498,656 (0.3%)
  30,232/9,498,656 (0.3%)
  30,240/9,498,656 (0.3%)
  [checkpoint saved]
  30,248/9,498,656 (0.3%)
  30,256/9,498,656 (0.3%)
  30,264/9,498,656 (0.3%)
  30,272/9,498,656 (0.3%)
  30,280/9,498,656 (0.3%)
  30,288/9,498,656 (0.3%)
  30,296/9,498,656 (0.3%)
  30,304/9,498,656 (0.3%)
  30,312/9,498,656 (0.3%)
  30,320/9,498,656 (0.3%)
  30,328/9,498,656 (0.3%)
  30,336/9,498,656 (0.3%)
  30,344/9,498,656 (0.3%)
  30,352/9,498,656 (0.3%)
  30,360/9,498,656 (0.3%)
  30,368/9,498,656 (0.3%)
  30,376/9,498,656 (0.3%)
  30,384/9,498,656 (0.3%)
  30,392/9,498,656 (0.3%)
  30,400/9,498,656 (0.3%)
  30,408/9,498,656 (0.3%)
  30,416/9,498,656 (0.3%)
  30,424/9,498,656 (0.3%)
  30,432/9,498,656 (0.3%)
  30,440/9,498,656 (0.3%)
  30,448/9,498,656 (0.3%)
  30,456/9,498,656 (0.3%)
  30,464/9,498,656 (0.3%)
  30,472/9,498,656 (0.3%)
  30,480/9,498,656 (0.3%)
  30,488/9,498,656 (0.3%)
  30,496/9,498,656 (0.3%)
  30,504/9,498,656 (0.3%)
  30,512/9,498,656 (0.3%)
  30,520/9,498,656 (0.3%)
  30,528/9,498,656 (0.3%)
  30,536/9,498,656 (0.3%)
  30,544/9,498,656 (0.3%)
  30,552/9,498,656 (0.3%)
  30,560/9,498,656 (0.3%)
  30,568/9,498,656 (0.3%)
  30,576/9,498,656 (0.3%)
  30,584/9,498,656 (0.3%)
  30,592/9,498,656 (0.3%)
  30,600/9,498,656 (0.3%)
  30,608/9,498,656 (0.3%)
  30,616/9,498,656 (0.3%)
  30,624/9,498,656 (0.3%)
  30,632/9,498,656 (0.3%)
  30,640/9,498,656 (0.3%)
  30,648/9,498,656 (0.3%)
  30,656/9,498,656 (0.3%)
  30,664/9,498,656 (0.3%)
  30,672/9,498,656 (0.3%)
  30,680/9,498,656 (0.3%)
  30,688/9,498,656 (0.3%)
  30,696/9,498,656 (0.3%)
  30,704/9,498,656 (0.3%)
  30,712/9,498,656 (0.3%)
  30,720/9,498,656 (0.3%)
  30,728/9,498,656 (0.3%)
  30,736/9,498,656 (0.3%)
  30,744/9,498,656 (0.3%)
  [checkpoint saved]
  30,752/9,498,656 (0.3%)
  30,760/9,498,656 (0.3%)
  30,768/9,498,656 (0.3%)
  30,776/9,498,656 (0.3%)
  30,784/9,498,656 (0.3%)
  30,792/9,498,656 (0.3%)
  30,800/9,498,656 (0.3%)
  30,808/9,498,656 (0.3%)
  30,816/9,498,656 (0.3%)
  30,824/9,498,656 (0.3%)
  30,832/9,498,656 (0.3%)
  30,840/9,498,656 (0.3%)
  30,848/9,498,656 (0.3%)
  30,856/9,498,656 (0.3%)
  30,864/9,498,656 (0.3%)
  30,872/9,498,656 (0.3%)
  30,880/9,498,656 (0.3%)
  30,888/9,498,656 (0.3%)
  30,896/9,498,656 (0.3%)
  30,904/9,498,656 (0.3%)
  30,912/9,498,656 (0.3%)
  30,920/9,498,656 (0.3%)
  30,928/9,498,656 (0.3%)
  30,936/9,498,656 (0.3%)
  30,944/9,498,656 (0.3%)
  30,952/9,498,656 (0.3%)
  30,960/9,498,656 (0.3%)
  30,968/9,498,656 (0.3%)
  30,976/9,498,656 (0.3%)
  30,984/9,498,656 (0.3%)
  30,992/9,498,656 (0.3%)
  31,000/9,498,656 (0.3%)
  31,008/9,498,656 (0.3%)
  31,016/9,498,656 (0.3%)
  31,024/9,498,656 (0.3%)
  31,032/9,498,656 (0.3%)
  31,040/9,498,656 (0.3%)
  31,048/9,498,656 (0.3%)
  31,056/9,498,656 (0.3%)
  31,064/9,498,656 (0.3%)
  31,072/9,498,656 (0.3%)
  31,080/9,498,656 (0.3%)
  31,088/9,498,656 (0.3%)
  31,096/9,498,656 (0.3%)
  31,104/9,498,656 (0.3%)
  31,112/9,498,656 (0.3%)
  31,120/9,498,656 (0.3%)
  31,128/9,498,656 (0.3%)
  31,136/9,498,656 (0.3%)
  31,144/9,498,656 (0.3%)
  31,152/9,498,656 (0.3%)
  31,160/9,498,656 (0.3%)
  31,168/9,498,656 (0.3%)
  31,176/9,498,656 (0.3%)
  31,184/9,498,656 (0.3%)
  31,192/9,498,656 (0.3%)
  31,200/9,498,656 (0.3%)
  31,208/9,498,656 (0.3%)
  31,216/9,498,656 (0.3%)
  31,224/9,498,656 (0.3%)
  31,232/9,498,656 (0.3%)
  31,240/9,498,656 (0.3%)
  31,248/9,498,656 (0.3%)
  [checkpoint saved]
  31,256/9,498,656 (0.3%)
  31,264/9,498,656 (0.3%)
  31,272/9,498,656 (0.3%)
  31,280/9,498,656 (0.3%)
  31,288/9,498,656 (0.3%)
  31,296/9,498,656 (0.3%)
  31,304/9,498,656 (0.3%)
  31,312/9,498,656 (0.3%)
  31,320/9,498,656 (0.3%)
  31,328/9,498,656 (0.3%)
  31,336/9,498,656 (0.3%)
  31,344/9,498,656 (0.3%)
  31,352/9,498,656 (0.3%)
  31,360/9,498,656 (0.3%)
  31,368/9,498,656 (0.3%)
  31,376/9,498,656 (0.3%)
  31,384/9,498,656 (0.3%)
  31,392/9,498,656 (0.3%)
  31,400/9,498,656 (0.3%)
  31,408/9,498,656 (0.3%)
  31,416/9,498,656 (0.3%)
  31,424/9,498,656 (0.3%)
  31,432/9,498,656 (0.3%)
  31,440/9,498,656 (0.3%)
  31,448/9,498,656 (0.3%)
  31,456/9,498,656 (0.3%)
  31,464/9,498,656 (0.3%)
  31,472/9,498,656 (0.3%)
  31,480/9,498,656 (0.3%)
  31,488/9,498,656 (0.3%)
  31,496/9,498,656 (0.3%)
  31,504/9,498,656 (0.3%)
  31,512/9,498,656 (0.3%)
  31,520/9,498,656 (0.3%)
  31,528/9,498,656 (0.3%)
  31,536/9,498,656 (0.3%)
  31,544/9,498,656 (0.3%)
  31,552/9,498,656 (0.3%)
  31,560/9,498,656 (0.3%)
  31,568/9,498,656 (0.3%)
  31,576/9,498,656 (0.3%)
  31,584/9,498,656 (0.3%)
  31,592/9,498,656 (0.3%)
  31,600/9,498,656 (0.3%)
  31,608/9,498,656 (0.3%)
  31,616/9,498,656 (0.3%)
  31,624/9,498,656 (0.3%)
  31,632/9,498,656 (0.3%)
  31,640/9,498,656 (0.3%)
  31,648/9,498,656 (0.3%)
  31,656/9,498,656 (0.3%)
  31,664/9,498,656 (0.3%)
  31,672/9,498,656 (0.3%)
  31,680/9,498,656 (0.3%)
  31,688/9,498,656 (0.3%)
  31,696/9,498,656 (0.3%)
  31,704/9,498,656 (0.3%)
  31,712/9,498,656 (0.3%)
  31,720/9,498,656 (0.3%)
  31,728/9,498,656 (0.3%)
  31,736/9,498,656 (0.3%)
  31,744/9,498,656 (0.3%)
  31,752/9,498,656 (0.3%)
  [checkpoint saved]
  31,760/9,498,656 (0.3%)
  31,768/9,498,656 (0.3%)
  31,776/9,498,656 (0.3%)
  31,784/9,498,656 (0.3%)
  31,792/9,498,656 (0.3%)
  31,800/9,498,656 (0.3%)
  31,808/9,498,656 (0.3%)
  31,816/9,498,656 (0.3%)
  31,824/9,498,656 (0.3%)
  31,832/9,498,656 (0.3%)
  31,840/9,498,656 (0.3%)
  31,848/9,498,656 (0.3%)
  31,856/9,498,656 (0.3%)
  31,864/9,498,656 (0.3%)
  31,872/9,498,656 (0.3%)
  31,880/9,498,656 (0.3%)
  31,888/9,498,656 (0.3%)
  31,896/9,498,656 (0.3%)
  31,904/9,498,656 (0.3%)
  31,912/9,498,656 (0.3%)
  31,920/9,498,656 (0.3%)
  31,928/9,498,656 (0.3%)
  31,936/9,498,656 (0.3%)
  31,944/9,498,656 (0.3%)
  31,952/9,498,656 (0.3%)
  31,960/9,498,656 (0.3%)
  31,968/9,498,656 (0.3%)
  31,976/9,498,656 (0.3%)
  31,984/9,498,656 (0.3%)
  31,992/9,498,656 (0.3%)
  32,000/9,498,656 (0.3%)
  32,008/9,498,656 (0.3%)
  32,016/9,498,656 (0.3%)
  32,024/9,498,656 (0.3%)
  32,032/9,498,656 (0.3%)
  32,040/9,498,656 (0.3%)
  32,048/9,498,656 (0.3%)
  32,056/9,498,656 (0.3%)
  32,064/9,498,656 (0.3%)
  32,072/9,498,656 (0.3%)
  32,080/9,498,656 (0.3%)
  32,088/9,498,656 (0.3%)
  32,096/9,498,656 (0.3%)
  32,104/9,498,656 (0.3%)
  32,112/9,498,656 (0.3%)
  32,120/9,498,656 (0.3%)
  32,128/9,498,656 (0.3%)
  32,136/9,498,656 (0.3%)
  32,144/9,498,656 (0.3%)
  32,152/9,498,656 (0.3%)
  32,160/9,498,656 (0.3%)
  32,168/9,498,656 (0.3%)
  32,176/9,498,656 (0.3%)
  32,184/9,498,656 (0.3%)
  32,192/9,498,656 (0.3%)
  32,200/9,498,656 (0.3%)
  32,208/9,498,656 (0.3%)
  32,216/9,498,656 (0.3%)
  32,224/9,498,656 (0.3%)
  32,232/9,498,656 (0.3%)
  32,240/9,498,656 (0.3%)
  32,248/9,498,656 (0.3%)
  32,256/9,498,656 (0.3%)
  [checkpoint saved]
  32,264/9,498,656 (0.3%)
  32,272/9,498,656 (0.3%)
  32,280/9,498,656 (0.3%)
  32,288/9,498,656 (0.3%)
  32,296/9,498,656 (0.3%)
  32,304/9,498,656 (0.3%)
  32,312/9,498,656 (0.3%)
  32,320/9,498,656 (0.3%)
  32,328/9,498,656 (0.3%)
  32,336/9,498,656 (0.3%)
  32,344/9,498,656 (0.3%)
  32,352/9,498,656 (0.3%)
  32,360/9,498,656 (0.3%)
  32,368/9,498,656 (0.3%)
  32,376/9,498,656 (0.3%)
  32,384/9,498,656 (0.3%)
  32,392/9,498,656 (0.3%)
  32,400/9,498,656 (0.3%)
  32,408/9,498,656 (0.3%)
  32,416/9,498,656 (0.3%)
  32,424/9,498,656 (0.3%)
  32,432/9,498,656 (0.3%)
  32,440/9,498,656 (0.3%)
  32,448/9,498,656 (0.3%)
  32,456/9,498,656 (0.3%)
  32,464/9,498,656 (0.3%)
  32,472/9,498,656 (0.3%)
  32,480/9,498,656 (0.3%)
  32,488/9,498,656 (0.3%)
  32,496/9,498,656 (0.3%)
  32,504/9,498,656 (0.3%)
  32,512/9,498,656 (0.3%)
  32,520/9,498,656 (0.3%)
  32,528/9,498,656 (0.3%)
  32,536/9,498,656 (0.3%)
  32,544/9,498,656 (0.3%)
  32,552/9,498,656 (0.3%)
  32,560/9,498,656 (0.3%)
  32,568/9,498,656 (0.3%)
  32,576/9,498,656 (0.3%)
  32,584/9,498,656 (0.3%)
  32,592/9,498,656 (0.3%)
  32,600/9,498,656 (0.3%)
  32,608/9,498,656 (0.3%)
  32,616/9,498,656 (0.3%)
  32,624/9,498,656 (0.3%)
  32,632/9,498,656 (0.3%)
  32,640/9,498,656 (0.3%)
  32,648/9,498,656 (0.3%)
  32,656/9,498,656 (0.3%)
  32,664/9,498,656 (0.3%)
  32,672/9,498,656 (0.3%)
  32,680/9,498,656 (0.3%)
  32,688/9,498,656 (0.3%)
  32,696/9,498,656 (0.3%)
  32,704/9,498,656 (0.3%)
  32,712/9,498,656 (0.3%)
  32,720/9,498,656 (0.3%)
  32,728/9,498,656 (0.3%)
  32,736/9,498,656 (0.3%)
  32,744/9,498,656 (0.3%)
  32,752/9,498,656 (0.3%)
  32,760/9,498,656 (0.3%)
  [checkpoint saved]
  32,768/9,498,656 (0.3%)
  32,776/9,498,656 (0.3%)
  32,784/9,498,656 (0.3%)
  32,792/9,498,656 (0.3%)
  32,800/9,498,656 (0.3%)
  32,808/9,498,656 (0.3%)
  32,816/9,498,656 (0.3%)
  32,824/9,498,656 (0.3%)
  32,832/9,498,656 (0.3%)
  32,840/9,498,656 (0.3%)
  32,848/9,498,656 (0.3%)
  32,856/9,498,656 (0.3%)
  32,864/9,498,656 (0.3%)
  32,872/9,498,656 (0.3%)
  32,880/9,498,656 (0.3%)
  32,888/9,498,656 (0.3%)
  32,896/9,498,656 (0.3%)
  32,904/9,498,656 (0.3%)
  32,912/9,498,656 (0.3%)
  32,920/9,498,656 (0.3%)
  32,928/9,498,656 (0.3%)
  32,936/9,498,656 (0.3%)
  32,944/9,498,656 (0.3%)
  32,952/9,498,656 (0.3%)
  32,960/9,498,656 (0.3%)
  32,968/9,498,656 (0.3%)
  32,976/9,498,656 (0.3%)
  32,984/9,498,656 (0.3%)
  32,992/9,498,656 (0.3%)
  33,000/9,498,656 (0.3%)
  33,008/9,498,656 (0.3%)
  33,016/9,498,656 (0.3%)
  33,024/9,498,656 (0.3%)
  33,032/9,498,656 (0.3%)
  33,040/9,498,656 (0.3%)
  33,048/9,498,656 (0.3%)
  33,056/9,498,656 (0.3%)
  33,064/9,498,656 (0.3%)
  33,072/9,498,656 (0.3%)
  33,080/9,498,656 (0.3%)
  33,088/9,498,656 (0.3%)
  33,096/9,498,656 (0.3%)
  33,104/9,498,656 (0.3%)
  33,112/9,498,656 (0.3%)
  33,120/9,498,656 (0.3%)
  33,128/9,498,656 (0.3%)
  33,136/9,498,656 (0.3%)
  33,144/9,498,656 (0.3%)
  33,152/9,498,656 (0.3%)
  33,160/9,498,656 (0.3%)
  33,168/9,498,656 (0.3%)
  33,176/9,498,656 (0.3%)
  33,184/9,498,656 (0.3%)
  33,192/9,498,656 (0.3%)
  33,200/9,498,656 (0.3%)
  33,208/9,498,656 (0.3%)
  33,216/9,498,656 (0.3%)
  33,224/9,498,656 (0.3%)
  33,232/9,498,656 (0.3%)
  33,240/9,498,656 (0.3%)
  33,248/9,498,656 (0.4%)
  33,256/9,498,656 (0.4%)
  33,264/9,498,656 (0.4%)
  [checkpoint saved]
  33,272/9,498,656 (0.4%)
  33,280/9,498,656 (0.4%)
  33,288/9,498,656 (0.4%)
  33,296/9,498,656 (0.4%)
  33,304/9,498,656 (0.4%)
  33,312/9,498,656 (0.4%)
  33,320/9,498,656 (0.4%)
  33,328/9,498,656 (0.4%)
  33,336/9,498,656 (0.4%)
  33,344/9,498,656 (0.4%)
  33,352/9,498,656 (0.4%)
  33,360/9,498,656 (0.4%)
  33,368/9,498,656 (0.4%)
  33,376/9,498,656 (0.4%)
  33,384/9,498,656 (0.4%)
  33,392/9,498,656 (0.4%)
  33,400/9,498,656 (0.4%)
  33,408/9,498,656 (0.4%)
  33,416/9,498,656 (0.4%)
  33,424/9,498,656 (0.4%)
  33,432/9,498,656 (0.4%)
  33,440/9,498,656 (0.4%)
  33,448/9,498,656 (0.4%)
  33,456/9,498,656 (0.4%)
  33,464/9,498,656 (0.4%)
  33,472/9,498,656 (0.4%)
  33,480/9,498,656 (0.4%)
  33,488/9,498,656 (0.4%)
  33,496/9,498,656 (0.4%)
  33,504/9,498,656 (0.4%)
  33,512/9,498,656 (0.4%)
  33,520/9,498,656 (0.4%)
  33,528/9,498,656 (0.4%)
  33,536/9,498,656 (0.4%)
  33,544/9,498,656 (0.4%)
  33,552/9,498,656 (0.4%)
  33,560/9,498,656 (0.4%)
  33,568/9,498,656 (0.4%)
  33,576/9,498,656 (0.4%)
  33,584/9,498,656 (0.4%)
  33,592/9,498,656 (0.4%)
  33,600/9,498,656 (0.4%)
  33,608/9,498,656 (0.4%)
  33,616/9,498,656 (0.4%)
  33,624/9,498,656 (0.4%)
  33,632/9,498,656 (0.4%)
  33,640/9,498,656 (0.4%)
  33,648/9,498,656 (0.4%)
  33,656/9,498,656 (0.4%)
  33,664/9,498,656 (0.4%)
  33,672/9,498,656 (0.4%)
  33,680/9,498,656 (0.4%)
  33,688/9,498,656 (0.4%)
  33,696/9,498,656 (0.4%)
  33,704/9,498,656 (0.4%)
  33,712/9,498,656 (0.4%)
  33,720/9,498,656 (0.4%)
  33,728/9,498,656 (0.4%)
  33,736/9,498,656 (0.4%)
  33,744/9,498,656 (0.4%)
  33,752/9,498,656 (0.4%)
  33,760/9,498,656 (0.4%)
  33,768/9,498,656 (0.4%)
  [checkpoint saved]
  33,776/9,498,656 (0.4%)
  33,784/9,498,656 (0.4%)
  33,792/9,498,656 (0.4%)
  33,800/9,498,656 (0.4%)
  33,808/9,498,656 (0.4%)
  33,816/9,498,656 (0.4%)
  33,824/9,498,656 (0.4%)
  33,832/9,498,656 (0.4%)
  33,840/9,498,656 (0.4%)
  33,848/9,498,656 (0.4%)
  33,856/9,498,656 (0.4%)
  33,864/9,498,656 (0.4%)
  33,872/9,498,656 (0.4%)
  33,880/9,498,656 (0.4%)
  33,888/9,498,656 (0.4%)
  33,896/9,498,656 (0.4%)
  33,904/9,498,656 (0.4%)
  33,912/9,498,656 (0.4%)
  33,920/9,498,656 (0.4%)
  33,928/9,498,656 (0.4%)
  33,936/9,498,656 (0.4%)
  33,944/9,498,656 (0.4%)
  33,952/9,498,656 (0.4%)
  33,960/9,498,656 (0.4%)
  33,968/9,498,656 (0.4%)
  33,976/9,498,656 (0.4%)
  33,984/9,498,656 (0.4%)
  33,992/9,498,656 (0.4%)
  34,000/9,498,656 (0.4%)
  34,008/9,498,656 (0.4%)
  34,016/9,498,656 (0.4%)
  34,024/9,498,656 (0.4%)
  34,032/9,498,656 (0.4%)
  34,040/9,498,656 (0.4%)
  34,048/9,498,656 (0.4%)
  34,056/9,498,656 (0.4%)
  34,064/9,498,656 (0.4%)
  34,072/9,498,656 (0.4%)
  34,080/9,498,656 (0.4%)
  34,088/9,498,656 (0.4%)
  34,096/9,498,656 (0.4%)
  34,104/9,498,656 (0.4%)
  34,112/9,498,656 (0.4%)
  34,120/9,498,656 (0.4%)
  34,128/9,498,656 (0.4%)
  34,136/9,498,656 (0.4%)
  34,144/9,498,656 (0.4%)
  34,152/9,498,656 (0.4%)
  34,160/9,498,656 (0.4%)
  34,168/9,498,656 (0.4%)
  34,176/9,498,656 (0.4%)
  34,184/9,498,656 (0.4%)
  34,192/9,498,656 (0.4%)
  34,200/9,498,656 (0.4%)
  34,208/9,498,656 (0.4%)
  34,216/9,498,656 (0.4%)
  34,224/9,498,656 (0.4%)
  34,232/9,498,656 (0.4%)
  34,240/9,498,656 (0.4%)
  34,248/9,498,656 (0.4%)
  34,256/9,498,656 (0.4%)
  34,264/9,498,656 (0.4%)
  34,272/9,498,656 (0.4%)
  [checkpoint saved]
  34,280/9,498,656 (0.4%)
  34,288/9,498,656 (0.4%)
  34,296/9,498,656 (0.4%)
  34,304/9,498,656 (0.4%)
  34,312/9,498,656 (0.4%)
  34,320/9,498,656 (0.4%)
  34,328/9,498,656 (0.4%)
  34,336/9,498,656 (0.4%)
  34,344/9,498,656 (0.4%)
  34,352/9,498,656 (0.4%)
  34,360/9,498,656 (0.4%)
  34,368/9,498,656 (0.4%)
  34,376/9,498,656 (0.4%)
  34,384/9,498,656 (0.4%)
  34,392/9,498,656 (0.4%)
  34,400/9,498,656 (0.4%)
  34,408/9,498,656 (0.4%)
  34,416/9,498,656 (0.4%)
  34,424/9,498,656 (0.4%)
  34,432/9,498,656 (0.4%)
  34,440/9,498,656 (0.4%)
  34,448/9,498,656 (0.4%)
  34,456/9,498,656 (0.4%)
  34,464/9,498,656 (0.4%)
  34,472/9,498,656 (0.4%)
  34,480/9,498,656 (0.4%)
  34,488/9,498,656 (0.4%)
  34,496/9,498,656 (0.4%)
  34,504/9,498,656 (0.4%)
  34,512/9,498,656 (0.4%)
  34,520/9,498,656 (0.4%)
  34,528/9,498,656 (0.4%)
  34,536/9,498,656 (0.4%)
  34,544/9,498,656 (0.4%)
  34,552/9,498,656 (0.4%)
  34,560/9,498,656 (0.4%)
  34,568/9,498,656 (0.4%)
  34,576/9,498,656 (0.4%)
  34,584/9,498,656 (0.4%)
  34,592/9,498,656 (0.4%)
  34,600/9,498,656 (0.4%)
  34,608/9,498,656 (0.4%)
  34,616/9,498,656 (0.4%)
  34,624/9,498,656 (0.4%)
  34,632/9,498,656 (0.4%)
  34,640/9,498,656 (0.4%)
  34,648/9,498,656 (0.4%)
  34,656/9,498,656 (0.4%)
  34,664/9,498,656 (0.4%)
  34,672/9,498,656 (0.4%)
  34,680/9,498,656 (0.4%)
  34,688/9,498,656 (0.4%)
  34,696/9,498,656 (0.4%)
  34,704/9,498,656 (0.4%)
  34,712/9,498,656 (0.4%)
  34,720/9,498,656 (0.4%)
  34,728/9,498,656 (0.4%)
  34,736/9,498,656 (0.4%)
  34,744/9,498,656 (0.4%)
  34,752/9,498,656 (0.4%)
  34,760/9,498,656 (0.4%)
  34,768/9,498,656 (0.4%)
  34,776/9,498,656 (0.4%)
  [checkpoint saved]
  34,784/9,498,656 (0.4%)
  34,792/9,498,656 (0.4%)
  34,800/9,498,656 (0.4%)
  34,808/9,498,656 (0.4%)
  34,816/9,498,656 (0.4%)
  34,824/9,498,656 (0.4%)
  34,832/9,498,656 (0.4%)
  34,840/9,498,656 (0.4%)
  34,848/9,498,656 (0.4%)
  34,856/9,498,656 (0.4%)
  34,864/9,498,656 (0.4%)
  34,872/9,498,656 (0.4%)
  34,880/9,498,656 (0.4%)
  34,888/9,498,656 (0.4%)
  34,896/9,498,656 (0.4%)
  34,904/9,498,656 (0.4%)
  34,912/9,498,656 (0.4%)
  34,920/9,498,656 (0.4%)
  34,928/9,498,656 (0.4%)
  34,936/9,498,656 (0.4%)
  34,944/9,498,656 (0.4%)
  34,952/9,498,656 (0.4%)
  34,960/9,498,656 (0.4%)
  34,968/9,498,656 (0.4%)
  34,976/9,498,656 (0.4%)
  34,984/9,498,656 (0.4%)
  34,992/9,498,656 (0.4%)
  35,000/9,498,656 (0.4%)
  35,008/9,498,656 (0.4%)
  35,016/9,498,656 (0.4%)
  35,024/9,498,656 (0.4%)
  35,032/9,498,656 (0.4%)
  35,040/9,498,656 (0.4%)
  35,048/9,498,656 (0.4%)
  35,056/9,498,656 (0.4%)
  35,064/9,498,656 (0.4%)
  35,072/9,498,656 (0.4%)
  35,080/9,498,656 (0.4%)
  35,088/9,498,656 (0.4%)
  35,096/9,498,656 (0.4%)
  35,104/9,498,656 (0.4%)
  35,112/9,498,656 (0.4%)
  35,120/9,498,656 (0.4%)
  35,128/9,498,656 (0.4%)
  35,136/9,498,656 (0.4%)
  35,144/9,498,656 (0.4%)
  35,152/9,498,656 (0.4%)
  35,160/9,498,656 (0.4%)
  35,168/9,498,656 (0.4%)
  35,176/9,498,656 (0.4%)
  35,184/9,498,656 (0.4%)
  35,192/9,498,656 (0.4%)
  35,200/9,498,656 (0.4%)
  35,208/9,498,656 (0.4%)
  35,216/9,498,656 (0.4%)
  35,224/9,498,656 (0.4%)
  35,232/9,498,656 (0.4%)
  35,240/9,498,656 (0.4%)
  35,248/9,498,656 (0.4%)
  35,256/9,498,656 (0.4%)
  35,264/9,498,656 (0.4%)
  35,272/9,498,656 (0.4%)
  35,280/9,498,656 (0.4%)
  [checkpoint saved]
  35,288/9,498,656 (0.4%)
  35,296/9,498,656 (0.4%)
  35,304/9,498,656 (0.4%)
  35,312/9,498,656 (0.4%)
  35,320/9,498,656 (0.4%)
  35,328/9,498,656 (0.4%)
  35,336/9,498,656 (0.4%)
  35,344/9,498,656 (0.4%)
  35,352/9,498,656 (0.4%)
  35,360/9,498,656 (0.4%)
  35,368/9,498,656 (0.4%)
  35,376/9,498,656 (0.4%)
  35,384/9,498,656 (0.4%)
  35,392/9,498,656 (0.4%)
  35,400/9,498,656 (0.4%)
  35,408/9,498,656 (0.4%)
  35,416/9,498,656 (0.4%)
  35,424/9,498,656 (0.4%)
  35,432/9,498,656 (0.4%)
  35,440/9,498,656 (0.4%)
  35,448/9,498,656 (0.4%)
  35,456/9,498,656 (0.4%)
  35,464/9,498,656 (0.4%)
  35,472/9,498,656 (0.4%)
  35,480/9,498,656 (0.4%)
  35,488/9,498,656 (0.4%)
  35,496/9,498,656 (0.4%)
  35,504/9,498,656 (0.4%)
  35,512/9,498,656 (0.4%)
  35,520/9,498,656 (0.4%)
  35,528/9,498,656 (0.4%)
  35,536/9,498,656 (0.4%)
  35,544/9,498,656 (0.4%)
  35,552/9,498,656 (0.4%)
  35,560/9,498,656 (0.4%)
  35,568/9,498,656 (0.4%)
  35,576/9,498,656 (0.4%)
  35,584/9,498,656 (0.4%)
  35,592/9,498,656 (0.4%)
  35,600/9,498,656 (0.4%)
  35,608/9,498,656 (0.4%)
  35,616/9,498,656 (0.4%)
  35,624/9,498,656 (0.4%)
  35,632/9,498,656 (0.4%)
  35,640/9,498,656 (0.4%)
  35,648/9,498,656 (0.4%)
  35,656/9,498,656 (0.4%)
  35,664/9,498,656 (0.4%)
  35,672/9,498,656 (0.4%)
  35,680/9,498,656 (0.4%)
  35,688/9,498,656 (0.4%)
  35,696/9,498,656 (0.4%)
  35,704/9,498,656 (0.4%)
  35,712/9,498,656 (0.4%)
  35,720/9,498,656 (0.4%)
  35,728/9,498,656 (0.4%)
  35,736/9,498,656 (0.4%)
  35,744/9,498,656 (0.4%)
  35,752/9,498,656 (0.4%)
  35,760/9,498,656 (0.4%)
  35,768/9,498,656 (0.4%)
  35,776/9,498,656 (0.4%)
  35,784/9,498,656 (0.4%)
  [checkpoint saved]
  35,792/9,498,656 (0.4%)
  35,800/9,498,656 (0.4%)
  35,808/9,498,656 (0.4%)
  35,816/9,498,656 (0.4%)
  35,824/9,498,656 (0.4%)
  35,832/9,498,656 (0.4%)
  35,840/9,498,656 (0.4%)
  35,848/9,498,656 (0.4%)
  35,856/9,498,656 (0.4%)
  35,864/9,498,656 (0.4%)
  35,872/9,498,656 (0.4%)
  35,880/9,498,656 (0.4%)
  35,888/9,498,656 (0.4%)
  35,896/9,498,656 (0.4%)
  35,904/9,498,656 (0.4%)
  35,912/9,498,656 (0.4%)
  35,920/9,498,656 (0.4%)
  35,928/9,498,656 (0.4%)
  35,936/9,498,656 (0.4%)
  35,944/9,498,656 (0.4%)
  35,952/9,498,656 (0.4%)
  35,960/9,498,656 (0.4%)
  35,968/9,498,656 (0.4%)
  35,976/9,498,656 (0.4%)
  35,984/9,498,656 (0.4%)
  35,992/9,498,656 (0.4%)
  36,000/9,498,656 (0.4%)
  36,008/9,498,656 (0.4%)
  36,016/9,498,656 (0.4%)
  36,024/9,498,656 (0.4%)
  36,032/9,498,656 (0.4%)
  36,040/9,498,656 (0.4%)
  36,048/9,498,656 (0.4%)
  36,056/9,498,656 (0.4%)
  36,064/9,498,656 (0.4%)
  36,072/9,498,656 (0.4%)
  36,080/9,498,656 (0.4%)
  36,088/9,498,656 (0.4%)
  36,096/9,498,656 (0.4%)
  36,104/9,498,656 (0.4%)
  36,112/9,498,656 (0.4%)
  36,120/9,498,656 (0.4%)
  36,128/9,498,656 (0.4%)
  36,136/9,498,656 (0.4%)
  36,144/9,498,656 (0.4%)
  36,152/9,498,656 (0.4%)
  36,160/9,498,656 (0.4%)
  36,168/9,498,656 (0.4%)
  36,176/9,498,656 (0.4%)
  36,184/9,498,656 (0.4%)
  36,192/9,498,656 (0.4%)
  36,200/9,498,656 (0.4%)
  36,208/9,498,656 (0.4%)
  36,216/9,498,656 (0.4%)
  36,224/9,498,656 (0.4%)
  36,232/9,498,656 (0.4%)
  36,240/9,498,656 (0.4%)
  36,248/9,498,656 (0.4%)
  36,256/9,498,656 (0.4%)
  36,264/9,498,656 (0.4%)
  36,272/9,498,656 (0.4%)
  36,280/9,498,656 (0.4%)
  36,288/9,498,656 (0.4%)
  [checkpoint saved]
  36,296/9,498,656 (0.4%)
  36,304/9,498,656 (0.4%)
  36,312/9,498,656 (0.4%)
  36,320/9,498,656 (0.4%)
  36,328/9,498,656 (0.4%)
  36,336/9,498,656 (0.4%)
  36,344/9,498,656 (0.4%)
  36,352/9,498,656 (0.4%)
  36,360/9,498,656 (0.4%)
  36,368/9,498,656 (0.4%)
  36,376/9,498,656 (0.4%)
  36,384/9,498,656 (0.4%)
  36,392/9,498,656 (0.4%)
  36,400/9,498,656 (0.4%)
  36,408/9,498,656 (0.4%)
  36,416/9,498,656 (0.4%)
  36,424/9,498,656 (0.4%)
  36,432/9,498,656 (0.4%)
  36,440/9,498,656 (0.4%)
  36,448/9,498,656 (0.4%)
  36,456/9,498,656 (0.4%)
  36,464/9,498,656 (0.4%)
  36,472/9,498,656 (0.4%)
  36,480/9,498,656 (0.4%)
  36,488/9,498,656 (0.4%)
  36,496/9,498,656 (0.4%)
  36,504/9,498,656 (0.4%)
  36,512/9,498,656 (0.4%)
  36,520/9,498,656 (0.4%)
  36,528/9,498,656 (0.4%)
  36,536/9,498,656 (0.4%)
  36,544/9,498,656 (0.4%)
  36,552/9,498,656 (0.4%)
  36,560/9,498,656 (0.4%)
  36,568/9,498,656 (0.4%)
  36,576/9,498,656 (0.4%)
  36,584/9,498,656 (0.4%)
  36,592/9,498,656 (0.4%)
  36,600/9,498,656 (0.4%)
  36,608/9,498,656 (0.4%)
  36,616/9,498,656 (0.4%)
  36,624/9,498,656 (0.4%)
  36,632/9,498,656 (0.4%)
  36,640/9,498,656 (0.4%)
  36,648/9,498,656 (0.4%)
  36,656/9,498,656 (0.4%)
  36,664/9,498,656 (0.4%)
  36,672/9,498,656 (0.4%)
  36,680/9,498,656 (0.4%)
  36,688/9,498,656 (0.4%)
  36,696/9,498,656 (0.4%)
  36,704/9,498,656 (0.4%)
  36,712/9,498,656 (0.4%)
  36,720/9,498,656 (0.4%)
  36,728/9,498,656 (0.4%)
  36,736/9,498,656 (0.4%)
  36,744/9,498,656 (0.4%)
  36,752/9,498,656 (0.4%)
  36,760/9,498,656 (0.4%)
  36,768/9,498,656 (0.4%)
  36,776/9,498,656 (0.4%)
  36,784/9,498,656 (0.4%)
  36,792/9,498,656 (0.4%)
  [checkpoint saved]
  36,800/9,498,656 (0.4%)
  36,808/9,498,656 (0.4%)
  36,816/9,498,656 (0.4%)
  36,824/9,498,656 (0.4%)
  36,832/9,498,656 (0.4%)
  36,840/9,498,656 (0.4%)
  36,848/9,498,656 (0.4%)
  36,856/9,498,656 (0.4%)
  36,864/9,498,656 (0.4%)
  36,872/9,498,656 (0.4%)
  36,880/9,498,656 (0.4%)
  36,888/9,498,656 (0.4%)
  36,896/9,498,656 (0.4%)
  36,904/9,498,656 (0.4%)
  36,912/9,498,656 (0.4%)
  36,920/9,498,656 (0.4%)
  36,928/9,498,656 (0.4%)
  36,936/9,498,656 (0.4%)
  36,944/9,498,656 (0.4%)
  36,952/9,498,656 (0.4%)
  36,960/9,498,656 (0.4%)
  36,968/9,498,656 (0.4%)
  36,976/9,498,656 (0.4%)
  36,984/9,498,656 (0.4%)
  36,992/9,498,656 (0.4%)
  37,000/9,498,656 (0.4%)
  37,008/9,498,656 (0.4%)
  37,016/9,498,656 (0.4%)
  37,024/9,498,656 (0.4%)
  37,032/9,498,656 (0.4%)
  37,040/9,498,656 (0.4%)
  37,048/9,498,656 (0.4%)
  37,056/9,498,656 (0.4%)
  37,064/9,498,656 (0.4%)
  37,072/9,498,656 (0.4%)
  37,080/9,498,656 (0.4%)
  37,088/9,498,656 (0.4%)
  37,096/9,498,656 (0.4%)
  37,104/9,498,656 (0.4%)
  37,112/9,498,656 (0.4%)
  37,120/9,498,656 (0.4%)
  37,128/9,498,656 (0.4%)
  37,136/9,498,656 (0.4%)
  37,144/9,498,656 (0.4%)
  37,152/9,498,656 (0.4%)
  37,160/9,498,656 (0.4%)
  37,168/9,498,656 (0.4%)
  37,176/9,498,656 (0.4%)
  37,184/9,498,656 (0.4%)
  37,192/9,498,656 (0.4%)
  37,200/9,498,656 (0.4%)
  37,208/9,498,656 (0.4%)
  37,216/9,498,656 (0.4%)
  37,224/9,498,656 (0.4%)
  37,232/9,498,656 (0.4%)
  37,240/9,498,656 (0.4%)
  37,248/9,498,656 (0.4%)
  37,256/9,498,656 (0.4%)
  37,264/9,498,656 (0.4%)
  37,272/9,498,656 (0.4%)
  37,280/9,498,656 (0.4%)
  37,288/9,498,656 (0.4%)
  37,296/9,498,656 (0.4%)
  [checkpoint saved]
  37,304/9,498,656 (0.4%)
  37,312/9,498,656 (0.4%)
  37,320/9,498,656 (0.4%)
  37,328/9,498,656 (0.4%)
  37,336/9,498,656 (0.4%)
  37,344/9,498,656 (0.4%)
  37,352/9,498,656 (0.4%)
  37,360/9,498,656 (0.4%)
  37,368/9,498,656 (0.4%)
  37,376/9,498,656 (0.4%)
  37,384/9,498,656 (0.4%)
  37,392/9,498,656 (0.4%)
  37,400/9,498,656 (0.4%)
  37,408/9,498,656 (0.4%)
  37,416/9,498,656 (0.4%)
  37,424/9,498,656 (0.4%)
  37,432/9,498,656 (0.4%)
  37,440/9,498,656 (0.4%)
  37,448/9,498,656 (0.4%)
  37,456/9,498,656 (0.4%)
  37,464/9,498,656 (0.4%)
  37,472/9,498,656 (0.4%)
  37,480/9,498,656 (0.4%)
  37,488/9,498,656 (0.4%)
  37,496/9,498,656 (0.4%)
  37,504/9,498,656 (0.4%)
  37,512/9,498,656 (0.4%)
  37,520/9,498,656 (0.4%)
  37,528/9,498,656 (0.4%)
  37,536/9,498,656 (0.4%)
  37,544/9,498,656 (0.4%)
  37,552/9,498,656 (0.4%)
  37,560/9,498,656 (0.4%)
  37,568/9,498,656 (0.4%)
  37,576/9,498,656 (0.4%)
  37,584/9,498,656 (0.4%)
  37,592/9,498,656 (0.4%)
  37,600/9,498,656 (0.4%)
  37,608/9,498,656 (0.4%)
  37,616/9,498,656 (0.4%)
  37,624/9,498,656 (0.4%)
  37,632/9,498,656 (0.4%)
  37,640/9,498,656 (0.4%)
  37,648/9,498,656 (0.4%)
  37,656/9,498,656 (0.4%)
  37,664/9,498,656 (0.4%)
  37,672/9,498,656 (0.4%)
  37,680/9,498,656 (0.4%)
  37,688/9,498,656 (0.4%)
  37,696/9,498,656 (0.4%)
  37,704/9,498,656 (0.4%)
  37,712/9,498,656 (0.4%)
  37,720/9,498,656 (0.4%)
  37,728/9,498,656 (0.4%)
  37,736/9,498,656 (0.4%)
  37,744/9,498,656 (0.4%)
  37,752/9,498,656 (0.4%)
  37,760/9,498,656 (0.4%)
  37,768/9,498,656 (0.4%)
  37,776/9,498,656 (0.4%)
  37,784/9,498,656 (0.4%)
  37,792/9,498,656 (0.4%)
  37,800/9,498,656 (0.4%)
  [checkpoint saved]
  37,808/9,498,656 (0.4%)
  37,816/9,498,656 (0.4%)
  37,824/9,498,656 (0.4%)
  37,832/9,498,656 (0.4%)
  37,840/9,498,656 (0.4%)
  37,848/9,498,656 (0.4%)
  37,856/9,498,656 (0.4%)
  37,864/9,498,656 (0.4%)
  37,872/9,498,656 (0.4%)
  37,880/9,498,656 (0.4%)
  37,888/9,498,656 (0.4%)
  37,896/9,498,656 (0.4%)
  37,904/9,498,656 (0.4%)
  37,912/9,498,656 (0.4%)
  37,920/9,498,656 (0.4%)
  37,928/9,498,656 (0.4%)
  37,936/9,498,656 (0.4%)
  37,944/9,498,656 (0.4%)
  37,952/9,498,656 (0.4%)
  37,960/9,498,656 (0.4%)
  37,968/9,498,656 (0.4%)
  37,976/9,498,656 (0.4%)
  37,984/9,498,656 (0.4%)
  37,992/9,498,656 (0.4%)
  38,000/9,498,656 (0.4%)
  38,008/9,498,656 (0.4%)
  38,016/9,498,656 (0.4%)
  38,024/9,498,656 (0.4%)
  38,032/9,498,656 (0.4%)
  38,040/9,498,656 (0.4%)
  38,048/9,498,656 (0.4%)
  38,056/9,498,656 (0.4%)
  38,064/9,498,656 (0.4%)
  38,072/9,498,656 (0.4%)
  38,080/9,498,656 (0.4%)
  38,088/9,498,656 (0.4%)
  38,096/9,498,656 (0.4%)
  38,104/9,498,656 (0.4%)
  38,112/9,498,656 (0.4%)
  38,120/9,498,656 (0.4%)
  38,128/9,498,656 (0.4%)
  38,136/9,498,656 (0.4%)
  38,144/9,498,656 (0.4%)
  38,152/9,498,656 (0.4%)
  38,160/9,498,656 (0.4%)
  38,168/9,498,656 (0.4%)
  38,176/9,498,656 (0.4%)
  38,184/9,498,656 (0.4%)
  38,192/9,498,656 (0.4%)
  38,200/9,498,656 (0.4%)
  38,208/9,498,656 (0.4%)
  38,216/9,498,656 (0.4%)
  38,224/9,498,656 (0.4%)
  38,232/9,498,656 (0.4%)
  38,240/9,498,656 (0.4%)
  38,248/9,498,656 (0.4%)
  38,256/9,498,656 (0.4%)
  38,264/9,498,656 (0.4%)
  38,272/9,498,656 (0.4%)
  38,280/9,498,656 (0.4%)
  38,288/9,498,656 (0.4%)
  38,296/9,498,656 (0.4%)
  38,304/9,498,656 (0.4%)
  [checkpoint saved]
  38,312/9,498,656 (0.4%)
  38,320/9,498,656 (0.4%)
  38,328/9,498,656 (0.4%)
  38,336/9,498,656 (0.4%)
  38,344/9,498,656 (0.4%)
  38,352/9,498,656 (0.4%)
  38,360/9,498,656 (0.4%)
  38,368/9,498,656 (0.4%)
  38,376/9,498,656 (0.4%)
  38,384/9,498,656 (0.4%)
  38,392/9,498,656 (0.4%)
  38,400/9,498,656 (0.4%)
  38,408/9,498,656 (0.4%)
  38,416/9,498,656 (0.4%)
  38,424/9,498,656 (0.4%)
  38,432/9,498,656 (0.4%)
  38,440/9,498,656 (0.4%)
  38,448/9,498,656 (0.4%)
  38,456/9,498,656 (0.4%)
  38,464/9,498,656 (0.4%)
  38,472/9,498,656 (0.4%)
  38,480/9,498,656 (0.4%)
  38,488/9,498,656 (0.4%)
  38,496/9,498,656 (0.4%)
  38,504/9,498,656 (0.4%)
  38,512/9,498,656 (0.4%)
  38,520/9,498,656 (0.4%)
  38,528/9,498,656 (0.4%)
  38,536/9,498,656 (0.4%)
  38,544/9,498,656 (0.4%)
  38,552/9,498,656 (0.4%)
  38,560/9,498,656 (0.4%)
  38,568/9,498,656 (0.4%)
  38,576/9,498,656 (0.4%)
  38,584/9,498,656 (0.4%)
  38,592/9,498,656 (0.4%)
  38,600/9,498,656 (0.4%)
  38,608/9,498,656 (0.4%)
  38,616/9,498,656 (0.4%)
  38,624/9,498,656 (0.4%)
  38,632/9,498,656 (0.4%)
  38,640/9,498,656 (0.4%)
  38,648/9,498,656 (0.4%)
  38,656/9,498,656 (0.4%)
  38,664/9,498,656 (0.4%)
  38,672/9,498,656 (0.4%)
  38,680/9,498,656 (0.4%)
  38,688/9,498,656 (0.4%)
  38,696/9,498,656 (0.4%)
  38,704/9,498,656 (0.4%)
  38,712/9,498,656 (0.4%)
  38,720/9,498,656 (0.4%)
  38,728/9,498,656 (0.4%)
  38,736/9,498,656 (0.4%)
  38,744/9,498,656 (0.4%)
  38,752/9,498,656 (0.4%)
  38,760/9,498,656 (0.4%)
  38,768/9,498,656 (0.4%)
  38,776/9,498,656 (0.4%)
  38,784/9,498,656 (0.4%)
  38,792/9,498,656 (0.4%)
  38,800/9,498,656 (0.4%)
  38,808/9,498,656 (0.4%)
  [checkpoint saved]
  38,816/9,498,656 (0.4%)
  38,824/9,498,656 (0.4%)
  38,832/9,498,656 (0.4%)
  38,840/9,498,656 (0.4%)
  38,848/9,498,656 (0.4%)
  38,856/9,498,656 (0.4%)
  38,864/9,498,656 (0.4%)
  38,872/9,498,656 (0.4%)
  38,880/9,498,656 (0.4%)
  38,888/9,498,656 (0.4%)
  38,896/9,498,656 (0.4%)
  38,904/9,498,656 (0.4%)
  38,912/9,498,656 (0.4%)
  38,920/9,498,656 (0.4%)
  38,928/9,498,656 (0.4%)
  38,936/9,498,656 (0.4%)
  38,944/9,498,656 (0.4%)
  38,952/9,498,656 (0.4%)
  38,960/9,498,656 (0.4%)
  38,968/9,498,656 (0.4%)
  38,976/9,498,656 (0.4%)
  38,984/9,498,656 (0.4%)
  38,992/9,498,656 (0.4%)
  39,000/9,498,656 (0.4%)
  39,008/9,498,656 (0.4%)
  39,016/9,498,656 (0.4%)
  39,024/9,498,656 (0.4%)
  39,032/9,498,656 (0.4%)
  39,040/9,498,656 (0.4%)
  39,048/9,498,656 (0.4%)
  39,056/9,498,656 (0.4%)
  39,064/9,498,656 (0.4%)
  39,072/9,498,656 (0.4%)
  39,080/9,498,656 (0.4%)
  39,088/9,498,656 (0.4%)
  39,096/9,498,656 (0.4%)
  39,104/9,498,656 (0.4%)
  39,112/9,498,656 (0.4%)
  39,120/9,498,656 (0.4%)
  39,128/9,498,656 (0.4%)
  39,136/9,498,656 (0.4%)
  39,144/9,498,656 (0.4%)
  39,152/9,498,656 (0.4%)
  39,160/9,498,656 (0.4%)
  39,168/9,498,656 (0.4%)
  39,176/9,498,656 (0.4%)
  39,184/9,498,656 (0.4%)
  39,192/9,498,656 (0.4%)
  39,200/9,498,656 (0.4%)
  39,208/9,498,656 (0.4%)
  39,216/9,498,656 (0.4%)
  39,224/9,498,656 (0.4%)
  39,232/9,498,656 (0.4%)
  39,240/9,498,656 (0.4%)
  39,248/9,498,656 (0.4%)
  39,256/9,498,656 (0.4%)
  39,264/9,498,656 (0.4%)
  39,272/9,498,656 (0.4%)
  39,280/9,498,656 (0.4%)
  39,288/9,498,656 (0.4%)
  39,296/9,498,656 (0.4%)
  39,304/9,498,656 (0.4%)
  39,312/9,498,656 (0.4%)
  [checkpoint saved]
  39,320/9,498,656 (0.4%)
  39,328/9,498,656 (0.4%)
  39,336/9,498,656 (0.4%)
  39,344/9,498,656 (0.4%)
  39,352/9,498,656 (0.4%)
  39,360/9,498,656 (0.4%)
  39,368/9,498,656 (0.4%)
  39,376/9,498,656 (0.4%)
  39,384/9,498,656 (0.4%)
  39,392/9,498,656 (0.4%)
  39,400/9,498,656 (0.4%)
  39,408/9,498,656 (0.4%)
  39,416/9,498,656 (0.4%)
  39,424/9,498,656 (0.4%)
  39,432/9,498,656 (0.4%)
  39,440/9,498,656 (0.4%)
  39,448/9,498,656 (0.4%)
  39,456/9,498,656 (0.4%)
  39,464/9,498,656 (0.4%)
  39,472/9,498,656 (0.4%)
  39,480/9,498,656 (0.4%)
  39,488/9,498,656 (0.4%)
  39,496/9,498,656 (0.4%)
  39,504/9,498,656 (0.4%)
  39,512/9,498,656 (0.4%)
  39,520/9,498,656 (0.4%)
  39,528/9,498,656 (0.4%)
  39,536/9,498,656 (0.4%)
  39,544/9,498,656 (0.4%)
  39,552/9,498,656 (0.4%)
  39,560/9,498,656 (0.4%)
  39,568/9,498,656 (0.4%)
  39,576/9,498,656 (0.4%)
  39,584/9,498,656 (0.4%)
  39,592/9,498,656 (0.4%)
  39,600/9,498,656 (0.4%)
  39,608/9,498,656 (0.4%)
  39,616/9,498,656 (0.4%)
  39,624/9,498,656 (0.4%)
  39,632/9,498,656 (0.4%)
  39,640/9,498,656 (0.4%)
  39,648/9,498,656 (0.4%)
  39,656/9,498,656 (0.4%)
  39,664/9,498,656 (0.4%)
  39,672/9,498,656 (0.4%)
  39,680/9,498,656 (0.4%)
  39,688/9,498,656 (0.4%)
  39,696/9,498,656 (0.4%)
  39,704/9,498,656 (0.4%)
  39,712/9,498,656 (0.4%)
  39,720/9,498,656 (0.4%)
  39,728/9,498,656 (0.4%)
  39,736/9,498,656 (0.4%)
  39,744/9,498,656 (0.4%)
  39,752/9,498,656 (0.4%)
  39,760/9,498,656 (0.4%)
  39,768/9,498,656 (0.4%)
  39,776/9,498,656 (0.4%)
  39,784/9,498,656 (0.4%)
  39,792/9,498,656 (0.4%)
  39,800/9,498,656 (0.4%)
  39,808/9,498,656 (0.4%)
  39,816/9,498,656 (0.4%)
  [checkpoint saved]
  39,824/9,498,656 (0.4%)
  39,832/9,498,656 (0.4%)
  39,840/9,498,656 (0.4%)
  39,848/9,498,656 (0.4%)
  39,856/9,498,656 (0.4%)
  39,864/9,498,656 (0.4%)
  39,872/9,498,656 (0.4%)
  39,880/9,498,656 (0.4%)
  39,888/9,498,656 (0.4%)
  39,896/9,498,656 (0.4%)
  39,904/9,498,656 (0.4%)
  39,912/9,498,656 (0.4%)
  39,920/9,498,656 (0.4%)
  39,928/9,498,656 (0.4%)
  39,936/9,498,656 (0.4%)
  39,944/9,498,656 (0.4%)
  39,952/9,498,656 (0.4%)
  39,960/9,498,656 (0.4%)
  39,968/9,498,656 (0.4%)
  39,976/9,498,656 (0.4%)
  39,984/9,498,656 (0.4%)
  39,992/9,498,656 (0.4%)
  40,000/9,498,656 (0.4%)
  40,008/9,498,656 (0.4%)
  40,016/9,498,656 (0.4%)
  40,024/9,498,656 (0.4%)
  40,032/9,498,656 (0.4%)
  40,040/9,498,656 (0.4%)
  40,048/9,498,656 (0.4%)
  40,056/9,498,656 (0.4%)
  40,064/9,498,656 (0.4%)
  40,072/9,498,656 (0.4%)
  40,080/9,498,656 (0.4%)
  40,088/9,498,656 (0.4%)
  40,096/9,498,656 (0.4%)
  40,104/9,498,656 (0.4%)
  40,112/9,498,656 (0.4%)
  40,120/9,498,656 (0.4%)
  40,128/9,498,656 (0.4%)
  40,136/9,498,656 (0.4%)
  40,144/9,498,656 (0.4%)
  40,152/9,498,656 (0.4%)
  40,160/9,498,656 (0.4%)
  40,168/9,498,656 (0.4%)
  40,176/9,498,656 (0.4%)
  40,184/9,498,656 (0.4%)
  40,192/9,498,656 (0.4%)
  40,200/9,498,656 (0.4%)
  40,208/9,498,656 (0.4%)
  40,216/9,498,656 (0.4%)
  40,224/9,498,656 (0.4%)
  40,232/9,498,656 (0.4%)
  40,240/9,498,656 (0.4%)
  40,248/9,498,656 (0.4%)
  40,256/9,498,656 (0.4%)
  40,264/9,498,656 (0.4%)
  40,272/9,498,656 (0.4%)
  40,280/9,498,656 (0.4%)
  40,288/9,498,656 (0.4%)
  40,296/9,498,656 (0.4%)
  40,304/9,498,656 (0.4%)
  40,312/9,498,656 (0.4%)
  40,320/9,498,656 (0.4%)
  [checkpoint saved]
  40,328/9,498,656 (0.4%)
  40,336/9,498,656 (0.4%)
  40,344/9,498,656 (0.4%)
  40,352/9,498,656 (0.4%)
  40,360/9,498,656 (0.4%)
  40,368/9,498,656 (0.4%)
  40,376/9,498,656 (0.4%)
  40,384/9,498,656 (0.4%)
  40,392/9,498,656 (0.4%)
  40,400/9,498,656 (0.4%)
  40,408/9,498,656 (0.4%)
  40,416/9,498,656 (0.4%)
  40,424/9,498,656 (0.4%)
  40,432/9,498,656 (0.4%)
  40,440/9,498,656 (0.4%)
  40,448/9,498,656 (0.4%)
  40,456/9,498,656 (0.4%)
  40,464/9,498,656 (0.4%)
  40,472/9,498,656 (0.4%)
  40,480/9,498,656 (0.4%)
  40,488/9,498,656 (0.4%)
  40,496/9,498,656 (0.4%)
  40,504/9,498,656 (0.4%)
  40,512/9,498,656 (0.4%)
  40,520/9,498,656 (0.4%)
  40,528/9,498,656 (0.4%)
  40,536/9,498,656 (0.4%)
  40,544/9,498,656 (0.4%)
  40,552/9,498,656 (0.4%)
  40,560/9,498,656 (0.4%)
  40,568/9,498,656 (0.4%)
  40,576/9,498,656 (0.4%)
  40,584/9,498,656 (0.4%)
  40,592/9,498,656 (0.4%)
  40,600/9,498,656 (0.4%)
  40,608/9,498,656 (0.4%)
  40,616/9,498,656 (0.4%)
  40,624/9,498,656 (0.4%)
  40,632/9,498,656 (0.4%)
  40,640/9,498,656 (0.4%)
  40,648/9,498,656 (0.4%)
  40,656/9,498,656 (0.4%)
  40,664/9,498,656 (0.4%)
  40,672/9,498,656 (0.4%)
  40,680/9,498,656 (0.4%)
  40,688/9,498,656 (0.4%)
  40,696/9,498,656 (0.4%)
  40,704/9,498,656 (0.4%)
  40,712/9,498,656 (0.4%)
  40,720/9,498,656 (0.4%)
  40,728/9,498,656 (0.4%)
  40,736/9,498,656 (0.4%)
  40,744/9,498,656 (0.4%)
  40,752/9,498,656 (0.4%)
  40,760/9,498,656 (0.4%)
  40,768/9,498,656 (0.4%)
  40,776/9,498,656 (0.4%)
  40,784/9,498,656 (0.4%)
  40,792/9,498,656 (0.4%)
  40,800/9,498,656 (0.4%)
  40,808/9,498,656 (0.4%)
  40,816/9,498,656 (0.4%)
  40,824/9,498,656 (0.4%)
  [checkpoint saved]
  40,832/9,498,656 (0.4%)
  40,840/9,498,656 (0.4%)
  40,848/9,498,656 (0.4%)
  40,856/9,498,656 (0.4%)
  40,864/9,498,656 (0.4%)
  40,872/9,498,656 (0.4%)
  40,880/9,498,656 (0.4%)
  40,888/9,498,656 (0.4%)
  40,896/9,498,656 (0.4%)
  40,904/9,498,656 (0.4%)
  40,912/9,498,656 (0.4%)
  40,920/9,498,656 (0.4%)
  40,928/9,498,656 (0.4%)
  40,936/9,498,656 (0.4%)
  40,944/9,498,656 (0.4%)
  40,952/9,498,656 (0.4%)
  40,960/9,498,656 (0.4%)
  40,968/9,498,656 (0.4%)
  40,976/9,498,656 (0.4%)
  40,984/9,498,656 (0.4%)
  40,992/9,498,656 (0.4%)
  41,000/9,498,656 (0.4%)
  41,008/9,498,656 (0.4%)
  41,016/9,498,656 (0.4%)
  41,024/9,498,656 (0.4%)
  41,032/9,498,656 (0.4%)
  41,040/9,498,656 (0.4%)
  41,048/9,498,656 (0.4%)
  41,056/9,498,656 (0.4%)
  41,064/9,498,656 (0.4%)
  41,072/9,498,656 (0.4%)
  41,080/9,498,656 (0.4%)
  41,088/9,498,656 (0.4%)
  41,096/9,498,656 (0.4%)
  41,104/9,498,656 (0.4%)
  41,112/9,498,656 (0.4%)
  41,120/9,498,656 (0.4%)
  41,128/9,498,656 (0.4%)
  41,136/9,498,656 (0.4%)
  41,144/9,498,656 (0.4%)
  41,152/9,498,656 (0.4%)
  41,160/9,498,656 (0.4%)
  41,168/9,498,656 (0.4%)
  41,176/9,498,656 (0.4%)
  41,184/9,498,656 (0.4%)
  41,192/9,498,656 (0.4%)
  41,200/9,498,656 (0.4%)
  41,208/9,498,656 (0.4%)
  41,216/9,498,656 (0.4%)
  41,224/9,498,656 (0.4%)
  41,232/9,498,656 (0.4%)
  41,240/9,498,656 (0.4%)
  41,248/9,498,656 (0.4%)
  41,256/9,498,656 (0.4%)
  41,264/9,498,656 (0.4%)
  41,272/9,498,656 (0.4%)
  41,280/9,498,656 (0.4%)
  41,288/9,498,656 (0.4%)
  41,296/9,498,656 (0.4%)
  41,304/9,498,656 (0.4%)
  41,312/9,498,656 (0.4%)
  41,320/9,498,656 (0.4%)
  41,328/9,498,656 (0.4%)
  [checkpoint saved]
  41,336/9,498,656 (0.4%)
  41,344/9,498,656 (0.4%)
  41,352/9,498,656 (0.4%)
  41,360/9,498,656 (0.4%)
  41,368/9,498,656 (0.4%)
  41,376/9,498,656 (0.4%)
  41,384/9,498,656 (0.4%)
  41,392/9,498,656 (0.4%)
  41,400/9,498,656 (0.4%)
  41,408/9,498,656 (0.4%)
  41,416/9,498,656 (0.4%)
  41,424/9,498,656 (0.4%)
  41,432/9,498,656 (0.4%)
  41,440/9,498,656 (0.4%)
  41,448/9,498,656 (0.4%)
  41,456/9,498,656 (0.4%)
  41,464/9,498,656 (0.4%)
  41,472/9,498,656 (0.4%)
  41,480/9,498,656 (0.4%)
  41,488/9,498,656 (0.4%)
  41,496/9,498,656 (0.4%)
  41,504/9,498,656 (0.4%)
  41,512/9,498,656 (0.4%)
  41,520/9,498,656 (0.4%)
  41,528/9,498,656 (0.4%)
  41,536/9,498,656 (0.4%)
  41,544/9,498,656 (0.4%)
  41,552/9,498,656 (0.4%)
  41,560/9,498,656 (0.4%)
  41,568/9,498,656 (0.4%)
  41,576/9,498,656 (0.4%)
  41,584/9,498,656 (0.4%)
  41,592/9,498,656 (0.4%)
  41,600/9,498,656 (0.4%)
  41,608/9,498,656 (0.4%)
  41,616/9,498,656 (0.4%)
  41,624/9,498,656 (0.4%)
  41,632/9,498,656 (0.4%)
  41,640/9,498,656 (0.4%)
  41,648/9,498,656 (0.4%)
  41,656/9,498,656 (0.4%)
  41,664/9,498,656 (0.4%)
  41,672/9,498,656 (0.4%)
  41,680/9,498,656 (0.4%)
  41,688/9,498,656 (0.4%)
  41,696/9,498,656 (0.4%)
  41,704/9,498,656 (0.4%)
  41,712/9,498,656 (0.4%)
  41,720/9,498,656 (0.4%)
  41,728/9,498,656 (0.4%)
  41,736/9,498,656 (0.4%)
  41,744/9,498,656 (0.4%)
  41,752/9,498,656 (0.4%)
  41,760/9,498,656 (0.4%)
  41,768/9,498,656 (0.4%)
  41,776/9,498,656 (0.4%)
  41,784/9,498,656 (0.4%)
  41,792/9,498,656 (0.4%)
  41,800/9,498,656 (0.4%)
  41,808/9,498,656 (0.4%)
  41,816/9,498,656 (0.4%)
  41,824/9,498,656 (0.4%)
  41,832/9,498,656 (0.4%)
  [checkpoint saved]
  41,840/9,498,656 (0.4%)
  41,848/9,498,656 (0.4%)
  41,856/9,498,656 (0.4%)
  41,864/9,498,656 (0.4%)
  41,872/9,498,656 (0.4%)
  41,880/9,498,656 (0.4%)
  41,888/9,498,656 (0.4%)
  41,896/9,498,656 (0.4%)
  41,904/9,498,656 (0.4%)
  41,912/9,498,656 (0.4%)
  41,920/9,498,656 (0.4%)
  41,928/9,498,656 (0.4%)
  41,936/9,498,656 (0.4%)
  41,944/9,498,656 (0.4%)
  41,952/9,498,656 (0.4%)
  41,960/9,498,656 (0.4%)
  41,968/9,498,656 (0.4%)
  41,976/9,498,656 (0.4%)
  41,984/9,498,656 (0.4%)
  41,992/9,498,656 (0.4%)
  42,000/9,498,656 (0.4%)
  42,008/9,498,656 (0.4%)
  42,016/9,498,656 (0.4%)
  42,024/9,498,656 (0.4%)
  42,032/9,498,656 (0.4%)
  42,040/9,498,656 (0.4%)
  42,048/9,498,656 (0.4%)
  42,056/9,498,656 (0.4%)
  42,064/9,498,656 (0.4%)
  42,072/9,498,656 (0.4%)
  42,080/9,498,656 (0.4%)
  42,088/9,498,656 (0.4%)
  42,096/9,498,656 (0.4%)
  42,104/9,498,656 (0.4%)
  42,112/9,498,656 (0.4%)
  42,120/9,498,656 (0.4%)
  42,128/9,498,656 (0.4%)
  42,136/9,498,656 (0.4%)
  42,144/9,498,656 (0.4%)
  42,152/9,498,656 (0.4%)
  42,160/9,498,656 (0.4%)
  42,168/9,498,656 (0.4%)
  42,176/9,498,656 (0.4%)
  42,184/9,498,656 (0.4%)
  42,192/9,498,656 (0.4%)
  42,200/9,498,656 (0.4%)
  42,208/9,498,656 (0.4%)
  42,216/9,498,656 (0.4%)
  42,224/9,498,656 (0.4%)
  42,232/9,498,656 (0.4%)
  42,240/9,498,656 (0.4%)
  42,248/9,498,656 (0.4%)
  42,256/9,498,656 (0.4%)
  42,264/9,498,656 (0.4%)
  42,272/9,498,656 (0.4%)
  42,280/9,498,656 (0.4%)
  42,288/9,498,656 (0.4%)
  42,296/9,498,656 (0.4%)
  42,304/9,498,656 (0.4%)
  42,312/9,498,656 (0.4%)
  42,320/9,498,656 (0.4%)
  42,328/9,498,656 (0.4%)
  42,336/9,498,656 (0.4%)
  [checkpoint saved]
  42,344/9,498,656 (0.4%)
  42,352/9,498,656 (0.4%)
  42,360/9,498,656 (0.4%)
  42,368/9,498,656 (0.4%)
  42,376/9,498,656 (0.4%)
  42,384/9,498,656 (0.4%)
  42,392/9,498,656 (0.4%)
  42,400/9,498,656 (0.4%)
  42,408/9,498,656 (0.4%)
  42,416/9,498,656 (0.4%)
  42,424/9,498,656 (0.4%)
  42,432/9,498,656 (0.4%)
  42,440/9,498,656 (0.4%)
  42,448/9,498,656 (0.4%)
  42,456/9,498,656 (0.4%)
  42,464/9,498,656 (0.4%)
  42,472/9,498,656 (0.4%)
  42,480/9,498,656 (0.4%)
  42,488/9,498,656 (0.4%)
  42,496/9,498,656 (0.4%)
  42,504/9,498,656 (0.4%)
  42,512/9,498,656 (0.4%)
  42,520/9,498,656 (0.4%)
  42,528/9,498,656 (0.4%)
  42,536/9,498,656 (0.4%)
  42,544/9,498,656 (0.4%)
  42,552/9,498,656 (0.4%)
  42,560/9,498,656 (0.4%)
  42,568/9,498,656 (0.4%)
  42,576/9,498,656 (0.4%)
  42,584/9,498,656 (0.4%)
  42,592/9,498,656 (0.4%)
  42,600/9,498,656 (0.4%)
  42,608/9,498,656 (0.4%)
  42,616/9,498,656 (0.4%)
  42,624/9,498,656 (0.4%)
  42,632/9,498,656 (0.4%)
  42,640/9,498,656 (0.4%)
  42,648/9,498,656 (0.4%)
  42,656/9,498,656 (0.4%)
  42,664/9,498,656 (0.4%)
  42,672/9,498,656 (0.4%)
  42,680/9,498,656 (0.4%)
  42,688/9,498,656 (0.4%)
  42,696/9,498,656 (0.4%)
  42,704/9,498,656 (0.4%)
  42,712/9,498,656 (0.4%)
  42,720/9,498,656 (0.4%)
  42,728/9,498,656 (0.4%)
  42,736/9,498,656 (0.4%)
  42,744/9,498,656 (0.5%)
  42,752/9,498,656 (0.5%)
  42,760/9,498,656 (0.5%)
  42,768/9,498,656 (0.5%)
  42,776/9,498,656 (0.5%)
  42,784/9,498,656 (0.5%)
  42,792/9,498,656 (0.5%)
  42,800/9,498,656 (0.5%)
  42,808/9,498,656 (0.5%)
  42,816/9,498,656 (0.5%)
  42,824/9,498,656 (0.5%)
  42,832/9,498,656 (0.5%)
  42,840/9,498,656 (0.5%)
  [checkpoint saved]
  42,848/9,498,656 (0.5%)
  42,856/9,498,656 (0.5%)
  42,864/9,498,656 (0.5%)
  42,872/9,498,656 (0.5%)
  42,880/9,498,656 (0.5%)
  42,888/9,498,656 (0.5%)
  42,896/9,498,656 (0.5%)
  42,904/9,498,656 (0.5%)
  42,912/9,498,656 (0.5%)
  42,920/9,498,656 (0.5%)
  42,928/9,498,656 (0.5%)
  42,936/9,498,656 (0.5%)
  42,944/9,498,656 (0.5%)
  42,952/9,498,656 (0.5%)
  42,960/9,498,656 (0.5%)
  42,968/9,498,656 (0.5%)
  42,976/9,498,656 (0.5%)
  42,984/9,498,656 (0.5%)
  42,992/9,498,656 (0.5%)
  43,000/9,498,656 (0.5%)
  43,008/9,498,656 (0.5%)
  43,016/9,498,656 (0.5%)
  43,024/9,498,656 (0.5%)
  43,032/9,498,656 (0.5%)
  43,040/9,498,656 (0.5%)
  43,048/9,498,656 (0.5%)
  43,056/9,498,656 (0.5%)
  43,064/9,498,656 (0.5%)
  43,072/9,498,656 (0.5%)
  43,080/9,498,656 (0.5%)
  43,088/9,498,656 (0.5%)
  43,096/9,498,656 (0.5%)
  43,104/9,498,656 (0.5%)
  43,112/9,498,656 (0.5%)
  43,120/9,498,656 (0.5%)
  43,128/9,498,656 (0.5%)
  43,136/9,498,656 (0.5%)
  43,144/9,498,656 (0.5%)
  43,152/9,498,656 (0.5%)
  43,160/9,498,656 (0.5%)
  43,168/9,498,656 (0.5%)
  43,176/9,498,656 (0.5%)
  43,184/9,498,656 (0.5%)
  43,192/9,498,656 (0.5%)
  43,200/9,498,656 (0.5%)
  43,208/9,498,656 (0.5%)
  43,216/9,498,656 (0.5%)
  43,224/9,498,656 (0.5%)
  43,232/9,498,656 (0.5%)
  43,240/9,498,656 (0.5%)
  43,248/9,498,656 (0.5%)
  43,256/9,498,656 (0.5%)
  43,264/9,498,656 (0.5%)
  43,272/9,498,656 (0.5%)
  43,280/9,498,656 (0.5%)
  43,288/9,498,656 (0.5%)
  43,296/9,498,656 (0.5%)
  43,304/9,498,656 (0.5%)
  43,312/9,498,656 (0.5%)
  43,320/9,498,656 (0.5%)
  43,328/9,498,656 (0.5%)
  43,336/9,498,656 (0.5%)
  43,344/9,498,656 (0.5%)
  [checkpoint saved]
  43,352/9,498,656 (0.5%)
  43,360/9,498,656 (0.5%)
  43,368/9,498,656 (0.5%)
  43,376/9,498,656 (0.5%)
  43,384/9,498,656 (0.5%)
  43,392/9,498,656 (0.5%)
  43,400/9,498,656 (0.5%)
  43,408/9,498,656 (0.5%)
  43,416/9,498,656 (0.5%)
  43,424/9,498,656 (0.5%)
  43,432/9,498,656 (0.5%)
  43,440/9,498,656 (0.5%)
  43,448/9,498,656 (0.5%)
  43,456/9,498,656 (0.5%)
  43,464/9,498,656 (0.5%)
  43,472/9,498,656 (0.5%)
  43,480/9,498,656 (0.5%)
  43,488/9,498,656 (0.5%)
  43,496/9,498,656 (0.5%)
  43,504/9,498,656 (0.5%)
  43,512/9,498,656 (0.5%)
  43,520/9,498,656 (0.5%)
  43,528/9,498,656 (0.5%)
  43,536/9,498,656 (0.5%)
  43,544/9,498,656 (0.5%)
  43,552/9,498,656 (0.5%)
  43,560/9,498,656 (0.5%)
  43,568/9,498,656 (0.5%)
  43,576/9,498,656 (0.5%)
  43,584/9,498,656 (0.5%)
  43,592/9,498,656 (0.5%)
  43,600/9,498,656 (0.5%)
  43,608/9,498,656 (0.5%)
  43,616/9,498,656 (0.5%)
  43,624/9,498,656 (0.5%)
  43,632/9,498,656 (0.5%)
  43,640/9,498,656 (0.5%)
  43,648/9,498,656 (0.5%)
  43,656/9,498,656 (0.5%)
  43,664/9,498,656 (0.5%)
  43,672/9,498,656 (0.5%)
  43,680/9,498,656 (0.5%)
  43,688/9,498,656 (0.5%)
  43,696/9,498,656 (0.5%)
  43,704/9,498,656 (0.5%)
  43,712/9,498,656 (0.5%)
  43,720/9,498,656 (0.5%)
  43,728/9,498,656 (0.5%)
  43,736/9,498,656 (0.5%)
  43,744/9,498,656 (0.5%)
  43,752/9,498,656 (0.5%)
  43,760/9,498,656 (0.5%)
  43,768/9,498,656 (0.5%)
  43,776/9,498,656 (0.5%)
  43,784/9,498,656 (0.5%)
  43,792/9,498,656 (0.5%)
  43,800/9,498,656 (0.5%)
  43,808/9,498,656 (0.5%)
  43,816/9,498,656 (0.5%)
  43,824/9,498,656 (0.5%)
  43,832/9,498,656 (0.5%)
  43,840/9,498,656 (0.5%)
  43,848/9,498,656 (0.5%)
  [checkpoint saved]
  43,856/9,498,656 (0.5%)
  43,864/9,498,656 (0.5%)
  43,872/9,498,656 (0.5%)
  43,880/9,498,656 (0.5%)
  43,888/9,498,656 (0.5%)
  43,896/9,498,656 (0.5%)
  43,904/9,498,656 (0.5%)
  43,912/9,498,656 (0.5%)
  43,920/9,498,656 (0.5%)
  43,928/9,498,656 (0.5%)
  43,936/9,498,656 (0.5%)
  43,944/9,498,656 (0.5%)
  43,952/9,498,656 (0.5%)
  43,960/9,498,656 (0.5%)
  43,968/9,498,656 (0.5%)
  43,976/9,498,656 (0.5%)
  43,984/9,498,656 (0.5%)
  43,992/9,498,656 (0.5%)
  44,000/9,498,656 (0.5%)
  44,008/9,498,656 (0.5%)
  44,016/9,498,656 (0.5%)
  44,024/9,498,656 (0.5%)
  44,032/9,498,656 (0.5%)
  44,040/9,498,656 (0.5%)
  44,048/9,498,656 (0.5%)
  44,056/9,498,656 (0.5%)
  44,064/9,498,656 (0.5%)
  44,072/9,498,656 (0.5%)
  44,080/9,498,656 (0.5%)
  44,088/9,498,656 (0.5%)
  44,096/9,498,656 (0.5%)
  44,104/9,498,656 (0.5%)
  44,112/9,498,656 (0.5%)
  44,120/9,498,656 (0.5%)
  44,128/9,498,656 (0.5%)
  44,136/9,498,656 (0.5%)
  44,144/9,498,656 (0.5%)
  44,152/9,498,656 (0.5%)
  44,160/9,498,656 (0.5%)
  44,168/9,498,656 (0.5%)
  44,176/9,498,656 (0.5%)
  44,184/9,498,656 (0.5%)
  44,192/9,498,656 (0.5%)
  44,200/9,498,656 (0.5%)
  44,208/9,498,656 (0.5%)
  44,216/9,498,656 (0.5%)
  44,224/9,498,656 (0.5%)
  44,232/9,498,656 (0.5%)
  44,240/9,498,656 (0.5%)
  44,248/9,498,656 (0.5%)
  44,256/9,498,656 (0.5%)
  44,264/9,498,656 (0.5%)
  44,272/9,498,656 (0.5%)
  44,280/9,498,656 (0.5%)
  44,288/9,498,656 (0.5%)
  44,296/9,498,656 (0.5%)
  44,304/9,498,656 (0.5%)
  44,312/9,498,656 (0.5%)
  44,320/9,498,656 (0.5%)
  44,328/9,498,656 (0.5%)
  44,336/9,498,656 (0.5%)
  44,344/9,498,656 (0.5%)
  44,352/9,498,656 (0.5%)
  [checkpoint saved]
  44,360/9,498,656 (0.5%)
  44,368/9,498,656 (0.5%)
  44,376/9,498,656 (0.5%)
  44,384/9,498,656 (0.5%)
  44,392/9,498,656 (0.5%)
  44,400/9,498,656 (0.5%)
  44,408/9,498,656 (0.5%)
  44,416/9,498,656 (0.5%)
  44,424/9,498,656 (0.5%)
  44,432/9,498,656 (0.5%)
  44,440/9,498,656 (0.5%)
  44,448/9,498,656 (0.5%)
  44,456/9,498,656 (0.5%)
  44,464/9,498,656 (0.5%)
  44,472/9,498,656 (0.5%)
  44,480/9,498,656 (0.5%)
  44,488/9,498,656 (0.5%)
  44,496/9,498,656 (0.5%)
  44,504/9,498,656 (0.5%)
  44,512/9,498,656 (0.5%)
  44,520/9,498,656 (0.5%)
  44,528/9,498,656 (0.5%)
  44,536/9,498,656 (0.5%)
  44,544/9,498,656 (0.5%)
  44,552/9,498,656 (0.5%)
  44,560/9,498,656 (0.5%)
  44,568/9,498,656 (0.5%)
  44,576/9,498,656 (0.5%)
  44,584/9,498,656 (0.5%)
  44,592/9,498,656 (0.5%)
  44,600/9,498,656 (0.5%)
  44,608/9,498,656 (0.5%)
  44,616/9,498,656 (0.5%)
  44,624/9,498,656 (0.5%)
  44,632/9,498,656 (0.5%)
  44,640/9,498,656 (0.5%)
  44,648/9,498,656 (0.5%)
  44,656/9,498,656 (0.5%)
  44,664/9,498,656 (0.5%)
  44,672/9,498,656 (0.5%)
  44,680/9,498,656 (0.5%)
  44,688/9,498,656 (0.5%)
  44,696/9,498,656 (0.5%)
  44,704/9,498,656 (0.5%)
  44,712/9,498,656 (0.5%)
  44,720/9,498,656 (0.5%)
  44,728/9,498,656 (0.5%)
  44,736/9,498,656 (0.5%)
  44,744/9,498,656 (0.5%)
  44,752/9,498,656 (0.5%)
  44,760/9,498,656 (0.5%)
  44,768/9,498,656 (0.5%)
  44,776/9,498,656 (0.5%)
  44,784/9,498,656 (0.5%)
  44,792/9,498,656 (0.5%)
  44,800/9,498,656 (0.5%)
  44,808/9,498,656 (0.5%)
  44,816/9,498,656 (0.5%)
  44,824/9,498,656 (0.5%)
  44,832/9,498,656 (0.5%)
  44,840/9,498,656 (0.5%)
  44,848/9,498,656 (0.5%)
  44,856/9,498,656 (0.5%)
  [checkpoint saved]
  44,864/9,498,656 (0.5%)
  44,872/9,498,656 (0.5%)
  44,880/9,498,656 (0.5%)
  44,888/9,498,656 (0.5%)
  44,896/9,498,656 (0.5%)
  44,904/9,498,656 (0.5%)
  44,912/9,498,656 (0.5%)
  44,920/9,498,656 (0.5%)
  44,928/9,498,656 (0.5%)
  44,936/9,498,656 (0.5%)
  44,944/9,498,656 (0.5%)
  44,952/9,498,656 (0.5%)
  44,960/9,498,656 (0.5%)
  44,968/9,498,656 (0.5%)
  44,976/9,498,656 (0.5%)
  44,984/9,498,656 (0.5%)
  44,992/9,498,656 (0.5%)
  45,000/9,498,656 (0.5%)
  45,008/9,498,656 (0.5%)
  45,016/9,498,656 (0.5%)
  45,024/9,498,656 (0.5%)
  45,032/9,498,656 (0.5%)
  45,040/9,498,656 (0.5%)
  45,048/9,498,656 (0.5%)
  45,056/9,498,656 (0.5%)
  45,064/9,498,656 (0.5%)
  45,072/9,498,656 (0.5%)
  45,080/9,498,656 (0.5%)
  45,088/9,498,656 (0.5%)
  45,096/9,498,656 (0.5%)
  45,104/9,498,656 (0.5%)
  45,112/9,498,656 (0.5%)
  45,120/9,498,656 (0.5%)
  45,128/9,498,656 (0.5%)
  45,136/9,498,656 (0.5%)
  45,144/9,498,656 (0.5%)
  45,152/9,498,656 (0.5%)
  45,160/9,498,656 (0.5%)
  45,168/9,498,656 (0.5%)
  45,176/9,498,656 (0.5%)
  45,184/9,498,656 (0.5%)
  45,192/9,498,656 (0.5%)
  45,200/9,498,656 (0.5%)
  45,208/9,498,656 (0.5%)
  45,216/9,498,656 (0.5%)
  45,224/9,498,656 (0.5%)
  45,232/9,498,656 (0.5%)
  45,240/9,498,656 (0.5%)
  45,248/9,498,656 (0.5%)
  45,256/9,498,656 (0.5%)
  45,264/9,498,656 (0.5%)
  45,272/9,498,656 (0.5%)
  45,280/9,498,656 (0.5%)
  45,288/9,498,656 (0.5%)
  45,296/9,498,656 (0.5%)
  45,304/9,498,656 (0.5%)
  45,312/9,498,656 (0.5%)
  45,320/9,498,656 (0.5%)
  45,328/9,498,656 (0.5%)
  45,336/9,498,656 (0.5%)
  45,344/9,498,656 (0.5%)
  45,352/9,498,656 (0.5%)
  45,360/9,498,656 (0.5%)
  [checkpoint saved]
  45,368/9,498,656 (0.5%)
  45,376/9,498,656 (0.5%)
  45,384/9,498,656 (0.5%)
  45,392/9,498,656 (0.5%)
  45,400/9,498,656 (0.5%)
  45,408/9,498,656 (0.5%)
  45,416/9,498,656 (0.5%)
  45,424/9,498,656 (0.5%)
  45,432/9,498,656 (0.5%)
  45,440/9,498,656 (0.5%)
  45,448/9,498,656 (0.5%)
  45,456/9,498,656 (0.5%)
  45,464/9,498,656 (0.5%)
  45,472/9,498,656 (0.5%)
  45,480/9,498,656 (0.5%)
  45,488/9,498,656 (0.5%)
  45,496/9,498,656 (0.5%)
  45,504/9,498,656 (0.5%)
  45,512/9,498,656 (0.5%)
  45,520/9,498,656 (0.5%)
  45,528/9,498,656 (0.5%)
  45,536/9,498,656 (0.5%)
  45,544/9,498,656 (0.5%)
  45,552/9,498,656 (0.5%)
  45,560/9,498,656 (0.5%)
  45,568/9,498,656 (0.5%)
  45,576/9,498,656 (0.5%)
  45,584/9,498,656 (0.5%)
  45,592/9,498,656 (0.5%)
  45,600/9,498,656 (0.5%)
  45,608/9,498,656 (0.5%)
  45,616/9,498,656 (0.5%)
  45,624/9,498,656 (0.5%)
  45,632/9,498,656 (0.5%)
  45,640/9,498,656 (0.5%)
  45,648/9,498,656 (0.5%)
  45,656/9,498,656 (0.5%)
  45,664/9,498,656 (0.5%)
  45,672/9,498,656 (0.5%)
  45,680/9,498,656 (0.5%)
  45,688/9,498,656 (0.5%)
  45,696/9,498,656 (0.5%)
  45,704/9,498,656 (0.5%)
  45,712/9,498,656 (0.5%)
  45,720/9,498,656 (0.5%)
  45,728/9,498,656 (0.5%)
  45,736/9,498,656 (0.5%)
  45,744/9,498,656 (0.5%)
  45,752/9,498,656 (0.5%)
  45,760/9,498,656 (0.5%)
  45,768/9,498,656 (0.5%)
  45,776/9,498,656 (0.5%)
  45,784/9,498,656 (0.5%)
  45,792/9,498,656 (0.5%)
  45,800/9,498,656 (0.5%)
  45,808/9,498,656 (0.5%)
  45,816/9,498,656 (0.5%)
  45,824/9,498,656 (0.5%)
  45,832/9,498,656 (0.5%)
  45,840/9,498,656 (0.5%)
  45,848/9,498,656 (0.5%)
  45,856/9,498,656 (0.5%)
  45,864/9,498,656 (0.5%)
  [checkpoint saved]
  45,872/9,498,656 (0.5%)
  45,880/9,498,656 (0.5%)
  45,888/9,498,656 (0.5%)
  45,896/9,498,656 (0.5%)
  45,904/9,498,656 (0.5%)
  45,912/9,498,656 (0.5%)
  45,920/9,498,656 (0.5%)
  45,928/9,498,656 (0.5%)
  45,936/9,498,656 (0.5%)
  45,944/9,498,656 (0.5%)
  45,952/9,498,656 (0.5%)
  45,960/9,498,656 (0.5%)
  45,968/9,498,656 (0.5%)
  45,976/9,498,656 (0.5%)
  45,984/9,498,656 (0.5%)
  45,992/9,498,656 (0.5%)
  46,000/9,498,656 (0.5%)
  46,008/9,498,656 (0.5%)
  46,016/9,498,656 (0.5%)
  46,024/9,498,656 (0.5%)
  46,032/9,498,656 (0.5%)
  46,040/9,498,656 (0.5%)
  46,048/9,498,656 (0.5%)
  46,056/9,498,656 (0.5%)
  46,064/9,498,656 (0.5%)
  46,072/9,498,656 (0.5%)
  46,080/9,498,656 (0.5%)
  46,088/9,498,656 (0.5%)
  46,096/9,498,656 (0.5%)
  46,104/9,498,656 (0.5%)
  46,112/9,498,656 (0.5%)
  46,120/9,498,656 (0.5%)
  46,128/9,498,656 (0.5%)
  46,136/9,498,656 (0.5%)
  46,144/9,498,656 (0.5%)
  46,152/9,498,656 (0.5%)
  46,160/9,498,656 (0.5%)
  46,168/9,498,656 (0.5%)
  46,176/9,498,656 (0.5%)
  46,184/9,498,656 (0.5%)
  46,192/9,498,656 (0.5%)
  46,200/9,498,656 (0.5%)
  46,208/9,498,656 (0.5%)
  46,216/9,498,656 (0.5%)
  46,224/9,498,656 (0.5%)
  46,232/9,498,656 (0.5%)
  46,240/9,498,656 (0.5%)
  46,248/9,498,656 (0.5%)
  46,256/9,498,656 (0.5%)
  46,264/9,498,656 (0.5%)
  46,272/9,498,656 (0.5%)
  46,280/9,498,656 (0.5%)
  46,288/9,498,656 (0.5%)
  46,296/9,498,656 (0.5%)
  46,304/9,498,656 (0.5%)
  46,312/9,498,656 (0.5%)
  46,320/9,498,656 (0.5%)
  46,328/9,498,656 (0.5%)
  46,336/9,498,656 (0.5%)
  46,344/9,498,656 (0.5%)
  46,352/9,498,656 (0.5%)
  46,360/9,498,656 (0.5%)
  46,368/9,498,656 (0.5%)
  [checkpoint saved]
  46,376/9,498,656 (0.5%)
  46,384/9,498,656 (0.5%)
  46,392/9,498,656 (0.5%)
  46,400/9,498,656 (0.5%)
  46,408/9,498,656 (0.5%)
  46,416/9,498,656 (0.5%)
  46,424/9,498,656 (0.5%)
  46,432/9,498,656 (0.5%)
  46,440/9,498,656 (0.5%)
  46,448/9,498,656 (0.5%)
  46,456/9,498,656 (0.5%)
  46,464/9,498,656 (0.5%)
  46,472/9,498,656 (0.5%)
  46,480/9,498,656 (0.5%)
  46,488/9,498,656 (0.5%)
  46,496/9,498,656 (0.5%)
  46,504/9,498,656 (0.5%)
  46,512/9,498,656 (0.5%)
  46,520/9,498,656 (0.5%)
  46,528/9,498,656 (0.5%)
  46,536/9,498,656 (0.5%)
  46,544/9,498,656 (0.5%)
  46,552/9,498,656 (0.5%)
  46,560/9,498,656 (0.5%)
  46,568/9,498,656 (0.5%)
  46,576/9,498,656 (0.5%)
  46,584/9,498,656 (0.5%)
  46,592/9,498,656 (0.5%)
  46,600/9,498,656 (0.5%)
  46,608/9,498,656 (0.5%)
  46,616/9,498,656 (0.5%)
  46,624/9,498,656 (0.5%)
  46,632/9,498,656 (0.5%)
  46,640/9,498,656 (0.5%)
  46,648/9,498,656 (0.5%)
  46,656/9,498,656 (0.5%)
  46,664/9,498,656 (0.5%)
  46,672/9,498,656 (0.5%)
  46,680/9,498,656 (0.5%)
  46,688/9,498,656 (0.5%)
  46,696/9,498,656 (0.5%)
  46,704/9,498,656 (0.5%)
  46,712/9,498,656 (0.5%)
  46,720/9,498,656 (0.5%)
  46,728/9,498,656 (0.5%)
  46,736/9,498,656 (0.5%)
  46,744/9,498,656 (0.5%)
  46,752/9,498,656 (0.5%)
  46,760/9,498,656 (0.5%)
  46,768/9,498,656 (0.5%)
  46,776/9,498,656 (0.5%)
  46,784/9,498,656 (0.5%)
  46,792/9,498,656 (0.5%)
  46,800/9,498,656 (0.5%)
  46,808/9,498,656 (0.5%)
  46,816/9,498,656 (0.5%)
  46,824/9,498,656 (0.5%)
  46,832/9,498,656 (0.5%)
  46,840/9,498,656 (0.5%)
  46,848/9,498,656 (0.5%)
  46,856/9,498,656 (0.5%)
  46,864/9,498,656 (0.5%)
  46,872/9,498,656 (0.5%)
  [checkpoint saved]
  46,880/9,498,656 (0.5%)
  46,888/9,498,656 (0.5%)
  46,896/9,498,656 (0.5%)
  46,904/9,498,656 (0.5%)
  46,912/9,498,656 (0.5%)
  46,920/9,498,656 (0.5%)
  46,928/9,498,656 (0.5%)
  46,936/9,498,656 (0.5%)
  46,944/9,498,656 (0.5%)
  46,952/9,498,656 (0.5%)
  46,960/9,498,656 (0.5%)
  46,968/9,498,656 (0.5%)
  46,976/9,498,656 (0.5%)
  46,984/9,498,656 (0.5%)
  46,992/9,498,656 (0.5%)
  47,000/9,498,656 (0.5%)
  47,008/9,498,656 (0.5%)
  47,016/9,498,656 (0.5%)
  47,024/9,498,656 (0.5%)
  47,032/9,498,656 (0.5%)
  47,040/9,498,656 (0.5%)
  47,048/9,498,656 (0.5%)
  47,056/9,498,656 (0.5%)
  47,064/9,498,656 (0.5%)
  47,072/9,498,656 (0.5%)
  47,080/9,498,656 (0.5%)
  47,088/9,498,656 (0.5%)
  47,096/9,498,656 (0.5%)
  47,104/9,498,656 (0.5%)
  47,112/9,498,656 (0.5%)
  47,120/9,498,656 (0.5%)
  47,128/9,498,656 (0.5%)
  47,136/9,498,656 (0.5%)
  47,144/9,498,656 (0.5%)
  47,152/9,498,656 (0.5%)
  47,160/9,498,656 (0.5%)
  47,168/9,498,656 (0.5%)
  47,176/9,498,656 (0.5%)
  47,184/9,498,656 (0.5%)
  47,192/9,498,656 (0.5%)
  47,200/9,498,656 (0.5%)
  47,208/9,498,656 (0.5%)
  47,216/9,498,656 (0.5%)
  47,224/9,498,656 (0.5%)
  47,232/9,498,656 (0.5%)
  47,240/9,498,656 (0.5%)
  47,248/9,498,656 (0.5%)
  47,256/9,498,656 (0.5%)
  47,264/9,498,656 (0.5%)
  47,272/9,498,656 (0.5%)
  47,280/9,498,656 (0.5%)
  47,288/9,498,656 (0.5%)
  47,296/9,498,656 (0.5%)
  47,304/9,498,656 (0.5%)
  47,312/9,498,656 (0.5%)
  47,320/9,498,656 (0.5%)
  47,328/9,498,656 (0.5%)
  47,336/9,498,656 (0.5%)
  47,344/9,498,656 (0.5%)
  47,352/9,498,656 (0.5%)
  47,360/9,498,656 (0.5%)
  47,368/9,498,656 (0.5%)
  47,376/9,498,656 (0.5%)
  [checkpoint saved]
  47,384/9,498,656 (0.5%)
  47,392/9,498,656 (0.5%)
  47,400/9,498,656 (0.5%)
  47,408/9,498,656 (0.5%)
  47,416/9,498,656 (0.5%)
  47,424/9,498,656 (0.5%)
  47,432/9,498,656 (0.5%)
  47,440/9,498,656 (0.5%)
  47,448/9,498,656 (0.5%)
  47,456/9,498,656 (0.5%)
  47,464/9,498,656 (0.5%)
  47,472/9,498,656 (0.5%)
  47,480/9,498,656 (0.5%)
  47,488/9,498,656 (0.5%)
  47,496/9,498,656 (0.5%)
  47,504/9,498,656 (0.5%)
  47,512/9,498,656 (0.5%)
  47,520/9,498,656 (0.5%)
  47,528/9,498,656 (0.5%)
  47,536/9,498,656 (0.5%)
  47,544/9,498,656 (0.5%)
  47,552/9,498,656 (0.5%)
  47,560/9,498,656 (0.5%)
  47,568/9,498,656 (0.5%)
  47,576/9,498,656 (0.5%)
  47,584/9,498,656 (0.5%)
  47,592/9,498,656 (0.5%)
  47,600/9,498,656 (0.5%)
  47,608/9,498,656 (0.5%)
  47,616/9,498,656 (0.5%)
  47,624/9,498,656 (0.5%)
  47,632/9,498,656 (0.5%)
  47,640/9,498,656 (0.5%)
  47,648/9,498,656 (0.5%)
  47,656/9,498,656 (0.5%)
  47,664/9,498,656 (0.5%)
  47,672/9,498,656 (0.5%)
  47,680/9,498,656 (0.5%)
  47,688/9,498,656 (0.5%)
  47,696/9,498,656 (0.5%)
  47,704/9,498,656 (0.5%)
  47,712/9,498,656 (0.5%)
  47,720/9,498,656 (0.5%)
  47,728/9,498,656 (0.5%)
  47,736/9,498,656 (0.5%)
  47,744/9,498,656 (0.5%)
  47,752/9,498,656 (0.5%)
  47,760/9,498,656 (0.5%)
  47,768/9,498,656 (0.5%)
  47,776/9,498,656 (0.5%)
  47,784/9,498,656 (0.5%)
  47,792/9,498,656 (0.5%)
  47,800/9,498,656 (0.5%)
  47,808/9,498,656 (0.5%)
  47,816/9,498,656 (0.5%)
  47,824/9,498,656 (0.5%)
  47,832/9,498,656 (0.5%)
  47,840/9,498,656 (0.5%)
  47,848/9,498,656 (0.5%)
  47,856/9,498,656 (0.5%)
  47,864/9,498,656 (0.5%)
  47,872/9,498,656 (0.5%)
  47,880/9,498,656 (0.5%)
  [checkpoint saved]
  47,888/9,498,656 (0.5%)
  47,896/9,498,656 (0.5%)
  47,904/9,498,656 (0.5%)
  47,912/9,498,656 (0.5%)
  47,920/9,498,656 (0.5%)
  47,928/9,498,656 (0.5%)
  47,936/9,498,656 (0.5%)
  47,944/9,498,656 (0.5%)
  47,952/9,498,656 (0.5%)
  47,960/9,498,656 (0.5%)
  47,968/9,498,656 (0.5%)
  47,976/9,498,656 (0.5%)
  47,984/9,498,656 (0.5%)
  47,992/9,498,656 (0.5%)
  48,000/9,498,656 (0.5%)
  48,008/9,498,656 (0.5%)
  48,016/9,498,656 (0.5%)
  48,024/9,498,656 (0.5%)
  48,032/9,498,656 (0.5%)
  48,040/9,498,656 (0.5%)
  48,048/9,498,656 (0.5%)
  48,056/9,498,656 (0.5%)
  48,064/9,498,656 (0.5%)
  48,072/9,498,656 (0.5%)
  48,080/9,498,656 (0.5%)
  48,088/9,498,656 (0.5%)
  48,096/9,498,656 (0.5%)
  48,104/9,498,656 (0.5%)
  48,112/9,498,656 (0.5%)
  48,120/9,498,656 (0.5%)
  48,128/9,498,656 (0.5%)
  48,136/9,498,656 (0.5%)
  48,144/9,498,656 (0.5%)
  48,152/9,498,656 (0.5%)
  48,160/9,498,656 (0.5%)
  48,168/9,498,656 (0.5%)
  48,176/9,498,656 (0.5%)
  48,184/9,498,656 (0.5%)
  48,192/9,498,656 (0.5%)
  48,200/9,498,656 (0.5%)
  48,208/9,498,656 (0.5%)
  48,216/9,498,656 (0.5%)
  48,224/9,498,656 (0.5%)
  48,232/9,498,656 (0.5%)
  48,240/9,498,656 (0.5%)
  48,248/9,498,656 (0.5%)
  48,256/9,498,656 (0.5%)
  48,264/9,498,656 (0.5%)
  48,272/9,498,656 (0.5%)
  48,280/9,498,656 (0.5%)
  48,288/9,498,656 (0.5%)
  48,296/9,498,656 (0.5%)
  48,304/9,498,656 (0.5%)
  48,312/9,498,656 (0.5%)
  48,320/9,498,656 (0.5%)
  48,328/9,498,656 (0.5%)
  48,336/9,498,656 (0.5%)
  48,344/9,498,656 (0.5%)
  48,352/9,498,656 (0.5%)
  48,360/9,498,656 (0.5%)
  48,368/9,498,656 (0.5%)
  48,376/9,498,656 (0.5%)
  48,384/9,498,656 (0.5%)
  [checkpoint saved]
  48,392/9,498,656 (0.5%)
  48,400/9,498,656 (0.5%)
  48,408/9,498,656 (0.5%)
  48,416/9,498,656 (0.5%)
  48,424/9,498,656 (0.5%)
  48,432/9,498,656 (0.5%)
  48,440/9,498,656 (0.5%)
  48,448/9,498,656 (0.5%)
  48,456/9,498,656 (0.5%)
  48,464/9,498,656 (0.5%)
  48,472/9,498,656 (0.5%)
  48,480/9,498,656 (0.5%)
  48,488/9,498,656 (0.5%)
  48,496/9,498,656 (0.5%)
  48,504/9,498,656 (0.5%)
  48,512/9,498,656 (0.5%)
  48,520/9,498,656 (0.5%)
  48,528/9,498,656 (0.5%)
  48,536/9,498,656 (0.5%)
  48,544/9,498,656 (0.5%)
  48,552/9,498,656 (0.5%)
  48,560/9,498,656 (0.5%)
  48,568/9,498,656 (0.5%)
  48,576/9,498,656 (0.5%)
  48,584/9,498,656 (0.5%)
  48,592/9,498,656 (0.5%)
  48,600/9,498,656 (0.5%)
  48,608/9,498,656 (0.5%)
  48,616/9,498,656 (0.5%)
  48,624/9,498,656 (0.5%)
  48,632/9,498,656 (0.5%)
  48,640/9,498,656 (0.5%)
  48,648/9,498,656 (0.5%)
  48,656/9,498,656 (0.5%)
  48,664/9,498,656 (0.5%)
  48,672/9,498,656 (0.5%)
  48,680/9,498,656 (0.5%)
  48,688/9,498,656 (0.5%)
  48,696/9,498,656 (0.5%)
  48,704/9,498,656 (0.5%)
  48,712/9,498,656 (0.5%)
  48,720/9,498,656 (0.5%)
  48,728/9,498,656 (0.5%)
  48,736/9,498,656 (0.5%)
  48,744/9,498,656 (0.5%)
  48,752/9,498,656 (0.5%)
  48,760/9,498,656 (0.5%)
  48,768/9,498,656 (0.5%)
  48,776/9,498,656 (0.5%)
  48,784/9,498,656 (0.5%)
  48,792/9,498,656 (0.5%)
  48,800/9,498,656 (0.5%)
  48,808/9,498,656 (0.5%)
  48,816/9,498,656 (0.5%)
  48,824/9,498,656 (0.5%)
  48,832/9,498,656 (0.5%)
  48,840/9,498,656 (0.5%)
  48,848/9,498,656 (0.5%)
  48,856/9,498,656 (0.5%)
  48,864/9,498,656 (0.5%)
  48,872/9,498,656 (0.5%)
  48,880/9,498,656 (0.5%)
  48,888/9,498,656 (0.5%)
